0,135.900815
0.29011,135.900815
0.58011,135.90048
0.8701187,135.900256
1.1501523,135.89992
1.4401344,135.899846
1.7400702,135.899622
2.0201359,135.899361
2.3201091,135.898951
2.6001361,135.898615
2.9001242,135.898428
3.1901128,135.898018
3.4901245,135.897496
3.7901199,135.89716
4.0901223,135.896676
4.3801222,135.896601
4.6701293,135.896377
4.9601179,135.896079
5.230122,135.89593
5.5301241,135.895594
5.8199906,135.895594
6.1100677,135.895109
6.4000878,135.894848
6.6801136,135.894512
6.9700962,135.893804
7.2601159,135.893841
7.5601208,135.893207
7.8501178,135.89317
8.1301172,135.892685
8.4101132,135.892536
8.7101235,135.892424
8.9901124,135.892125
9.2801175,135.892088
9.5701121,135.891715
9.8601198,135.891752
10.1300848,135.891902
10.4300964,135.891044
10.7201116,135.891118
11.0101169,135.890745
11.300122,135.890596
11.5901019,135.890522
11.8800267,135.891044
12.1601159,135.890484
12.4501088,135.890037
12.7299838,135.889738
13.0201127,135.88888
13.320113,135.888358
13.6101257,135.887836
13.8901013,135.887836
14.160126,135.887463
14.4401114,135.88668
14.7301089,135.886009
15.0100983,135.884815
15.3001173,135.884368
15.5801058,135.883472
15.8599809,135.881346
16.1301116,135.879407
16.4100852,135.80899
16.7001122,135.741819
16.9901194,135.68964
17.2700996,135.675169
17.5401104,135.697547
17.8300788,135.509981
18.1201066,135.397531
18.4200766,135.327525
18.7200985,135.287393
19.0001113,135.235812
19.2801036,135.169647
19.5601177,135.14022
19.8601071,134.797983
20.1301159,134.505538
20.4301175,134.518368
20.720088,134.582631
21.0001181,134.606314
21.2801252,134.559469
21.5500793,134.526089
21.8401001,134.466041
22.1101097,134.344378
22.40012,134.282353
22.6900995,133.792943
22.9700698,133.57636
23.2501038,133.472563
23.5401113,133.493225
23.8400878,133.507174
24.1401067,133.353847
24.4201068,133.148602
24.7101034,132.920046
24.9900984,132.908484
25.2801135,132.793833
25.560091,132.647555
25.8601062,132.5658
26.1499715,132.608766
26.4401041,132.554052
26.73009,132.304983
27.0101045,132.191264
27.3100936,132.170863
27.5901033,132.070124
27.8601034,131.934736
28.1500957,131.696857
28.4300829,131.641545
28.7207315,131.666609
29.0007183,131.634944
29.2807094,131.516116
29.5609639,131.454874
29.8412186,131.48046
30.1112122,131.507575
30.4012212,131.35048
30.6914575,131.013092
30.9714544,130.669774
31.2613377,130.791698
31.541476,130.930368
31.8414387,131.175147
32.1314608,131.254851
32.4314615,131.29487
32.7114318,131.241014
33.0014775,131.156312
33.291464,131.016374
33.5814684,130.387175
33.8814695,130.229372
34.1814676,130.226165
34.4514743,130.319519
34.7413302,130.457107
35.0314639,130.677569
35.3314475,130.795539
35.6214485,131.085187
35.9114561,131.137216
36.2014557,131.186187
36.4914404,131.180071
36.7914738,131.187716
37.0714485,131.213712
37.3514445,131.199241
37.6414623,131.179586
37.9414539,131.177385
38.2314682,131.192117
38.5214558,131.202672
38.8014291,131.211661
39.0813224,131.220388
39.3714582,131.217778
39.6514599,131.205134
39.9314627,131.19939
40.2114645,131.19249
40.4914614,131.184845
40.7814534,131.182308
41.0714483,131.174252
41.3414501,131.16601
41.6214479,131.155417
41.9214683,131.132853
42.2114454,131.123454
42.5014521,131.110064
42.8014551,131.102717
43.0814402,131.096675
43.3614478,131.096376
43.6614535,131.092945
43.9614757,131.091117
44.2414451,131.088618
44.5313939,131.085635
44.8514435,131.084665
45.1414475,131.082464
45.4214661,131.081905
45.7214384,131.078623
46.041417,131.078213
46.3214527,131.07687
46.6014572,131.076945
46.8814659,131.0759
47.171453,131.075303
47.4613197,131.075005
47.751444,131.073998
48.0414507,131.074408
48.3214346,131.074035
48.6014257,131.074259
48.891413,131.073662
49.1614468,131.073252
49.4514511,131.073364
49.7414394,131.072767
50.0414411,131.073401
50.3314554,131.072655
50.6314515,131.072469
50.91145,131.07314
51.2014356,131.072693
51.5014385,131.073103
51.7914224,131.073401
52.0813134,131.072506
52.361446,131.072879
52.6614411,131.071648
52.9414573,131.072357
53.2314505,131.072805
53.5214337,131.072171
53.8214317,131.072171
54.111437,131.071984
54.4014499,131.071201
54.7014446,131.071275
54.9914287,131.071238
55.2714088,131.071238
55.5514369,131.071798
55.851439,131.070977
56.1314511,131.071462
56.4214373,131.071313
56.7314177,131.071201
57.0114078,131.071798
57.3013944,131.070641
57.5814288,131.070902
57.8614329,131.07038
58.1714299,131.070045
58.4414583,131.070679
58.7314038,131.070157
59.0114319,131.070604
59.291435,131.070268
59.5714254,131.069746
59.871404,131.070157
60.1614036,131.069933
60.4514374,131.070343
60.7414289,131.07038
61.0313092,131.06956
61.3214179,131.069895
61.6014382,131.069746
61.9014382,131.069895
62.2114419,131.068926
62.4914313,131.069261
62.7914438,131.068851
63.0814254,131.069485
63.3714416,131.069187
63.6614374,131.068739
63.9814447,131.069224
64.2714409,131.068478
64.5314349,131.069
64.8214268,131.068366
65.1113052,131.068105
65.4014304,131.068702
65.6814413,131.068142
65.9714272,131.068627
66.2614147,131.068105
66.5414041,131.067956
66.8314245,131.06818
67.1114296,131.067583
67.4114454,131.068217
67.71144,131.067732
68.0014287,131.067732
68.301411,131.068031
68.5814122,131.067397
68.8814247,131.067397
69.1714385,131.066949
69.4614436,131.066427
69.7614223,131.06721
70.0414127,131.066651
70.3314264,131.066613
70.6114124,131.066725
70.9114257,131.066576
71.221366,131.065942
71.5212989,131.066688
71.8114158,131.066576
72.1014264,131.066613
72.391425,131.067173
72.6814309,131.066464
72.9814237,131.066278
73.261417,131.065457
73.5614094,131.06542
73.8514245,131.065905
74.1714228,131.065569
74.4512937,131.065793
74.7614223,131.065345
75.0512956,131.06501
75.3513953,131.065345
75.6412867,131.064935
75.9512905,131.064935
76.2413903,131.065569
76.5613911,131.064972
76.8414235,131.064898
77.1214152,131.064264
77.4114152,131.063891
77.7114148,131.064114
78.011396,131.063928
78.2914268,131.064301
78.5914117,131.063518
78.8813846,131.064003
79.1914185,131.063592
79.4714198,131.064077
79.7614207,131.063331
80.061418,131.06363
80.3514265,131.06348
80.6512863,131.062996
80.9414132,131.063704
81.2112863,131.062921
81.511286,131.063033
81.8112893,131.063107
82.1113185,131.062361
82.3913837,131.062809
82.7014082,131.062361
82.9914169,131.061951
83.2814108,131.062026
83.5614167,131.061243
83.8414221,131.061914
84.1614205,131.061802
84.4514234,131.061616
84.7814138,131.061616
85.0913813,131.061243
85.3713909,131.060459
85.6514147,131.060422
85.9614055,131.059639
86.2414105,131.060347
86.5414017,131.059825
86.8414154,131.059639
87.1314035,131.058445
87.4213544,131.059154
87.7413792,131.059154
88.0212786,131.059229
88.3414037,131.059564
88.6213809,131.05893
88.9114079,131.059452
89.2014082,131.058856
89.4914087,131.058222
89.7814105,131.058632
90.0613949,131.058072
90.3614122,131.058222
90.6513878,131.058818
90.9613931,131.058893
91.2414005,131.059601
91.5114088,131.058632
91.8013381,131.058594
92.1012771,131.058706
92.4014257,131.058483
92.6813872,131.058818
92.9814038,131.05811
93.2614192,131.057476
93.5814135,131.057401
93.8713988,131.056991
94.1813478,131.05673
94.4514122,131.057289
94.7914035,131.05658
95.0813342,131.056618
95.3616244,131.055797
95.6618729,131.055797
95.9521245,131.05617
96.2521387,131.055611
96.5421305,131.055946
96.8421302,131.056431
97.1221373,131.055835
97.4423369,131.055499
97.7323458,131.056058
98.032332,131.055723
98.3223528,131.055387
98.6023338,131.055387
98.8923411,131.05438
99.1723264,131.055014
99.4923307,131.054865
99.7723488,131.054268
100.0823494,131.054977
100.3723521,131.054231
100.6823205,131.054343
100.9623288,131.054455
101.2523256,131.054193
101.542321,131.05438
101.8323256,131.053746
102.1323243,131.053298
102.4223293,131.053075
102.7223332,131.053
102.9923291,131.053522
103.3023384,131.053634
103.6022011,131.053261
103.912329,131.053448
104.202338,131.053037
104.5223067,131.052179
104.8123466,131.052702
105.1222618,131.052478
105.4223071,131.052925
105.732335,131.05259
106.0125532,131.051806
106.3327969,131.051508
106.6328054,131.052068
106.9527355,131.052291
107.2527583,131.051844
107.5527152,131.051508
107.8428011,131.051023
108.1628051,131.051098
108.442794,131.051732
108.7627873,131.051247
109.0427859,131.051023
109.3328023,131.050501
109.632771,131.049755
109.9127849,131.05024
110.222795,131.04983
110.5127946,131.04983
110.8427954,131.050016
111.1228068,131.049308
111.4528077,131.049158
111.7228009,131.049755
112.0430336,131.049494
112.3232808,131.050203
112.6432728,131.049233
112.9232718,131.04789
113.2232793,131.047517
113.5131524,131.047107
113.8232775,131.047144
114.1032827,131.048002
114.4232605,131.047555
114.7031489,131.047443
114.9732612,131.047144
115.2731465,131.047032
115.58355,131.047816
115.8846816,131.047144
116.1643375,131.046883
116.4743414,131.045988
116.7543407,131.046883
117.0543386,131.046286
117.3443275,131.0461
117.6743362,131.0461
117.9543451,131.045466
118.2843289,131.045317
118.5742094,131.045317
118.8643368,131.044459
119.1443361,131.04513
119.4243248,131.044086
119.7243361,131.044272
120.0143421,131.044459
120.3043342,131.043452
120.5843485,131.04375
120.8743289,131.043079
121.1743398,131.043415
121.4443046,131.04334
121.7443461,131.04334
122.0343337,131.043713
122.3243442,131.043974
122.6143448,131.043303
122.9043439,131.04334
123.1843391,131.042743
123.4843315,131.043042
123.7743093,131.043154
124.0543032,131.042818
124.3543209,131.043079
124.6343189,131.042557
124.9243055,131.041736
125.2043258,131.04114
125.4842042,131.041251
125.7943154,131.041102
126.074334,131.041438
126.3842719,131.041699
126.6743307,131.040729
126.9643282,131.040617
127.2443313,131.040692
127.5243269,131.041102
127.8243207,131.041475
128.1142782,131.040282
128.4043303,131.039648
128.6943187,131.039909
128.9743314,131.040207
129.2643062,131.040804
129.5443196,131.040207
129.8343086,131.040431
130.1243314,131.040431
130.4241997,131.039797
130.7043357,131.040207
130.984324,131.039312
131.2843244,131.039349
131.5743512,131.039237
131.8643222,131.03879
132.1543114,131.039424
132.4444341,131.039797
132.7345786,131.038976
133.0245604,131.039275
133.32456,131.038939
133.6145593,131.039125
133.9245711,131.037298
134.2145775,131.037932
134.504562,131.038081
134.7945652,131.038491
135.0845603,131.038491
135.3645646,131.036962
135.6445295,131.037149
135.9545378,131.036813
136.2445588,131.037149
136.5445723,131.037708
136.8245636,131.037
137.114561,131.03741
137.3945393,131.037447
137.6845729,131.037298
137.9845517,131.037074
138.2845642,131.036403
138.5745443,131.035657
138.854428,131.035396
139.1453032,131.034948
139.4350822,131.035508
139.7350594,131.035582
140.0150726,131.035172
140.3050741,131.035582
140.605077,131.034836
140.8849622,131.035545
141.1750837,131.035545
141.4750625,131.034762
141.7750902,131.034762
142.0450635,131.03465
142.325072,131.033904
142.6250668,131.033494
142.9150642,131.033941
143.1950761,131.033344
143.4750806,131.033643
143.76508,131.032822
144.0550435,131.0323
144.3350732,131.032934
144.6250835,131.032934
144.9050747,131.033456
145.2050654,131.0323
145.4850738,131.031219
145.7550571,131.031554
146.0450734,131.030584
146.3450671,131.030771
146.6650625,131.031181
146.9450783,131.030696
147.2350739,131.030995
147.5150634,131.031107
147.7949412,131.030808
148.0950226,131.030286
148.3750564,131.029242
148.6650554,131.029093
148.9450584,131.028757
149.2250524,131.028906
149.5150689,131.029428
149.8350654,131.028906
150.1250535,131.029205
150.3950678,131.029205
150.6850763,131.028943
150.9650623,131.029242
151.2550518,131.028384
151.575031,131.028421
151.8850644,131.027452
152.1749952,131.027825
152.4550328,131.026967
152.7650721,131.027377
153.0450799,131.027787
153.325033,131.027377
153.62505,131.028048
153.9250611,131.027862
154.20501,131.027414
154.475059,131.027563
154.765088,131.026743
155.0549331,131.027302
155.3450653,131.026668
155.6250712,131.026183
155.9150507,131.026482
156.1950569,131.025885
156.5150257,131.025624
156.8050517,131.02637
157.0850653,131.026109
157.3750625,131.026519
157.665033,131.026072
157.9550646,131.02596
158.2250541,131.026146
158.5150476,131.025549
158.8050489,131.025773
159.0850542,131.024841
159.3750477,131.024468
159.655052,131.025065
159.9450641,131.024915
160.2450492,131.025176
160.525082,131.024207
160.8150286,131.024095
161.0950287,131.02458
161.3950384,131.024281
161.6850514,131.023871
162.0050537,131.023796
162.2850483,131.023573
162.5749332,131.022752
162.8950576,131.02264
163.1850548,131.021782
163.4850513,131.022006
163.7850589,131.022566
164.0650445,131.022603
164.3550526,131.023349
164.6650412,131.023685
164.9350465,131.022603
165.2350077,131.022118
165.5250349,131.022043
165.8150474,131.022379
166.1050512,131.022118
166.3950261,131.021111
166.7050481,131.021745
166.9850558,131.021447
167.2850422,131.021409
167.5750169,131.022267
167.874979,131.021857
168.1650514,131.021484
168.4749898,131.020775
168.755046,131.019545
169.0350449,131.019694
169.3350519,131.019022
169.6050613,131.019022
169.9250461,131.019507
170.2050504,131.018724
170.4966584,131.018239
170.786716,131.01809
171.0666892,131.018277
171.3467209,131.018388
171.6167125,131.018985
171.9167028,131.018873
172.2067197,131.018538
172.5267203,131.018463
172.8067185,131.017792
173.0766668,131.018053
173.3667123,131.017829
173.6467319,131.017904
173.9466737,131.018799
174.2166941,131.017754
174.4966968,131.018239
174.7967017,131.01768
175.0866895,131.017605
175.3867026,131.017792
175.6666984,131.017195
175.9974325,131.016561
176.3074195,131.017046
176.6074208,131.017158
176.8973992,131.017381
177.187427,131.016897
177.4774375,131.015852
177.7673945,131.015964
178.0673995,131.015703
178.347439,131.016151
178.6374384,131.015927
178.9276415,131.015778
179.2176493,131.016151
179.497582,131.015852
179.7776308,131.015293
180.0776296,131.015479
180.3676573,131.015628
180.6376514,131.015069
180.9376454,131.015293
181.2176576,131.014771
181.5076633,131.014323
181.7976397,131.014696
182.1076463,131.014025
182.3876387,131.014398
182.6876428,131.014025
182.9676058,131.013204
183.2276368,131.013503
183.5176326,131.01257
183.7976353,131.01313
184.1076468,131.012719
184.3776292,131.012346
184.687645,131.012757
184.9876504,131.012719
185.2876547,131.013428
185.577637,131.013204
185.8676377,131.013018
186.1676487,131.013241
186.4476463,131.012645
186.7576421,131.011973
187.0276507,131.01257
187.2976464,131.012234
187.5976264,131.01216
187.8776344,131.011488
188.1676269,131.010743
188.4476263,131.01037
188.7476445,131.009997
189.0576419,131.0094
189.3476411,131.010892
189.6276088,131.01175
189.9176044,131.012831
190.2176487,131.013018
190.497634,131.012719
190.7876115,131.012197
191.0776458,131.012831
191.3476181,131.01216
191.6376199,131.011973
191.9276379,131.011078
192.2276305,131.010108
192.5076373,131.010519
192.8076232,131.010034
193.0876207,131.009922
193.3576415,131.009922
193.6576315,131.0094
193.9476309,131.009885
194.2376363,131.009586
194.517631,131.009176
194.8276334,131.008766
195.1076015,131.007498
195.3876547,131.007945
195.7076239,131.00608
196.0276324,131.002313
196.3076449,131.001493
196.5974996,130.999069
196.9275998,130.99601
197.2075034,130.994929
197.5075971,130.993362
197.7876325,130.993399
198.0976134,130.992803
198.387617,130.993511
198.6876331,130.994891
198.9774999,130.995339
199.2775792,130.993511
199.5476245,130.99284
199.8376264,130.993213
200.1576095,130.990304
200.4376224,130.990267
200.7476413,130.988737
201.0276067,130.986835
201.3176501,130.98635
201.5976176,130.986388
201.8976129,130.985045
202.217615,130.985306
202.5276151,130.986276
202.8075579,130.986947
203.0976285,130.987134
203.3876145,130.986052
203.6676311,130.98635
203.9876165,130.985269
204.267624,130.983926
204.5676105,130.984262
204.8476254,130.984448
205.1676243,130.985045
205.4575954,130.985567
205.7875779,130.984113
206.0776261,130.984672
206.3776171,130.984262
206.66763,130.983665
206.9776113,130.983553
207.2476131,130.983702
207.5476132,130.982434
207.8576318,130.982621
208.1476047,130.982956
208.4776088,130.982733
208.7877564,130.980234
209.0676344,130.988849
209.3577631,130.972662
209.6577691,130.976952
209.9877425,131.00194
210.2577603,130.990229
210.5377661,130.968448
210.8677572,130.984113
211.1277666,130.993661
211.427768,130.987656
211.7177642,130.991908
212.0077674,130.982583
212.2977147,130.979674
212.6177352,130.985642
212.8976379,130.983329
213.1877251,130.983553
213.477738,130.983478
213.7777716,130.983329
214.0877563,130.983217
214.377763,130.982956
214.7079716,130.982546
214.9882527,130.982285
215.3382482,130.981614
215.6582506,130.983031
215.9382365,130.982285
216.2582202,130.982882
216.5382481,130.982248
216.8282257,130.982733
217.1285074,130.968336
217.4185008,130.98098
217.7484924,130.981763
218.0684899,130.981203
218.3586028,130.981315
218.6687462,130.981576
218.9586479,130.981241
219.2387353,130.981054
219.5387307,130.981278
219.8187337,130.980644
220.1286016,130.978443
220.4087299,130.977436
220.7287313,130.973334
221.0087416,130.971282
221.3186827,130.970052
221.5987027,130.969529
221.8887039,130.969679
222.1887023,130.970387
222.4787287,130.970126
222.7987351,130.96938
223.1287236,130.969567
223.3987327,130.969492
223.6887214,130.969045
224.0087324,130.968858
224.32874,130.967478
224.6087306,130.967105
224.9287183,130.965912
225.2087352,130.96442
225.538703,130.963152
225.8187367,130.963487
226.1487201,130.96345
226.4387211,130.962891
226.7487281,130.962182
227.0387294,130.961846
227.318729,130.961585
227.6287178,130.960578
227.9186922,130.960056
228.2587319,130.958266
228.5887319,130.957594
228.8687188,130.957333
229.1687242,130.956587
229.4587338,130.956587
229.7687239,130.956438
230.0587078,130.956103
230.338725,130.955618
230.6686902,130.955953
230.9887211,130.955916
231.2587178,130.955879
231.5785903,130.955282
231.8789651,130.954723
232.1991508,130.954126
232.4792504,130.953939
232.7694756,130.953827
233.0794837,130.953044
233.4094577,130.952522
233.6894955,130.952224
234.0099243,130.951739
234.2904855,130.951702
234.5804899,130.951515
234.8904789,130.950956
235.1804707,130.95062
235.4804805,130.950284
235.8204912,130.949911
236.1004837,130.949538
236.3904001,130.94924
236.7004716,130.948457
237.0304634,130.948196
237.3204704,130.948009
237.6303589,130.947636
237.9104665,130.947562
238.2304878,130.946965
238.5204678,130.946928
238.8004609,130.946928
239.0904724,130.94592
239.3703439,130.945697
239.6703415,130.944839
239.980477,130.944541
240.2703995,130.944615
240.5504377,130.944764
240.85046,130.94413
241.1304486,130.943906
241.4704385,130.94372
241.7704302,130.943235
242.0604748,130.942974
242.3504581,130.94234
242.6404653,130.942079
242.9304649,130.941706
243.2304641,130.941594
243.5204871,130.941296
243.810481,130.94096
244.1003511,130.940587
244.3804541,130.940587
244.6604702,130.940587
244.9504656,130.940251
245.2404734,130.940139
245.5304794,130.939431
245.8204502,130.939282
246.1104763,130.938424
246.390478,130.938349
246.690473,130.938051
246.9804389,130.937864
247.2504525,130.937864
247.5504509,130.937305
247.8304615,130.937305
248.1104659,130.936671
248.4104645,130.935888
248.7104342,130.935738
249.010458,130.935888
249.300475,130.935776
249.6004563,130.935477
249.8904542,130.935216
250.1804522,130.934657
250.4604272,130.934508
250.7404653,130.934135
251.0206922,130.933724
251.3106767,130.933538
251.5906982,130.93324
251.8906691,130.933389
252.180695,130.932494
252.4606952,130.932456
252.7506971,130.93227
253.0506798,130.932121
253.3405653,130.931934
253.6506959,130.931561
253.9407006,130.93171
254.2306811,130.931375
254.5507037,130.930853
254.8306962,130.930853
255.1006865,130.930442
255.3806855,130.930293
255.6706372,130.929883
255.9606983,130.929734
256.2506884,130.929323
256.5306942,130.929211
256.8306866,130.929062
257.1106858,130.928503
257.400675,130.928242
257.700694,130.927981
257.9706914,130.927981
258.2706866,130.927459
258.560697,130.927197
258.8606691,130.926526
259.1406773,130.926489
259.4108274,130.926713
259.7108455,130.926414
259.9908304,130.926004
260.2708585,130.925706
260.5508612,130.925482
260.8507264,130.925258
261.1411345,130.925109
261.4113465,130.925072
261.7115839,130.924475
262.0015913,130.924288
262.3015926,130.923654
262.5715988,130.923393
262.8615563,130.923468
263.1515945,130.92343
263.4415934,130.923505
263.7415885,130.922871
264.0315737,130.922759
264.3215762,130.922647
264.6115989,130.922461
264.9015884,130.922349
265.181586,130.922349
265.4615056,130.922349
265.7715805,130.921976
266.051582,130.921752
266.341577,130.921342
266.6315669,130.921454
266.9217703,130.920745
267.1918052,130.920559
267.4918191,130.920745
267.7918117,130.920633
268.0618271,130.920335
268.3718282,130.920036
268.6618053,130.919738
268.9618108,130.919216
269.2620474,130.919402
269.5420504,130.919291
269.8320617,130.918992
270.1120444,130.918768
270.4120546,130.918358
270.7022927,130.91806
270.9922768,130.917761
271.2922875,130.9175
271.5922862,130.917538
271.8922912,130.917015
272.2022999,130.916419
272.4822888,130.916419
272.7622998,130.916158
273.0522949,130.916232
273.3222911,130.916195
273.6322957,130.916008
273.9122923,130.915524
274.1822995,130.915225
274.4723001,130.915039
274.7625226,130.914852
275.0524417,130.914516
275.3325063,130.914554
275.6225235,130.91433
275.9125196,130.914144
276.2025158,130.913882
276.4925123,130.913286
276.7825348,130.913286
277.0625286,130.913472
277.3625223,130.913062
277.6425241,130.912689
277.9324679,130.912428
278.2125243,130.912465
278.5225181,130.912092
278.8025214,130.912018
279.0725343,130.911682
279.3625202,130.911533
279.672516,130.911495
279.9625127,130.910899
280.2525051,130.910861
280.5525139,130.9106
280.8325136,130.910526
281.102506,130.910153
281.402511,130.910041
281.682509,130.910004
281.9725164,130.909631
282.2525105,130.909556
282.5525284,130.908959
282.8425255,130.909183
283.1225198,130.908997
283.412486,130.908288
283.7125183,130.908325
284.0025011,130.908437
284.2923826,130.90784
284.5924326,130.907654
284.8825202,130.907654
285.1525085,130.907467
285.4424984,130.907244
285.7325086,130.90702
286.0225136,130.906721
286.3124989,130.906796
286.6025242,130.906348
286.9025048,130.906125
287.1924822,130.906013
287.4724264,130.905938
287.7525235,130.905677
288.0524941,130.905603
288.3424962,130.905379
288.6325296,130.905043
288.9223806,130.904894
289.2025132,130.904633
289.4924913,130.904484
289.8025092,130.904297
290.1025224,130.90426
290.3977025,130.903887
290.6857948,130.903663
290.9761715,130.903477
291.2661724,130.903029
291.5561776,130.902992
291.8361534,130.902992
292.1261713,130.902581
292.4161318,130.902544
292.7161726,130.902134
292.9861628,130.902097
293.2761611,130.901761
293.5561693,130.901612
293.8561716,130.901537
294.1460661,130.901239
294.4160218,130.901127
294.7262995,130.900493
295.006287,130.900306
295.306233,130.900306
295.5765362,130.900456
295.8565178,130.900194
296.1465222,130.899262
296.4265468,130.89956
296.7367765,130.899187
297.0167742,130.899038
297.3080375,130.898852
297.5978694,130.898591
297.8778622,130.898442
298.1578573,130.898367
298.4378613,130.898218
298.7380719,130.897509
299.0182932,130.897546
299.2987344,130.897546
299.5989945,130.897323
299.89902,130.896726
300.188998,130.896651
300.469018,130.896539
300.7691969,130.896204
301.0595319,130.896129
301.3398678,130.896017
301.6303399,130.895719
301.9103298,130.895682
302.2003511,130.895234
302.4903484,130.894898
302.7703388,130.894675
303.0603382,130.894451
303.3503342,130.894227
303.6402107,130.8946
303.9303324,130.894302
304.2302636,130.893817
304.500348,130.893518
304.7903399,130.893257
305.1003378,130.893145
305.380352,130.892847
305.6703316,130.89281
305.9803389,130.892325
306.2702757,130.892549
306.5603227,130.892437
306.8702577,130.892026
307.1503469,130.891877
307.4202987,130.891691
307.7403278,130.891504
308.0202694,130.891243
308.310327,130.890908
308.6003274,130.89087
308.8903129,130.890311
309.1806011,130.890385
309.480577,130.890423
309.7504548,130.890274
310.0405649,130.890236
310.320585,130.89005
310.6105548,130.889901
310.9105774,130.889677
311.1807473,130.889528
311.4707331,130.889341
311.7607471,130.889155
312.0507391,130.888931
312.3407225,130.888782
312.6207389,130.888595
312.9306062,130.888334
313.2107037,130.888036
313.5007309,130.887514
313.7907324,130.88729
314.0607345,130.887252
314.340752,130.887029
314.6307176,130.886917
314.9307294,130.886208
315.2207351,130.886022
315.5107245,130.886618
315.8107228,130.886134
316.1007378,130.885984
316.3907272,130.885947
316.7007429,130.885984
316.9907337,130.885499
317.2807394,130.885462
317.5707348,130.885015
317.8607358,130.884455
318.1507142,130.884418
318.4207188,130.88412
318.700737,130.883933
318.9907207,130.883821
319.2807423,130.884045
319.5707489,130.883411
319.880718,130.883448
320.2007282,130.883262
320.4807242,130.883001
320.770718,130.882777
321.0607236,130.882516
321.3507316,130.882441
321.650726,130.882068
321.9407408,130.882143
322.2307284,130.882031
322.5206412,130.881807
322.8205985,130.881434
323.1107473,130.881471
323.4107168,130.881173
323.6907275,130.881173
324.0007069,130.880576
324.2607149,130.8808
324.5307273,130.881024
324.8407137,130.880763
325.1105947,130.880651
325.4107273,130.879905
325.7206972,130.879793
326.0106934,130.879793
326.290737,130.879271
326.5807166,130.879084
326.8707198,130.879122
327.1607314,130.878973
327.4707058,130.878637
327.7607075,130.878562
328.0507116,130.878376
328.3507167,130.878227
328.6407241,130.878077
328.9507179,130.877555
329.2307099,130.877704
329.5306048,130.877518
329.8207359,130.877182
330.1107146,130.877033
330.3907086,130.877108
330.6907287,130.876474
330.9707103,130.876399
331.260715,130.876436
331.5807093,130.876287
331.8707332,130.875951
332.1607168,130.875877
332.4507216,130.875989
332.7507212,130.875765
333.0605899,130.875355
333.3598277,130.875206
333.6498269,130.875094
333.9596968,130.87528
334.2498301,130.875131
334.5398268,130.87431
334.8298243,130.874087
335.1398208,130.874087
335.4297897,130.873788
335.7398107,130.873266
336.0198164,130.873005
336.2998319,130.873154
336.599831,130.873229
336.8898001,130.87293
337.1896927,130.872334
337.4798197,130.872483
337.7798304,130.872073
338.0698323,130.872222
338.3598179,130.87155
338.6498241,130.871588
338.9398188,130.87155
339.2398295,130.871513
339.5098178,130.871252
339.7998167,130.870842
340.089831,130.870805
340.3998148,130.870357
340.6898227,130.870394
340.999823,130.870282
341.2898189,130.870282
341.5897691,130.869872
341.8598171,130.86976
342.1398114,130.869387
342.4398311,130.869313
342.709807,130.869387
343.0197645,130.869014
343.3098228,130.868865
343.5898215,130.868679
343.8898305,130.868865
344.1698269,130.868418
344.4598152,130.868082
344.7497985,130.868119
345.0198214,130.86797
345.3098265,130.867634
345.5898291,130.867336
345.8898169,130.867485
346.1898035,130.867112
346.46979,130.866963
346.7596817,130.866627
347.0598201,130.866627
347.3497989,130.866553
347.6398189,130.866403
347.9398036,130.866031
348.2297921,130.865881
348.5198053,130.865881
348.8098205,130.865583
349.1203122,130.865434
349.4003181,130.865247
349.6803043,130.865173
349.9703191,130.864986
350.2502853,130.864949
350.5602774,130.864576
350.8503292,130.864576
351.1602832,130.864464
351.4403075,130.864278
351.7403083,130.863755
352.0203102,130.863867
352.3202389,130.86383
352.6103093,130.863308
352.9003278,130.863494
353.200314,130.862674
353.4905025,130.862562
353.8006422,130.862413
354.090606,130.862152
354.390631,130.862152
354.6905543,130.862002
355.0106055,130.861257
355.2906021,130.861368
355.5806234,130.861406
355.8706366,130.861219
356.1506217,130.860958
356.450594,130.860884
356.7506368,130.860846
357.0606173,130.860585
357.3306242,130.860622
357.6205996,130.860399
357.9205326,130.859988
358.2206126,130.859877
358.5106111,130.859765
358.7906251,130.859653
359.1106245,130.859504
359.4005893,130.859317
359.7005411,130.858907
359.9705889,130.858795
360.270604,130.85872
360.5506186,130.858758
360.8606251,130.858497
361.1506318,130.858235
361.4505465,130.858273
361.740623,130.858086
362.0206081,130.857862
362.3406186,130.857751
362.6306245,130.8579
362.9506164,130.857527
363.2706129,130.856855
363.5506128,130.856818
363.8506133,130.856445
364.1606146,130.856184
364.4506099,130.855923
364.7306194,130.855848
365.0106168,130.85596
365.3106202,130.855662
365.5907003,130.855401
365.8909178,130.855364
366.1808972,130.855289
366.4809039,130.855103
366.7808939,130.854991
367.0709202,130.854879
367.380872,130.854543
367.7008929,130.85417
368.0009055,130.854058
368.2808998,130.853909
368.5809111,130.853984
368.8709302,130.853946
369.1709106,130.853461
369.4609186,130.853573
369.7508804,130.853387
370.0309044,130.8532
370.3608954,130.853014
370.6508871,130.85279
370.9609105,130.85238
371.2408986,130.852305
371.5412765,130.852193
371.8312819,130.852081
372.1212816,130.852044
372.4412818,130.851559
372.7211531,130.851447
373.0312564,130.851373
373.3211468,130.851149
373.6413007,130.851074
373.9512816,130.850664
374.2312704,130.850552
374.5512851,130.850254
374.8512654,130.850142
375.1312761,130.850403
375.4312742,130.850254
375.7012198,130.850291
376.0011429,130.84962
376.291273,130.849732
376.5912575,130.849284
376.8812686,130.849172
377.1912675,130.849098
377.4912696,130.848799
377.7920313,130.848538
378.0821149,130.848314
378.4021249,130.848053
378.6921165,130.848016
378.9721235,130.847904
379.272138,130.847942
379.5520989,130.847792
379.8521245,130.847345
380.1421403,130.847307
380.4521232,130.84686
380.7521295,130.846972
381.0621077,130.846375
381.362104,130.846263
381.6620102,130.845927
381.9521206,130.84589
382.2620104,130.845592
382.5521294,130.845368
382.8721288,130.845443
383.1521209,130.845331
383.4521263,130.844958
383.7321315,130.844846
384.0521234,130.84451
384.3421094,130.844025
384.6521201,130.843727
384.9321199,130.84369
385.2021109,130.843578
385.5021136,130.843317
385.8021178,130.843354
386.1021078,130.842906
386.3921225,130.842906
386.7021198,130.842272
386.9921178,130.842049
387.2921249,130.842757
387.5821339,130.842571
387.8821275,130.842123
388.1521184,130.841899
388.4421316,130.841788
388.7421294,130.841638
389.0219887,130.841788
389.3321034,130.841489
389.6220933,130.84134
389.9321051,130.841228
390.2221268,130.840818
390.5421165,130.840631
390.8221152,130.840408
391.1321174,130.840296
391.4121045,130.840519
391.7324836,130.840221
392.0225062,130.840258
392.3125188,130.839848
392.6225111,130.839624
392.9625154,130.838916
393.2425082,130.839139
393.5124853,130.839214
393.8225163,130.838766
394.1025226,130.838319
394.4125082,130.838356
394.7024817,130.837946
395.0125035,130.837648
395.3024967,130.837648
395.6324476,130.837461
395.9025138,130.837536
396.2025033,130.837237
396.4924991,130.837088
396.8125065,130.836752
397.0925151,130.836715
397.3725257,130.836752
397.6725052,130.836752
397.9525116,130.836454
398.2525244,130.836006
398.552519,130.835932
398.8425132,130.835969
399.142485,130.835895
399.4225045,130.835671
399.7224967,130.835596
400.0025242,130.835447
400.3024928,130.835261
400.5724974,130.835111
400.862501,130.834999
401.1724977,130.835149
401.4624962,130.834888
401.7527522,130.834627
402.042692,130.834589
402.3427099,130.834067
402.6327224,130.833619
402.9427474,130.833955
403.2427225,130.833843
403.5527369,130.833508
403.8427386,130.833321
404.1527207,130.833396
404.4427397,130.832948
404.762729,130.832762
405.0427312,130.832836
405.3427213,130.832538
405.632729,130.832277
405.942717,130.832463
406.2227172,130.832165
406.522718,130.831978
406.8227377,130.83168
407.0927348,130.831456
407.3827449,130.831382
407.6827307,130.831158
407.9827409,130.830971
408.2627344,130.83086
408.5427105,130.831046
408.8427401,130.830598
409.1427363,130.830561
409.4427089,130.830076
409.7427308,130.830039
410.0427464,130.829703
410.332715,130.829442
410.6327266,130.829405
410.9327109,130.829181
411.2326167,130.829405
411.5127185,130.829144
411.8127193,130.829144
412.1227174,130.828957
412.4126996,130.828845
412.7427327,130.828547
413.062718,130.828286
413.342694,130.828286
413.6727208,130.827876
413.9727254,130.827913
414.2527087,130.827801
414.5827237,130.827577
414.8927359,130.827615
415.1727238,130.82754
415.4927235,130.827055
415.7927158,130.82713
416.0926897,130.82713
416.3827233,130.826645
416.7027216,130.82657
416.9927085,130.826458
417.2827174,130.82616
417.58272,130.825974
417.8727288,130.825936
418.1627182,130.826123
418.4627262,130.82616
418.7627321,130.825862
419.0426965,130.82575
419.3127057,130.825601
419.602717,130.825041
419.9027261,130.82478
420.2327132,130.824706
420.5427074,130.824556
420.8427179,130.824556
421.1527038,130.824444
421.4427245,130.824071
421.7726527,130.823922
422.0427151,130.823736
422.3127162,130.823363
422.6127007,130.823027
422.9027224,130.82299
423.2127062,130.822803
423.502716,130.822953
423.8027168,130.822915
424.1027174,130.822878
424.4127093,130.822841
424.7227279,130.822654
425.042716,130.822505
425.3226976,130.822319
425.6227048,130.821759
425.9127143,130.822095
426.2226969,130.821722
426.5027082,130.821722
426.8327125,130.821088
427.1127256,130.8212
427.4027085,130.82105
427.7226958,130.82105
428.0427027,130.820491
428.3227103,130.820304
428.6527115,130.819932
428.9627044,130.81982
429.2626069,130.819857
429.542703,130.820043
429.8627124,130.819596
430.1427171,130.81967
430.4726495,130.819186
430.762709,130.819148
431.0826735,130.81885
431.3527186,130.818701
431.6227193,130.818775
431.922702,130.818514
432.2027207,130.818552
432.5126871,130.818067
432.7926495,130.818216
433.1126556,130.817694
433.3927086,130.817917
433.712681,130.817433
434.0327231,130.81747
434.3426965,130.81691
434.6327041,130.81691
434.9326907,130.816799
435.2226954,130.816799
435.5426789,130.8165
435.8226877,130.816314
436.1126989,130.816015
436.4327067,130.815866
436.7526708,130.815493
437.0226969,130.815568
437.2927095,130.815493
437.6027046,130.814934
437.8927033,130.814859
438.1926955,130.814374
438.4726479,130.814561
438.8027012,130.814001
439.072651,130.813964
439.3526815,130.813889
439.6526714,130.813516
439.9427106,130.813218
440.2526914,130.813032
440.5426923,130.812957
440.8626915,130.812584
441.1426987,130.812509
441.442691,130.81195
441.7327081,130.811913
442.0525659,130.811726
442.3126996,130.811726
442.6026756,130.811614
442.9027068,130.811129
443.1926911,130.811018
443.5026994,130.811092
443.7926818,130.810943
444.1026806,130.810234
444.3726912,130.810122
444.7026818,130.809973
444.9825633,130.809749
445.2926838,130.809265
445.5627102,130.809376
445.8926784,130.809265
446.1626625,130.809227
446.4526783,130.809302
446.7926705,130.808817
447.1026975,130.808556
447.3826816,130.808481
447.7026681,130.807997
447.9826817,130.808108
448.2726969,130.807735
448.5926888,130.807437
448.9125562,130.807101
449.1826779,130.806989
449.4726764,130.80684
449.8026819,130.80684
450.1226984,130.806803
450.4026793,130.806691
450.7326965,130.806355
451.0526934,130.806505
451.362675,130.806206
451.6425569,130.806244
451.9527017,130.805945
452.2226847,130.805871
452.4926621,130.805796
452.8026907,130.805498
453.0726559,130.805386
453.3726858,130.805311
453.6726724,130.805274
453.9826921,130.80505
454.2826916,130.80464
454.5926656,130.804602
454.872552,130.804304
455.2026859,130.804267
455.4826697,130.804192
455.8126716,130.804192
456.0926832,130.804192
456.4226541,130.803521
456.7226902,130.803633
457.0226667,130.803409
457.3026722,130.802924
457.632679,130.802439
457.9326966,130.802141
458.2426688,130.802588
458.5226736,130.802327
458.8526123,130.801954
459.1326683,130.801917
459.4525913,130.801731
459.7426754,130.801805
460.0626825,130.801246
460.3426811,130.801283
460.6726635,130.800985
460.9726778,130.800873
461.2926703,130.800463
461.5926442,130.8005
461.9026502,130.800574
462.1926731,130.8005
462.5126853,130.800388
462.7926798,130.800239
463.1226476,130.800015
463.4026869,130.799903
463.7226688,130.799456
464.0226635,130.799717
464.3526661,130.799418
464.632657,130.799194
464.9526419,130.798896
465.2426618,130.79856
465.5226763,130.798598
465.8426642,130.798486
466.162638,130.798113
466.4426377,130.798113
466.7226752,130.797926
467.0326734,130.797889
467.3126667,130.797665
467.622679,130.797628
467.9026706,130.797516
468.202667,130.797143
468.4925914,130.797143
468.8026801,130.796845
469.0925403,130.796919
469.4126791,130.797031
469.7026721,130.796733
470.0226702,130.796658
470.302659,130.796546
470.6326572,130.795987
470.9026383,130.796323
471.2226586,130.79595
471.5026626,130.795614
471.8426768,130.795502
472.1326637,130.795278
472.4326627,130.795129
472.7225383,130.795017
473.0326633,130.794682
473.3226689,130.794682
473.6426563,130.794607
473.9326501,130.794644
474.2326619,130.793786
474.5226663,130.793861
474.8326564,130.793861
475.1226529,130.793637
475.4426525,130.793749
475.7126646,130.7936
476.0526377,130.793451
476.3326424,130.793227
476.6530279,130.792779
476.9428201,130.792705
477.2728641,130.792929
477.557591,130.792742
477.8775585,130.792183
478.1676705,130.792332
478.4776468,130.792444
478.7576792,130.792145
479.0500752,130.791922
479.3500636,130.791362
479.6200463,130.791362
479.9100598,130.791138
480.1800203,130.791064
480.4600719,130.791064
480.7600894,130.791026
481.0500491,130.790952
481.3499535,130.79043
481.6300332,130.790467
481.9200844,130.790019
482.200027,130.789796
482.4800911,130.789609
482.7600806,130.789236
483.0500819,130.789087
483.3300745,130.788863
483.6100392,130.788639
483.890081,130.788863
484.1599538,130.788229
484.4400577,130.788192
484.730088,130.788155
485.0099941,130.78808
485.2800759,130.788155
485.5600906,130.787632
485.8400703,130.787558
486.1300821,130.787334
486.4200812,130.787297
486.7200458,130.787259
487.010082,130.787185
487.2900695,130.787148
487.5600982,130.786849
487.8300765,130.7867
488.1000764,130.786663
488.4000641,130.786178
488.6800757,130.78629
488.9600683,130.786402
489.2500908,130.785768
489.5400493,130.785469
489.8400635,130.785208
490.1600813,130.785134
490.4400958,130.785022
490.7300716,130.784984
491.019944,130.78491
491.3000838,130.784574
491.58005,130.784425
491.8600971,130.78435
492.150078,130.784499
492.430076,130.783865
492.7100575,130.783828
492.9900936,130.783679
493.2700738,130.783642
493.5600793,130.783492
493.8398141,130.783194
494.1198071,130.782635
494.409816,130.782784
494.6997023,130.782672
494.9698284,130.782411
495.2598296,130.782523
495.5398147,130.782112
495.8398338,130.781851
496.1098391,130.781926
496.3998261,130.78159
496.7198144,130.781367
497.009832,130.781217
497.2998304,130.781367
497.6198329,130.781404
497.899831,130.781367
498.1797002,130.781105
498.4698384,130.780919
498.7598124,130.780658
499.0598145,130.780658
499.3398362,130.780248
499.6198256,130.780136
499.9098395,130.779912
500.1898006,130.780061
500.4797955,130.779837
500.7598059,130.779688
501.049811,130.77939
501.3498097,130.779278
501.6398073,130.779091
501.9397936,130.779315
502.2298099,130.779091
502.5197962,130.778718
502.7998243,130.778644
503.0796925,130.778607
503.4098168,130.778495
503.7098008,130.778271
503.9998108,130.778234
504.2896925,130.778234
504.5697895,130.777749
504.8397661,130.777823
505.1198092,130.7776
505.4098042,130.777562
505.6997987,130.777376
505.9897181,130.777227
506.2797989,130.776965
506.5497972,130.777003
506.8498187,130.776854
507.1396883,130.776145
507.4198121,130.77622
507.7098013,130.776257
507.989797,130.775958
508.2697597,130.775735
508.559826,130.77566
508.8398143,130.775511
509.119804,130.775213
509.4097992,130.775101
509.6998196,130.774914
509.9697909,130.774541
510.2498009,130.774541
510.5297997,130.774504
510.8298122,130.77428
511.1097899,130.774392
511.4097799,130.774243
511.6898143,130.773982
511.9697173,130.773833
512.249759,130.773758
512.5297209,130.773721
512.8297897,130.773721
513.1097948,130.77331
513.3996915,130.773348
513.689792,130.773236
513.9797905,130.773124
514.2697913,130.7729
514.5496798,130.772863
514.8296798,130.772191
515.1198118,130.771893
515.3796809,130.771856
515.6698133,130.771781
515.9497395,130.771744
516.2297881,130.771073
516.5197768,130.770998
516.8298047,130.770923
517.1098013,130.7707
517.3997969,130.770513
517.6798157,130.770588
517.9497989,130.770513
518.2298241,130.770364
518.5196748,130.770215
518.8097719,130.769991
519.0997044,130.769655
519.3797747,130.769655
519.6597743,130.769282
519.9496782,130.769133
520.2298101,130.768797
520.5198112,130.768797
520.7997983,130.768686
521.0897985,130.768014
521.3896732,130.768089
521.6698017,130.768089
521.9598048,130.768126
522.2496735,130.767902
522.5396761,130.767828
522.809799,130.767679
523.1098051,130.767492
523.3897841,130.767231
523.659786,130.766821
523.9597809,130.766895
524.2297884,130.766821
524.519751,130.766448
524.7999785,130.76641
525.0899732,130.766261
525.3701879,130.766224
525.660187,130.765963
525.940182,130.765851
526.2101306,130.765515
526.5001675,130.765515
526.820268,130.76559
527.102234,130.765553
527.3925402,130.765403
527.6725763,130.765366
527.9629321,130.765105
528.2527914,130.765105
528.5527983,130.764844
528.8428037,130.764695
529.132675,130.764359
529.4628133,130.764285
529.762764,130.764695
530.0327967,130.764285
530.3128006,130.764098
530.6028041,130.763427
530.88279,130.763539
531.1628051,130.763352
531.4627516,130.763166
531.7527864,130.76324
532.0427899,130.763054
532.3328208,130.763016
532.6327925,130.762942
532.9127742,130.762755
533.2227973,130.762569
533.4927949,130.762159
533.7828076,130.761935
534.0727925,130.761562
534.3627954,130.761375
534.6727997,130.761301
534.9627936,130.761077
535.2727587,130.760741
535.5527796,130.761002
535.8426684,130.760965
536.1228143,130.760406
536.3927799,130.760294
536.6926702,130.759883
536.9727929,130.759846
537.3027919,130.759846
537.5828152,130.759809
537.8927971,130.759399
538.1827884,130.758839
538.4627654,130.758988
538.7726661,130.758951
539.0627821,130.758914
539.3527971,130.758615
539.6527976,130.758429
539.9428054,130.758205
540.2327954,130.758019
540.5427876,130.757869
540.8327865,130.757907
541.1027907,130.757832
541.3927964,130.757161
541.6727959,130.756862
541.962804,130.757124
542.2526985,130.757012
542.5527601,130.756303
542.8327905,130.756303
543.1127901,130.756415
543.4228032,130.756042
543.7027789,130.755967
544.002793,130.755594
544.2727897,130.755669
544.562804,130.755408
544.842781,130.755408
545.1227801,130.755408
545.3927902,130.755109
545.6826589,130.754998
545.9927657,130.754923
546.2628093,130.75455
546.5528054,130.75455
546.8327909,130.754214
547.1227794,130.754177
547.4327845,130.753841
547.732781,130.753692
548.0227778,130.753282
548.2927981,130.753357
548.5727951,130.75317
548.8795174,130.752685
549.1584522,130.752611
549.4484399,130.752275
549.7384637,130.752163
550.018432,130.752014
550.3084454,130.751715
550.598473,130.751827
550.8884255,130.751119
551.1683998,130.751044
551.4484396,130.751193
551.7384444,130.750634
552.0184354,130.750895
552.3084274,130.750522
552.5884138,130.750708
552.8684452,130.750485
553.1583846,130.750037
553.428437,130.749851
553.7084054,130.74959
553.9984392,130.748955
554.2684236,130.749515
554.5584272,130.75276
554.8584125,130.753095
555.1384355,130.75496
555.428434,130.754886
555.7584155,130.753879
556.0284358,130.753468
556.3084428,130.752984
556.6084436,130.752461
556.8784389,130.752238
557.168426,130.752088
557.4584389,130.751827
557.7684302,130.752312
558.0584386,130.75455
558.338448,130.752387
558.628408,130.750149
558.9084381,130.751268
559.1884399,130.751044
559.4883615,130.750447
559.7683047,130.75041
560.0584358,130.74862
560.3384357,130.753916
560.6183078,130.743212
560.9584285,135.964854
561.2283663,135.964854
561.4984335,135.964854
561.7884398,9.9E+37
562.0384166,9.9E+37
562.2884393,9.9E+37
562.5684307,9.9E+37
562.8584388,9.9E+37
563.1384207,9.9E+37
563.4284381,9.9E+37
563.7384119,9.9E+37
564.0184276,9.9E+37
564.3084249,9.9E+37
564.5984309,9.9E+37
564.8884009,9.9E+37
565.1684251,9.9E+37
565.4584224,9.9E+37
565.7484332,9.9E+37
566.0384249,9.9E+37
566.3282959,9.9E+37
566.6184235,9.9E+37
566.9184297,9.9E+37
567.2184375,9.9E+37
567.5183983,9.9E+37
567.8084223,9.9E+37
568.0983694,9.9E+37
568.378363,9.9E+37
568.6884277,9.9E+37
568.9684066,9.9E+37
569.2384151,9.9E+37
569.5384354,9.9E+37
569.8284146,9.9E+37
570.1284201,9.9E+37
570.4082937,9.9E+37
570.7184335,9.9E+37
570.9784112,9.9E+37
571.2684098,9.9E+37
571.5584146,9.9E+37
571.8484224,9.9E+37
572.1284183,9.9E+37
572.4184228,9.9E+37
572.7084211,9.9E+37
572.998419,9.9E+37
573.2785388,9.9E+37
573.5785357,9.9E+37
573.8585441,9.9E+37
574.1485438,9.9E+37
574.4485424,9.9E+37
574.7385299,9.9E+37
575.0285492,9.9E+37
575.3085324,9.9E+37
575.6086042,9.9E+37
575.8987563,9.9E+37
576.1887484,9.9E+37
576.4686663,9.9E+37
576.7587555,9.9E+37
577.0487293,9.9E+37
577.3287515,9.9E+37
577.6087433,9.9E+37
577.9187379,9.9E+37
578.1986286,9.9E+37
578.4787628,9.9E+37
578.7587477,9.9E+37
579.0487337,9.9E+37
579.348639,9.9E+37
579.6387259,9.9E+37
579.9287328,9.9E+37
580.1887298,9.9E+37
580.4787548,9.9E+37
580.7687276,9.9E+37
581.0587381,9.9E+37
581.3487423,9.9E+37
581.628741,9.9E+37
581.9387368,9.9E+37
582.2187251,9.9E+37
582.4987389,9.9E+37
582.7887324,9.9E+37
583.078609,9.9E+37
583.36876,9.9E+37
583.6587457,9.9E+37
583.9587336,9.9E+37
584.2487164,9.9E+37
584.548748,9.9E+37
584.8587346,9.9E+37
585.1287388,9.9E+37
585.4287383,9.9E+37
585.7187179,9.9E+37
585.9987242,9.9E+37
586.2687373,9.9E+37
586.5586242,9.9E+37
586.8687351,9.9E+37
587.1487268,9.9E+37
587.4487448,9.9E+37
587.738744,9.9E+37
588.0487261,9.9E+37
588.3187467,9.9E+37
588.6087482,9.9E+37
588.8887295,9.9E+37
589.1687387,9.9E+37
589.4587573,9.9E+37
589.7487202,9.9E+37
590.0487306,9.9E+37
590.318727,9.9E+37
590.6087271,9.9E+37
590.8987188,9.9E+37
591.1787143,9.9E+37
591.4587236,9.9E+37
591.738724,9.9E+37
592.0287281,9.9E+37
592.308733,9.9E+37
592.5887386,9.9E+37
592.878724,9.9E+37
593.1686588,9.9E+37
593.4587386,9.9E+37
593.7487322,9.9E+37
594.038716,9.9E+37
594.3287222,9.9E+37
594.6187034,9.9E+37
594.9287213,9.9E+37
595.2087227,9.9E+37
595.4887269,9.9E+37
595.768728,9.9E+37
596.0787321,9.9E+37
596.3585917,9.9E+37
596.6387335,9.9E+37
596.9487178,9.9E+37
597.2388415,9.9E+37
597.5292186,9.9E+37
597.8392184,9.9E+37
598.1392114,9.9E+37
598.419223,9.9E+37
598.7192066,9.9E+37
598.9992168,9.9E+37
599.289654,9.9E+37
599.5894776,9.9E+37
599.8794683,9.9E+37
600.15948,9.9E+37
600.4294823,9.9E+37
600.7194694,9.9E+37
601.0194643,9.9E+37
601.309503,9.9E+37
601.599486,9.9E+37
601.8895051,9.9E+37
602.1593541,9.9E+37
602.4593523,9.9E+37
602.7494922,9.9E+37
603.029482,9.9E+37
603.3094725,9.9E+37
603.5994756,9.9E+37
603.8994874,9.9E+37
604.1794664,9.9E+37
604.4694888,9.9E+37
604.7494831,9.9E+37
605.0495051,9.9E+37
605.329475,9.9E+37
605.6194817,9.9E+37
605.9094484,9.9E+37
606.1994677,9.9E+37
606.4994776,9.9E+37
606.7894697,9.9E+37
607.0794578,9.9E+37
607.3694945,9.9E+37
607.6694713,9.9E+37
607.9694723,9.9E+37
608.2694864,9.9E+37
608.5494852,9.9E+37
608.8394867,9.9E+37
609.129471,9.9E+37
609.3994727,9.9E+37
609.6994725,9.9E+37
609.999709,9.9E+37
610.3097196,9.9E+37
610.589714,9.9E+37
610.8897122,9.9E+37
611.1797143,9.9E+37
611.4697084,9.9E+37
611.7595938,9.9E+37
612.0397243,9.9E+37
612.329724,9.9E+37
612.6197311,9.9E+37
612.9097241,9.9E+37
613.1997264,9.9E+37
613.4697236,9.9E+37
613.7697213,9.9E+37
614.0497273,9.9E+37
614.339713,9.9E+37
614.6097179,9.9E+37
614.8895897,9.9E+37
615.1796361,9.9E+37
615.4597146,9.9E+37
615.7497153,9.9E+37
616.0497209,9.9E+37
616.3296917,9.9E+37
616.6297043,9.9E+37
616.9197009,9.9E+37
617.2097141,9.9E+37
617.4997094,9.9E+37
617.7996835,9.9E+37
618.0797289,9.9E+37
618.3596877,9.9E+37
618.6695845,9.9E+37
618.959585,9.9E+37
619.2497076,9.9E+37
619.5396936,9.9E+37
619.8397086,9.9E+37
620.1197321,9.9E+37
620.4096842,9.9E+37
620.6997025,9.9E+37
620.9696917,9.9E+37
621.2899758,9.9E+37
621.5803041,9.9E+37
621.8903205,9.9E+37
622.180446,9.9E+37
622.4804641,9.9E+37
622.7604527,9.9E+37
623.0704488,9.9E+37
623.3504604,9.9E+37
623.6404427,9.9E+37
623.9404187,9.9E+37
624.2204325,9.9E+37
624.5205512,9.9E+37
624.8106825,9.9E+37
625.1108919,9.9E+37
625.4008998,9.9E+37
625.7108997,9.9E+37
626.0108928,9.9E+37
626.3009103,9.9E+37
626.5709047,9.9E+37
626.8709045,9.9E+37
627.2008855,9.9E+37
627.4808962,9.9E+37
627.7809053,9.9E+37
628.0608986,9.9E+37
628.360912,9.9E+37
628.6408898,9.9E+37
628.9508964,9.9E+37
629.2508739,9.9E+37
629.5808895,9.9E+37
629.8808991,9.9E+37
630.1709096,9.9E+37
630.4508448,9.9E+37
630.7508916,9.9E+37
631.0408812,9.9E+37
631.3307685,9.9E+37
631.6209121,9.9E+37
631.9008978,9.9E+37
632.2008892,9.9E+37
632.4909015,9.9E+37
632.7908702,9.9E+37
633.0609042,9.9E+37
633.3608817,9.9E+37
633.6711,9.9E+37
633.9609861,9.9E+37
634.281116,9.9E+37
634.5609837,9.9E+37
634.861046,9.9E+37
635.1311245,9.9E+37
635.4311336,9.9E+37
635.7211157,9.9E+37
636.0111025,9.9E+37
636.3111113,9.9E+37
636.6011082,9.9E+37
636.9111121,9.9E+37
637.2011111,9.9E+37
637.4811091,9.9E+37
637.7711034,9.9E+37
638.0811066,9.9E+37
638.3611035,9.9E+37
638.6411054,9.9E+37
638.9510939,9.9E+37
639.2811012,9.9E+37
639.5711083,9.9E+37
639.8811098,9.9E+37
640.1711114,9.9E+37
640.4510941,9.9E+37
640.7409777,9.9E+37
641.0210459,9.9E+37
641.3210525,9.9E+37
641.5910924,9.9E+37
641.8711187,9.9E+37
642.1811164,9.9E+37
642.4711307,9.9E+37
642.7711252,9.9E+37
643.0711121,9.9E+37
643.3910895,9.9E+37
643.68111,9.9E+37
643.9711076,9.9E+37
644.250974,9.9E+37
644.5410941,9.9E+37
644.8410953,9.9E+37
645.1311,9.9E+37
645.4311179,9.9E+37
645.7210587,9.9E+37
646.0311014,9.9E+37
646.3211254,9.9E+37
646.6111034,9.9E+37
646.9010998,9.9E+37
647.2111021,9.9E+37
647.5011091,9.9E+37
647.791098,9.9E+37
648.091101,9.9E+37
648.4011017,9.9E+37
648.6910815,9.9E+37
648.9910948,9.9E+37
649.2710989,9.9E+37
649.5911069,9.9E+37
649.8711081,9.9E+37
650.1610998,9.9E+37
650.4510837,9.9E+37
650.7510699,9.9E+37
651.0510857,9.9E+37
651.3411101,9.9E+37
651.641094,9.9E+37
651.9211068,9.9E+37
652.2109733,9.9E+37
652.4910831,9.9E+37
652.7810853,9.9E+37
653.0911157,9.9E+37
653.3810999,9.9E+37
653.6810918,9.9E+37
653.9810944,9.9E+37
654.2810748,9.9E+37
654.5710856,9.9E+37
654.8710827,9.9E+37
655.1611121,9.9E+37
655.4610869,9.9E+37
655.74109,9.9E+37
656.0413362,9.9E+37
656.3513625,9.9E+37
656.6713443,9.9E+37
656.9513662,9.9E+37
657.2413465,9.9E+37
657.5313407,9.9E+37
657.8212198,9.9E+37
658.131353,9.9E+37
658.4113637,9.9E+37
658.6913522,9.9E+37
658.9913501,9.9E+37
659.2713482,9.9E+37
659.5717678,9.9E+37
659.881767,9.9E+37
660.1822548,9.9E+37
660.4822546,9.9E+37
660.792244,9.9E+37
661.0822304,9.9E+37
661.3822432,9.9E+37
661.6722546,9.9E+37
661.9522489,9.9E+37
662.2522426,9.9E+37
662.5422605,9.9E+37
662.8522503,9.9E+37
663.1321194,9.9E+37
663.4321361,9.9E+37
663.7122252,9.9E+37
664.0122537,9.9E+37
664.2922363,9.9E+37
664.5822304,9.9E+37
664.8722383,9.9E+37
665.152463,9.9E+37
665.4724688,9.9E+37
665.7526968,9.9E+37
666.0426964,9.9E+37
666.3226829,9.9E+37
666.6125564,9.9E+37
666.9026737,9.9E+37
667.1826925,9.9E+37
667.4826864,9.9E+37
667.7726771,9.9E+37
668.0626745,9.9E+37
668.3526864,9.9E+37
668.6626694,9.9E+37
668.9526694,9.9E+37
669.2326513,9.9E+37
669.5528982,9.9E+37
669.8628974,9.9E+37
670.1531422,9.9E+37
670.4631373,9.9E+37
670.7631392,9.9E+37
671.0531288,9.9E+37
671.343142,9.9E+37
671.6431463,9.9E+37
671.9431325,9.9E+37
672.223006,9.9E+37
672.5230633,9.9E+37
672.8031617,9.9E+37
673.1031451,9.9E+37
673.3831392,9.9E+37
673.7031352,9.9E+37
673.9831473,9.9E+37
674.2831402,9.9E+37
674.5931354,9.9E+37
674.8831281,9.9E+37
675.1631319,9.9E+37
675.4431181,9.9E+37
675.7530045,9.9E+37
676.0331195,9.9E+37
676.3331485,9.9E+37
676.603109,9.9E+37
676.893135,9.9E+37
677.1931484,9.9E+37
677.483132,9.9E+37
677.7931403,9.9E+37
678.0830871,9.9E+37
678.3831523,9.9E+37
678.6830764,9.9E+37
678.9830068,9.9E+37
679.2731323,9.9E+37
679.5830007,9.9E+37
679.8631273,9.9E+37
680.1431197,9.9E+37
680.4431288,9.9E+37
680.7631177,9.9E+37
681.0631168,9.9E+37
681.3431393,9.9E+37
681.6431251,9.9E+37
681.9331347,9.9E+37
682.2231313,9.9E+37
682.5129976,9.9E+37
682.8231256,9.9E+37
683.1031366,9.9E+37
683.3731276,9.9E+37
683.6831208,9.9E+37
683.9731317,9.9E+37
684.2731151,9.9E+37
684.5631321,9.9E+37
684.8931149,9.9E+37
685.1831109,9.9E+37
685.4731223,9.9E+37
685.7631138,9.9E+37
686.0531134,9.9E+37
686.3429944,9.9E+37
686.6430994,9.9E+37
686.9331212,9.9E+37
687.2430939,9.9E+37
687.5231244,9.9E+37
687.8231183,9.9E+37
688.1231066,9.9E+37
688.4131242,9.9E+37
688.7431234,9.9E+37
689.0331144,9.9E+37
689.3431207,9.9E+37
689.6631272,9.9E+37
689.9431207,9.9E+37
690.2430912,9.9E+37
690.5531205,9.9E+37
690.8431009,9.9E+37
691.1531088,9.9E+37
691.4731141,9.9E+37
691.7631054,9.9E+37
692.0731174,9.9E+37
692.3529901,9.9E+37
692.6530508,9.9E+37
692.9431214,9.9E+37
693.2431189,9.9E+37
693.5631204,9.9E+37
693.8631215,9.9E+37
694.1531158,9.9E+37
694.4330994,9.9E+37
694.7431313,9.9E+37
695.0131229,9.9E+37
695.3131138,9.9E+37
695.6131167,9.9E+37
695.9330638,9.9E+37
696.213102,9.9E+37
696.4931311,9.9E+37
696.8231174,9.9E+37
697.1031345,9.9E+37
697.4031273,9.9E+37
697.6931134,9.9E+37
697.9935778,9.9E+37
698.2835755,9.9E+37
698.5735729,9.9E+37
698.8535727,9.9E+37
699.1635096,9.9E+37
699.443567,9.9E+37
699.7635671,9.9E+37
700.053567,9.9E+37
700.3335851,9.9E+37
700.6235674,9.9E+37
700.9135836,9.9E+37
701.2235839,9.9E+37
701.5035924,9.9E+37
701.8135737,9.9E+37
702.0934484,9.9E+37
702.3735768,9.9E+37
702.6735637,9.9E+37
702.9635716,9.9E+37
703.2735779,9.9E+37
703.5634479,9.9E+37
703.8635542,9.9E+37
704.1535691,9.9E+37
704.4635619,9.9E+37
704.7635649,9.9E+37
705.0535747,9.9E+37
705.3435834,9.9E+37
705.6535742,9.9E+37
705.9435747,9.9E+37
706.2535812,9.9E+37
706.5435838,9.9E+37
706.8635575,9.9E+37
707.1535606,9.9E+37
707.4335594,9.9E+37
707.7435842,9.9E+37
708.0335751,9.9E+37
708.3435598,9.9E+37
708.6435722,9.9E+37
708.9535472,9.9E+37
709.2335641,9.9E+37
709.5335747,9.9E+37
709.8335785,9.9E+37
710.1235675,9.9E+37
710.4135809,9.9E+37
710.7235313,9.9E+37
711.0135727,9.9E+37
711.2935766,9.9E+37
711.5835648,9.9E+37
711.8836037,9.9E+37
712.1836073,9.9E+37
712.4737219,9.9E+37
712.80372,9.9E+37
713.1037252,9.9E+37
713.4037351,9.9E+37
713.7037009,9.9E+37
714.0040858,9.9E+37
714.284001,9.9E+37
714.5939809,9.9E+37
714.8839811,9.9E+37
715.1939811,9.9E+37
715.4739838,9.9E+37
715.8039916,9.9E+37
716.0939862,9.9E+37
716.4138656,9.9E+37
716.6939979,9.9E+37
716.9839773,9.9E+37
717.3039791,9.9E+37
717.5839523,9.9E+37
717.8939358,9.9E+37
718.1839651,9.9E+37
718.4839858,9.9E+37
718.763962,9.9E+37
719.0739695,9.9E+37
719.3639863,9.9E+37
719.6439669,9.9E+37
719.943978,9.9E+37
720.2339886,9.9E+37
720.5339866,9.9E+37
720.8339862,9.9E+37
721.134,9.9E+37
721.4239138,9.9E+37
721.7238579,9.9E+37
722.0238517,9.9E+37
722.3239072,9.9E+37
722.6142291,9.9E+37
722.9344534,9.9E+37
723.214468,9.9E+37
723.5044584,9.9E+37
723.804463,9.9E+37
724.1044458,9.9E+37
724.3744395,9.9E+37
724.6543283,9.9E+37
724.9543309,9.9E+37
725.2444619,9.9E+37
725.5744585,9.9E+37
725.8744558,9.9E+37
726.1744239,9.9E+37
726.4644606,9.9E+37
726.78445,9.9E+37
727.0744574,9.9E+37
727.3844483,9.9E+37
727.6646765,9.9E+37
727.9847962,9.9E+37
728.2654138,9.9E+37
728.5554114,9.9E+37
728.845522,9.9E+37
729.1654934,9.9E+37
729.4454864,9.9E+37
729.7654931,9.9E+37
730.0554712,9.9E+37
730.3455119,9.9E+37
730.6654555,9.9E+37
730.9855009,9.9E+37
731.2654707,9.9E+37
731.5555093,9.9E+37
731.875446,9.9E+37
732.1655127,9.9E+37
732.4754956,9.9E+37
732.8154919,9.9E+37
733.0954889,9.9E+37
733.4154881,9.9E+37
733.7154954,9.9E+37
734.0154971,9.9E+37
734.2954374,9.9E+37
734.5854825,9.9E+37
734.9155028,9.9E+37
735.1955061,9.9E+37
735.4955253,9.9E+37
735.7754836,9.9E+37
736.0755036,9.9E+37
736.3654763,9.9E+37
736.6654916,9.9E+37
736.9554949,9.9E+37
737.2355149,9.9E+37
737.535509,9.9E+37
737.8254722,9.9E+37
738.1253746,9.9E+37
738.4254688,9.9E+37
738.7254904,9.9E+37
739.035505,9.9E+37
739.3554967,9.9E+37
739.6454894,9.9E+37
739.9554421,9.9E+37
740.2454858,9.9E+37
740.555406,9.9E+37
740.855479,9.9E+37
741.1754961,9.9E+37
741.4954803,9.9E+37
741.7854984,9.9E+37
742.1154912,9.9E+37
742.3954917,9.9E+37
742.7254902,9.9E+37
743.0354815,9.9E+37
743.325485,9.9E+37
743.6155043,9.9E+37
743.9254831,9.9E+37
744.2154859,9.9E+37
744.5054983,9.9E+37
744.8255049,9.9E+37
745.1354285,9.9E+37
745.4354604,9.9E+37
745.7354992,9.9E+37
746.0154846,9.9E+37
746.2954882,9.9E+37
746.5854614,9.9E+37
746.8754864,9.9E+37
747.1854809,9.9E+37
747.4754601,9.9E+37
747.7854849,9.9E+37
748.0654624,9.9E+37
748.3654617,9.9E+37
748.655486,9.9E+37
748.9754958,9.9E+37
749.26549,9.9E+37
749.5455025,9.9E+37
749.8654965,9.9E+37
750.1854522,9.9E+37
750.4754876,9.9E+37
750.7854869,9.9E+37
751.0754226,9.9E+37
751.3554815,9.9E+37
751.6854766,9.9E+37
751.9854768,9.9E+37
752.2954871,9.9E+37
752.5954794,9.9E+37
752.8954813,9.9E+37
753.2154511,9.9E+37
753.495493,9.9E+37
753.8154783,9.9E+37
754.1054922,9.9E+37
754.4154721,9.9E+37
754.7254023,9.9E+37
755.0253559,9.9E+37
755.3154538,9.9E+37
755.605471,9.9E+37
755.9154877,9.9E+37
756.2354855,9.9E+37
756.5354874,9.9E+37
756.8354911,9.9E+37
757.1254907,9.9E+37
757.4053489,9.9E+37
757.7354807,9.9E+37
758.0153522,9.9E+37
758.3154945,9.9E+37
758.605479,9.9E+37
758.9054514,9.9E+37
759.1954593,9.9E+37
759.5254678,9.9E+37
759.8054811,9.9E+37
760.1353571,9.9E+37
760.4154722,9.9E+37
760.7454713,9.9E+37
761.025472,9.9E+37
761.3353462,9.9E+37
761.6154641,9.9E+37
761.925489,9.9E+37
762.2154939,9.9E+37
762.5354789,9.9E+37
762.8254765,9.9E+37
763.1354742,9.9E+37
763.4254823,9.9E+37
763.7354849,9.9E+37
764.0254707,9.9E+37
764.3354733,9.9E+37
764.6254747,9.9E+37
764.9254803,9.9E+37
765.2354577,9.9E+37
765.5354727,9.9E+37
765.8254726,9.9E+37
766.1354657,9.9E+37
766.4254838,9.9E+37
766.7154893,9.9E+37
767.0354524,9.9E+37
767.3454059,9.9E+37
767.6254645,9.9E+37
767.9154729,9.9E+37
768.2254676,9.9E+37
768.5054701,9.9E+37
768.8054666,9.9E+37
769.0954713,9.9E+37
769.385455,9.9E+37
769.6854786,9.9E+37
769.9554773,9.9E+37
770.2554742,9.9E+37
770.5354701,9.9E+37
770.8354692,9.9E+37
771.1254016,9.9E+37
771.4454856,9.9E+37
771.735473,9.9E+37
772.0454677,9.9E+37
772.3454654,9.9E+37
772.6454516,9.9E+37
772.9454697,9.9E+37
773.2454452,9.9E+37
773.5354787,9.9E+37
773.8254567,9.9E+37
774.1254575,9.9E+37
774.4654485,9.9E+37
774.7654634,9.9E+37
775.0554521,9.9E+37
775.3454639,9.9E+37
775.6454697,9.9E+37
775.9454489,9.9E+37
776.2254735,9.9E+37
776.5254652,9.9E+37
776.8154611,9.9E+37
777.1454744,9.9E+37
777.4654547,9.9E+37
777.7554778,9.9E+37
778.0654703,9.9E+37
778.3654323,9.9E+37
778.6454611,9.9E+37
778.9754476,9.9E+37
779.2954566,9.9E+37
779.5754642,9.9E+37
779.8654691,9.9E+37
780.165398,9.9E+37
780.4653923,9.9E+37
780.7954368,9.9E+37
781.0854214,9.9E+37
781.39545,9.9E+37
781.7153983,9.9E+37
782.0054686,9.9E+37
782.3354501,9.9E+37
782.6254445,9.9E+37
782.9254346,9.9E+37
783.2154553,9.9E+37
783.5354545,9.9E+37
783.8354503,9.9E+37
784.1254531,9.9E+37
784.4453804,9.9E+37
784.7554671,9.9E+37
785.0754408,9.9E+37
785.3954434,9.9E+37
785.6854167,9.9E+37
785.9954585,9.9E+37
786.2854486,9.9E+37
786.6054518,9.9E+37
786.9054202,9.9E+37
787.2154492,9.9E+37
787.4954637,9.9E+37
787.8354511,9.9E+37
788.125425,9.9E+37
788.4253876,9.9E+37
788.7254541,9.9E+37
789.025434,9.9E+37
789.3154362,9.9E+37
789.6354387,9.9E+37
789.9354517,9.9E+37
790.2454402,9.9E+37
790.5354414,9.9E+37
790.8553165,9.9E+37
791.1454442,9.9E+37
791.4754642,9.9E+37
791.775433,9.9E+37
792.0854312,9.9E+37
792.3554339,9.9E+37
792.6754393,9.9E+37
792.9654597,9.9E+37
793.2654498,9.9E+37
793.555448,9.9E+37
793.8454584,9.9E+37
794.1454394,9.9E+37
794.4254664,9.9E+37
794.7254135,9.9E+37
795.0154547,9.9E+37
795.3254341,9.9E+37
795.6454377,9.9E+37
795.9454531,9.9E+37
796.2354109,9.9E+37
796.54544,9.9E+37
796.8354141,9.9E+37
797.1453762,9.9E+37
797.4344084,9.9E+37
797.7444253,9.9E+37
798.0344209,9.9E+37
798.3344249,9.9E+37
798.6244471,9.9E+37
798.944411,9.9E+37
799.2444239,9.9E+37
799.5643638,9.9E+37
799.844421,9.9E+37
800.154423,9.9E+37
800.4444186,9.9E+37
800.764416,9.9E+37
801.044407,9.9E+37
801.3244169,9.9E+37
801.6244173,9.9E+37
801.9244291,9.9E+37
802.2344172,9.9E+37
802.5244252,9.9E+37
802.8244227,9.9E+37
803.1244172,9.9E+37
803.444391,9.9E+37
803.7344265,9.9E+37
804.0443875,9.9E+37
804.3244471,9.9E+37
804.6644214,9.9E+37
804.9444195,9.9E+37
805.2344356,9.9E+37
805.5544184,9.9E+37
805.8644192,9.9E+37
806.184421,9.9E+37
806.5044099,9.9E+37
806.8044029,9.9E+37
807.1244079,9.9E+37
807.404435,9.9E+37
807.7144167,9.9E+37
807.9943911,9.9E+37
808.304341,9.9E+37
808.5944093,9.9E+37
808.9144076,9.9E+37
809.1944146,9.9E+37
809.524393,9.9E+37
809.7943996,9.9E+37
810.0844067,9.9E+37
810.3844181,9.9E+37
810.6644207,9.9E+37
810.9744265,9.9E+37
811.2644242,9.9E+37
811.5643917,9.9E+37
811.8544226,9.9E+37
812.1543913,9.9E+37
812.4343815,9.9E+37
812.7343769,9.9E+37
813.0544059,9.9E+37
813.3743957,9.9E+37
813.6844003,9.9E+37
813.9943785,9.9E+37
814.284418,9.9E+37
814.5944039,9.9E+37
814.8844122,9.9E+37
815.1944092,9.9E+37
815.4843873,9.9E+37
815.8044061,12169507.2
816.0744089,12169507.2
816.3944072,138.423131
816.6844061,138.423131
816.9443772,138.423131
817.2243728,138.452782
817.5644141,138.489855
817.8543992,138.488438
818.1544011,138.484447
818.4344046,138.494853
818.7544112,138.487282
819.0244053,138.484
819.3344051,138.50056
819.6144065,138.491646
819.9044169,138.483925
820.2243816,138.501082
820.5143978,138.496793
820.8343906,138.491422
821.1543896,138.49642
821.4444092,138.48676
821.7543428,138.490266
822.0343931,138.491757
822.3544008,138.480494
822.6443907,138.482545
822.9144042,138.482545
823.2143967,138.455952
823.5043838,138.4655
823.8043669,138.457556
824.0943987,138.449276
824.4243683,138.440437
824.7143984,138.458862
825.0244022,138.438759
825.3143893,138.46468
825.6343669,138.435253
825.9244073,138.458265
826.2343837,138.456214
826.5244101,138.444726
826.844406,138.448045
827.1243911,138.459011
827.4543659,138.459757
827.7443804,138.460465
828.0643859,138.451663
828.3443892,138.446591
828.6342639,138.443271
828.934263,138.428949
829.2043933,138.419849
829.5044037,138.394972
829.78439,138.400417
830.1043941,138.399634
830.3944122,138.399075
830.7144027,138.396054
830.9943943,138.391093
831.304379,138.368454
831.5944116,138.359353
831.904408,138.350701
832.1744006,138.351708
832.474379,138.350999
832.7843924,138.34078
833.1143668,138.324108
833.394386,138.318103
833.7143619,138.305832
833.994396,138.299417
834.2843746,138.290093
834.6143955,138.278046
834.8943258,138.266335
835.1943337,138.238735
835.4743822,138.230679
835.7643816,138.222362
836.0443578,138.221653
836.3442558,138.225047
836.6144001,138.226576
836.8943859,138.22736
837.2043732,138.231127
837.474389,138.233626
837.774389,138.235938
838.0543807,138.22874
838.3242519,138.227173
838.6143984,138.229448
838.9143923,138.231052
839.2243178,138.233215
839.5043775,138.229747
839.8243808,138.228367
840.104366,138.226465
840.414377,138.224227
840.7143827,138.223033
841.004371,138.221802
841.2843768,138.217774
841.5743988,138.215537
841.9143693,138.212926
842.1943881,138.211881
842.5043152,138.20901
842.7843915,138.206846
843.0743747,138.200655
843.3443815,138.200319
843.6243482,138.200319
843.9843937,138.197149
844.2843736,138.193979
844.5543741,138.19245
844.864373,138.189802
845.1342486,138.189018
845.4143678,138.187825
845.7243654,138.184655
846.0043894,138.182641
846.3143842,138.179843
846.5943922,138.178762
846.904385,138.176673
847.1943798,138.174659
847.5043789,138.17175
847.8243771,138.170631
848.1343755,138.167237
848.4243735,138.165932
848.7343761,138.16127
849.0142436,138.16071
849.3242817,138.158323
849.6043612,138.156943
849.9243275,138.155041
850.2143732,138.153437
850.5243665,138.150603
850.8143573,138.149931
851.134373,138.148365
851.4143659,138.147358
851.734349,138.144747
852.0143804,138.143218
852.3342629,138.141316
852.6143792,138.140905
852.9343121,138.139973
853.2043711,138.138779
853.5342395,138.136691
853.8143372,138.135609
854.1343628,138.133446
854.4143732,138.132253
854.7043747,138.130537
855.0242548,138.129455
855.3443663,138.128821
855.6242372,138.128262
855.9143608,138.126882
856.2243509,138.124308
856.5143511,138.12304
856.8643644,138.120318
857.1643676,138.119646
857.4443762,138.118676
857.7743619,138.116066
858.0443639,138.115432
858.374364,138.114089
858.6542426,138.113306
858.9743613,138.111702
859.2542355,138.11118
859.5643688,138.110769
859.864368,138.108867
860.1443746,138.10842
860.4643567,138.107189
860.7843742,138.105138
861.0543559,138.103981
861.3443576,138.10331
861.664372,138.102079
861.9842872,138.101259
862.2643597,138.099991
862.5943481,138.097939
862.8743596,138.097007
863.1843333,138.096112
863.4843224,138.093949
863.7943505,138.093389
864.0743559,138.092867
864.3943431,138.092233
864.6843541,138.089771
865.0143028,138.088951
865.3043597,138.088578
865.6243061,138.088354
865.9243595,138.08813
866.2243532,138.086825
866.514357,138.086228
866.8243468,138.084923
867.1143495,138.084028
867.4343268,138.082237
867.7143228,138.081491
868.0343521,138.081454
868.3143435,138.081118
868.6343364,138.079776
868.9343479,138.079104
869.2343494,138.078172
869.5242969,138.077426
869.8343482,138.075748
870.1343421,138.07489
870.4143535,138.074144
870.7143593,138.073062
870.9943592,138.072727
871.2943532,138.072689
871.5843432,138.072204
871.8943246,138.070862
872.1742211,138.069892
872.4943329,138.067319
872.7742793,138.066759
873.0643459,138.066834
873.374358,138.065939
873.7043436,138.065491
874.0043576,138.065118
874.3043559,138.06385
874.5943594,138.063402
874.9243185,138.062395
875.204216,138.062209
875.5243537,138.061388
875.8042159,138.060232
876.1243434,138.059412
876.4143475,138.058628
876.7043362,138.057808
877.0043477,138.057248
877.2843335,138.056764
877.5843425,138.055197
877.884328,138.054712
878.1843495,138.053743
878.464356,138.053146
878.7743169,138.052176
879.0643501,138.052101
879.3743355,138.051057
879.6643349,138.050572
879.9743409,138.049938
880.2543454,138.049528
880.5443456,138.049155
880.8443445,138.048073
881.1343479,138.04729
881.4243374,138.046097
881.7143207,138.045537
882.0043323,138.044754
882.284344,138.044344
882.604341,138.043859
882.8743529,138.043523
883.1743614,138.043299
883.4743405,138.041994
883.7642694,138.041546
884.0643433,138.040763
884.3743198,138.040241
884.6643383,138.039085
884.9443285,138.038824
885.2643425,138.038041
885.5442079,138.037481
885.8442818,138.036959
886.1443049,138.036549
886.4443153,138.035803
886.7342936,138.035355
887.0543383,138.034833
887.344327,138.034497
887.6543237,138.033229
887.9343502,138.032782
888.2243157,138.032409
888.5443211,138.031327
888.8643379,138.031066
889.1643382,138.03073
889.4843221,138.029686
889.7843199,138.029574
890.0843352,138.028754
890.3743182,138.02853
890.6943319,138.027448
890.9743451,138.026963
891.2843367,138.026143
891.5643295,138.025919
891.894334,138.02521
892.1743463,138.024688
892.4743284,138.024502
892.7843296,138.023532
893.0743174,138.023084
893.3743346,138.022562
893.6543262,138.021891
893.9643321,138.020921
894.2443313,138.020697
894.5543309,138.020175
894.8543132,138.01969
895.1643154,138.019541
895.444326,138.019094
895.7743292,138.018795
896.0743284,138.018124
896.3743256,138.017453
896.6543341,138.017229
896.9841991,138.016744
897.2743224,138.016222
897.5843311,138.015737
897.8743429,138.015327
898.1843226,138.014543
898.4642688,138.01376
898.7743278,138.012791
899.0543152,138.012119
899.3642841,138.011746
899.6642948,138.011933
899.9943243,138.011634
900.2643303,138.011411
900.5943293,138.010814
900.8843105,138.010329
901.1943328,138.009247
901.4843189,138.008651
901.8042695,138.007755
902.0941922,138.007457
902.3743259,138.007345
902.704325,138.006599
903.0243444,138.005555
903.2943185,138.005182
903.6243152,138.004734
903.9043063,138.00507
904.2343109,138.004436
904.5043348,138.003951
904.8043171,138.003466
905.1143097,138.002795
905.4043389,138.002459
905.7343076,138.002086
906.0443212,138.001452
906.314322,138.000855
906.6442886,137.99996
906.9143049,137.999886
907.24433,137.999401
907.5243204,137.999214
907.8143122,137.998506
908.124285,137.998245
908.3943047,137.997536
908.7041839,137.99735
908.9943236,137.997089
909.3143159,137.99679
909.5943209,137.99638
909.9042931,137.995447
910.19432,137.995074
910.5142993,137.994478
910.7943131,137.994067
911.0642851,137.993732
911.3643165,137.99306
911.6443105,137.992762
911.9542818,137.991457
912.234183,137.991345
912.5443158,137.990673
912.824321,137.990189
913.1443081,137.990114
913.434317,137.989555
913.7543009,137.988473
914.0343229,137.987913
914.3542973,137.986757
914.6343028,137.986384
914.9443026,137.986049
915.2243257,137.986011
915.5543076,137.985377
915.8443063,137.985004
916.1243004,137.984408
916.4343041,137.983736
916.7542874,137.983214
917.0443011,137.982916
917.3642729,137.982543
917.6543064,137.981983
917.9643031,137.981573
918.2543028,137.9812
918.5743038,137.980081
918.8642921,137.979634
919.1542895,137.979447
919.4642929,137.978999
919.7943112,137.978552
920.0743058,137.977918
920.3942368,137.977657
920.6943003,137.977508
921.0142777,137.976836
921.2942731,137.976501
921.6142991,137.975792
921.9043218,137.975494
922.2142747,137.974748
922.5143047,137.97471
922.8242611,137.974114
923.1043056,137.973927
923.4242738,137.973517
923.7043037,137.973144
924.0242796,137.972584
924.3143006,137.971988
924.6342975,137.971204
924.9242961,137.970831
925.2142955,137.970496
925.5243076,137.969899
925.8642851,137.969041
926.1442939,137.968967
926.4541699,137.96837
926.7442985,137.967773
927.0343005,137.967549
927.3442844,137.967437
927.6642896,137.967176
927.9642941,137.966841
928.2742284,137.966169
928.5542878,137.966132
928.8841718,137.965796
929.1542685,137.965237
929.484227,137.964342
929.7743092,137.964118
930.0842651,137.96382
930.3742825,137.963633
930.6942841,137.963372
931.0042914,137.963335
931.3042947,137.962701
931.5942906,137.962141
931.8843019,137.961246
932.1942788,137.960463
932.4943012,137.960314
932.7942966,137.959754
933.0842984,137.959531
933.3943048,137.959195
933.6742886,137.958785
933.9842882,137.958673
934.2742827,137.958337
934.5742881,137.957628
934.8642925,137.957479
935.1842781,137.956696
935.4743067,137.956621
935.7942369,137.955652
936.0742772,137.955018
936.3941914,137.95457
936.6842885,137.954309
936.9942918,137.953973
937.2742852,137.953638
937.5842825,137.953153
937.874297,137.952966
938.2042825,137.952556
938.4842937,137.952108
938.7942809,137.951549
939.0642631,137.951064
939.3842552,137.95084
939.6642854,137.950579
939.9843065,137.950169
940.2642826,137.949945
940.5942788,137.949423
940.8642862,137.94946
941.1942848,137.948714
941.4742789,137.948565
941.8142711,137.947484
942.0942664,137.947223
942.4042044,137.947036
942.6942866,137.946514
943.0042432,137.945805
943.2842655,137.945805
943.6042632,137.945134
943.8842843,137.944612
944.2042644,137.943829
944.4942683,137.943605
944.8043037,137.943456
945.0842974,137.943157
945.3542777,137.942971
945.6742464,137.941777
945.9742677,137.94174
946.2942811,137.94133
946.5842221,137.941106
946.8942615,137.940957
947.1842748,137.941069
947.504283,137.940024
947.7842756,137.9398
948.1042861,137.939241
948.3842792,137.938793
948.7042588,137.938309
948.9942801,137.938047
949.2942803,137.937376
949.5742672,137.937227
949.8942766,137.936369
950.1942798,137.935884
950.5142515,137.935586
950.7942609,137.935399
951.0742665,137.935213
951.3942761,137.934803
951.7142768,137.934467
951.9942658,137.933609
952.3246874,137.932975
952.6246759,137.932714
952.9346004,137.932192
953.2146844,137.932043
953.4946706,137.931521
953.8146797,137.93111
954.1346729,137.930402
954.4146822,137.930178
954.7346855,137.929544
955.0246445,137.92932
955.3446581,137.928462
955.6245824,137.92835
955.9147081,137.928313
956.2346706,137.928164
956.5546963,137.927343
956.8346987,137.926709
957.1346825,137.926411
957.4346814,137.926224
957.734627,137.925963
958.0446692,137.925628
958.3746541,137.925105
958.644649,137.925105
958.9346903,137.924844
959.2246718,137.9238
959.5146652,137.923353
959.8045902,137.923241
960.0946696,137.922868
960.3746917,137.922868
960.6546681,137.921898
960.9346737,137.92145
961.2246797,137.921227
961.5046838,137.921115
961.8246629,137.92022
962.1146911,137.920108
962.4146785,137.919175
962.7146714,137.919063
963.0046801,137.918802
963.2946597,137.917982
963.5846842,137.917721
963.8946886,137.917534
964.1646661,137.917348
964.4446676,137.916975
964.724679,137.916714
964.9846833,137.91608
965.2645539,137.915557
965.5546719,137.915259
965.8646192,137.914812
966.1346783,137.914625
966.4445441,137.914289
966.7446757,137.91317
967.0246701,137.913021
967.3046605,137.91235
967.5846749,137.91235
967.8746673,137.911902
968.1646405,137.911455
968.4546885,137.910858
968.754797,137.910933
969.0446579,137.910187
969.3347889,137.909702
969.6047723,137.909441
969.8847888,137.909292
970.1747885,137.908993
970.4647749,137.908658
970.7647893,137.907762
971.0447813,137.907725
971.3348,137.907054
971.6047762,137.906755
971.8947706,137.90642
972.1847863,137.905935
972.464758,137.905711
972.7747553,137.905077
973.0547776,137.904704
973.3447743,137.904331
973.6447848,137.90448
973.9347996,137.904107
974.2347848,137.903361
974.5247852,137.903324
974.8447885,137.903026
975.1447856,137.902765
975.424786,137.901869
975.7147947,137.901347
975.9847775,137.900974
976.2747659,137.900527
976.5547895,137.899706
976.8547819,137.89952
977.1447838,137.899333
977.424748,137.899445
977.7247826,137.899184
978.0050411,137.898737
978.2952432,137.897618
978.5652451,137.897431
978.8652538,137.896723
979.1352147,137.896499
979.4152566,137.895753
979.6952548,137.89538
979.985246,137.894895
980.2852268,137.894671
980.565243,137.894336
980.8552568,137.894261
981.165238,137.893739
981.4452422,137.893552
981.7552477,137.893105
982.0452599,137.892881
982.3352498,137.892135
982.6152244,137.891687
982.9252499,137.891091
983.2152335,137.890979
983.5052457,137.890718
983.8152498,137.890009
984.0852329,137.88986
984.3852343,137.889039
984.6752486,137.889151
984.9652177,137.888778
985.2451975,137.88807
985.525253,137.887771
985.8352457,137.887361
986.1252279,137.886802
986.405228,137.885906
986.6852475,137.885459
986.9652421,137.885384
987.2652457,137.885086
987.5352338,137.885011
987.8452438,137.884564
988.1352478,137.884303
988.4152322,137.883967
988.70524,137.883408
988.995241,137.883221
989.28524,137.882699
989.5752345,137.882251
989.875252,137.881356
990.1552361,137.880983
990.4352358,137.880498
990.7154991,137.880051
991.0056229,137.879678
991.3056036,137.879641
991.5957304,137.879268
991.8857455,137.878745
992.1657519,137.878596
992.4556754,137.877999
992.7557323,137.877999
993.0557041,137.877738
993.3457337,137.877664
993.6157242,137.877216
993.9057309,137.876284
994.1957315,137.875948
994.4856034,137.875501
994.7757331,137.875314
995.0757269,137.87468
995.3657411,137.874494
995.6457167,137.874382
995.9557311,137.873263
996.2457215,137.873039
996.5357431,137.872554
996.8257332,137.872517
997.1157217,137.872218
997.385744,137.871845
997.6857125,137.871734
997.9857325,137.870801
998.2557194,137.870727
998.5457307,137.870316
998.8357181,137.869869
999.1157307,137.869235
999.4257341,137.869272
999.7257236,137.869048
1000.0157136,137.868824
1000.3057349,137.868414
1000.5957309,137.867146
1000.8956713,137.866997
1001.175724,137.86696
1001.4557146,137.86696
1001.7357129,137.866102
1002.0257165,137.865841
1002.3157271,137.865766
1002.6057271,137.865132
1002.9059707,137.864946
1003.2059906,137.864349
1003.4759822,137.8642
1003.7659952,137.863864
1004.056211,137.863752
1004.346203,137.863043
1004.6362002,137.862633
1004.9260733,137.862484
1005.2062093,137.861552
1005.5062008,137.860992
1005.8062038,137.860619
1006.0861908,137.860619
1006.376198,137.860395
1006.6662008,137.85991
1006.966206,137.859761
1007.2561246,137.859165
1007.5361912,137.858903
1007.8261921,137.858493
1008.1162065,137.858269
1008.416195,137.857859
1008.7161948,137.857523
1008.9961935,137.857188
1009.2861994,137.856852
1009.5761898,137.856628
1009.8761943,137.855696
1010.1761714,137.855584
1010.4561656,137.855584
1010.7462071,137.85536
1011.0360629,137.854689
1011.346179,137.854316
1011.6162063,137.854279
1011.9361161,137.853831
1012.226201,137.853868
1012.5162031,137.853309
1012.8061967,137.852936
1013.0961921,137.851929
1013.3861852,137.85178
1013.6762128,137.851071
1013.9461801,137.850773
1014.2561788,137.850661
1014.5564301,137.850362
1014.8267018,137.850288
1015.1166808,137.849244
1015.4066939,137.848871
1015.6766935,137.848572
1015.9667063,137.847677
1016.2466837,137.84764
1016.5366743,137.847416
1016.8366726,137.84708
1017.1366792,137.84723
1017.4166728,137.847006
1017.7166918,137.846334
1018.0066923,137.846073
1018.2966893,137.845663
1018.5766839,137.845327
1018.8666893,137.845178
1019.1566843,137.844283
1019.4466696,137.843761
1019.746689,137.843276
1020.0339026,137.843127
1020.3139289,137.843164
1020.5939367,137.843127
1020.8739155,137.843015
1021.1639276,137.842381
1021.4439327,137.842194
1021.7339492,137.841933
1022.0239506,137.841337
1022.3039437,137.841038
1022.5938435,137.840143
1022.8839318,137.839845
1023.1738272,137.839285
1023.4539287,137.838838
1023.7439296,137.838651
1024.0539325,137.838092
1024.343952,137.837756
1024.64395,137.83757
1024.9339527,137.837159
1025.2239519,137.836824
1025.5139627,137.836488
1025.7839581,137.836003
1026.073944,137.835742
1026.3442724,137.83522
1026.6242637,137.835033
1026.9142735,137.834959
1027.2042658,137.834474
1027.4942649,137.833877
1027.774276,137.833728
1028.0645366,137.833355
1028.3547337,137.833019
1028.6347212,137.832572
1028.9346185,137.831938
1029.2247423,137.831975
1029.5247556,137.831677
1029.8047438,137.831565
1030.0947191,137.830893
1030.394761,137.83067
1030.6847437,137.829812
1030.9747676,137.829924
1031.2647491,137.830073
1031.5547691,137.829588
1031.8347585,137.829402
1032.1247672,137.828245
1032.4146216,137.828245
1032.7146865,137.827164
1032.9947625,137.827126
1033.2947416,137.826567
1033.5847309,137.826157
1033.9047481,137.826306
1034.1947375,137.826157
1034.4747542,137.826119
1034.7647476,137.825784
1035.0547384,137.825523
1035.3447165,137.824329
1035.6347409,137.823919
1035.924736,137.822875
1036.2147298,137.822352
1036.4946779,137.821942
1036.7847275,137.820861
1037.074611,137.820077
1037.3647419,137.815937
1037.6547557,137.813289
1037.9547419,137.811126
1038.2347632,137.81079
1038.5147262,137.810529
1038.8147413,137.808963
1039.0746098,137.809299
1039.34475,137.808776
1039.634741,137.806352
1039.9147534,137.806054
1040.2247319,137.804114
1040.5047384,137.803256
1040.8047258,137.801429
1041.0847218,137.800646
1041.374728,137.799676
1041.6647282,137.798445
1041.9447382,137.797587
1042.2247359,137.795946
1042.5046071,137.794753
1042.81468,137.792403
1043.0847365,137.792142
1043.3547177,137.791508
1043.6447174,137.790501
1043.9547215,137.789979
1044.244751,137.788039
1044.5147382,137.787853
1044.8047216,137.787405
1045.0847125,137.786398
1045.3747099,137.785801
1045.6647176,137.784832
1045.9547306,137.784422
1046.2547382,137.783265
1046.5346732,137.782557
1046.8247342,137.781699
1047.1247327,137.780058
1047.4147402,137.779647
1047.7047325,137.779237
1047.9947338,137.778566
1048.2947186,137.777484
1048.5747204,137.777186
1048.8847439,137.777037
1049.1747256,137.776477
1049.4646673,137.775582
1049.7547221,137.774911
1050.0247317,137.774314
1050.3147363,137.773195
1050.594684,137.772822
1050.884729,137.771517
1051.1747353,137.771256
1051.4447243,137.770696
1051.7247287,137.769689
1052.0047142,137.768943
1052.2847295,137.767638
1052.5647206,137.767377
1052.8647189,137.766967
1053.1547156,137.766967
1053.4547116,137.766519
1053.7347152,137.765661
1054.0147223,137.765027
1054.2947179,137.764095
1054.5847236,137.762901
1054.8747144,137.762155
1055.1647145,137.761558
1055.4547297,137.761111
1055.7447074,137.760887
1056.034719,137.76085
1056.3147339,137.76044
1056.6147301,137.759321
1056.9047333,137.758202
1057.1947118,137.757046
1057.4847369,137.756896
1057.7847379,137.756188
1058.0647291,137.755777
1058.364724,137.755143
1058.6447033,137.754733
1058.9446911,137.754845
1059.2247101,137.754472
1059.5046457,137.753987
1059.7746871,137.753017
1060.0546959,137.752421
1060.3547204,137.751712
1060.6545876,137.751078
1060.9247196,137.750705
1061.2047069,137.749885
1061.474706,137.749773
1061.7346845,137.749139
1062.0246901,137.748616
1062.3147173,137.748318
1062.6047162,137.747871
1062.8845892,137.747647
1063.1647107,137.747609
1063.4747083,137.74705
1063.7647026,137.746714
1064.0747102,137.745707
1064.3547085,137.745297
1064.6447094,137.745036
1064.9347114,137.744551
1065.214705,137.744178
1065.5146431,137.743246
1065.7947117,137.743171
1066.0847152,137.742201
1066.3747109,137.741455
1066.6547029,137.741418
1066.9447067,137.741008
1067.2346981,137.740486
1067.524714,137.739777
1067.8146967,137.739516
1068.114702,137.738994
1068.3747138,137.738509
1068.6547071,137.738061
1068.9346881,137.738285
1069.2248697,137.73795
1069.5148653,137.737315
1069.7948949,137.737017
1070.0749543,137.736719
1070.3648318,137.736905
1070.6449776,137.736234
1070.9249658,137.735824
1071.214956,137.735301
1071.5049576,137.734966
1071.8049625,137.734183
1072.084962,137.734183
1072.3748324,137.733138
1072.6649637,137.732765
1072.934961,137.732653
1073.2249328,137.732057
1073.5149526,137.731497
1073.7949579,137.730639
1074.0749497,137.730266
1074.3849111,137.729819
1074.6649511,137.729483
1074.9549614,137.729147
1075.2348235,137.728737
1075.5148228,137.728513
1075.8048269,137.727954
1076.0949543,137.727954
1076.3649417,137.727506
1076.6549293,137.726984
1076.9349503,137.727096
1077.2249577,137.726723
1077.5149484,137.726686
1077.8249478,137.725865
1078.114958,137.725306
1078.4049498,137.724784
1078.7048379,137.72415
1078.9749262,137.723739
1079.2749484,137.723478
1079.5549644,137.723105
1079.8549424,137.722844
1080.1349386,137.722471
1080.4149385,137.722098
1080.7249532,137.722024
1081.0049438,137.722024
1081.29495,137.721502
1081.5749521,137.721315
1081.8449699,137.72083
1082.134943,137.720084
1082.4148243,137.719674
1082.6949492,137.719152
1082.9849515,137.718816
1083.2549585,137.718369
1083.5549355,137.717996
1083.8649406,137.717809
1084.1549354,137.717026
1084.4349341,137.716989
1084.7249555,137.716989
1085.0049664,137.71669
1085.2949322,137.716429
1085.5853552,137.716019
1085.8750198,137.715907
1086.1650206,137.714863
1086.4449669,137.7149
1086.7350151,137.714415
1087.0050075,137.714229
1087.2849972,137.713893
1087.5650135,137.713371
1087.865008,137.713184
1088.1450065,137.712811
1088.4350066,137.712513
1088.7149926,137.712401
1089.0050156,137.712028
1089.2950101,137.71173
1089.5650114,137.711357
1089.854996,137.710686
1090.1349943,137.710313
1090.4250158,137.710089
1090.7150036,137.709865
1090.9949983,137.709306
1091.2849954,137.709156
1091.5650005,137.708821
1091.8452084,137.708037
1092.1252209,137.707851
1092.4051675,137.707739
1092.7051013,137.70718
1093.0054272,137.707105
1093.2953163,137.706769
1093.5954634,137.70662
1093.8756927,137.706434
1094.1756928,137.706098
1094.4616166,137.705576
1094.751632,137.705091
1095.0216337,137.704718
1095.32159,137.704457
1095.6038871,137.704084
1095.9121554,137.703674
1096.1821537,137.703487
1096.4721698,137.703189
1096.7621705,137.70289
1097.0421703,137.702406
1097.3321616,137.701697
1097.6121697,137.701436
1097.8921612,137.701026
1098.1721664,137.700876
1098.4521599,137.700802
1098.7521664,137.700727
1099.0221655,137.700242
1099.3121656,137.699944
1099.5921593,137.69931
1099.8821755,137.6989
1100.1621723,137.698452
1100.442172,137.697967
1100.7421585,137.697259
1101.0221629,137.697184
1101.2921534,137.696923
1101.5921634,137.696326
1101.872147,137.695953
1102.1521575,137.695692
1102.4321727,137.695356
1102.7221551,137.694611
1103.0120737,137.694014
1103.292145,137.693976
1103.5721397,137.693753
1103.8421559,137.693715
1104.1121291,137.693231
1104.4121609,137.693081
1104.6921577,137.692932
1104.972162,137.692335
1105.2521616,137.691888
1105.5321548,137.691813
1105.8420262,137.690955
1106.122142,137.690918
1106.4221603,137.690918
1106.7021773,137.690732
1106.9921518,137.690321
1107.2621615,137.689948
1107.5421417,137.689613
1107.8421601,137.688755
1108.112143,137.688606
1108.4021657,137.687972
1108.692164,137.68786
1108.9821514,137.687263
1109.2621475,137.686815
1109.5421508,137.686853
1109.8421492,137.686331
1110.1221513,137.685958
1110.4121678,137.685249
1110.6921442,137.685137
1110.9721525,137.684951
1111.2521546,137.68454
1111.5421584,137.684391
1111.8520185,137.684354
1112.1321654,137.684093
1112.432154,137.683906
1112.7221477,137.68316
1113.0121451,137.682303
1113.3121449,137.681818
1113.6020793,137.681669
1113.9021353,137.680885
1114.1721204,137.68096
1114.4621493,137.680065
1114.7421432,137.679766
1115.0221163,137.679804
1115.3221581,137.679431
1115.6021391,137.679505
1115.9021543,137.678909
1116.1821049,137.67861
1116.4621606,137.6782
1116.752132,137.677939
1117.0421329,137.677566
1117.3321374,137.676894
1117.6121418,137.676633
1117.9021404,137.676037
1118.1921293,137.675403
1118.4721559,137.674918
1118.7620705,137.67406
1119.05215,137.674209
1119.3421516,137.673799
1119.622164,137.673873
1119.9121125,137.673799
1120.1821448,137.673202
1120.4721379,137.67268
1120.7621478,137.671822
1121.0521449,137.671524
1121.3321251,137.670964
1121.6221269,137.670629
1121.9121382,137.670069
1122.2021462,137.669435
1122.4821364,137.668876
1122.7621258,137.669062
1123.042113,137.668428
1123.3221466,137.668018
1123.612143,137.667496
1123.8921287,137.66716
1124.1821535,137.666974
1124.4721535,137.666153
1124.7621125,137.665929
1125.0720791,137.665519
1125.3521341,137.665332
1125.6425933,137.664661
1125.9323548,137.664325
1126.2123619,137.664437
1126.5023601,137.663132
1126.7823475,137.662722
1127.0723253,137.662498
1127.3623591,137.661901
1127.6423547,137.661603
1127.9423459,137.661342
1128.2223482,137.660894
1128.5123542,137.660297
1128.8022845,137.660148
1129.0823618,137.659589
1129.3522296,137.659551
1129.6323584,137.65929
1129.9223528,137.658544
1130.2123537,137.65847
1130.4923507,137.657948
1130.79234,137.65791
1131.0823496,137.657687
1131.3723358,137.657164
1131.6523527,137.65709
1131.9723497,137.656791
1132.2523772,137.65653
1132.5423535,137.656157
1132.8323243,137.65571
1133.102336,137.655747
1133.3923565,137.6553
1133.672348,137.65474
1133.9823591,137.654218
1134.2623478,137.654031
1134.5423664,137.653509
1134.8523217,137.653136
1135.1323435,137.653136
1135.4323428,137.652465
1135.7223428,137.652055
1136.012319,137.651458
1136.302354,137.651309
1136.5923386,137.650563
1136.8823469,137.650339
1137.1823592,137.649966
1137.4523299,137.649668
1137.7323494,137.649369
1138.0323253,137.649034
1138.3123672,137.648698
1138.6025767,137.648101
1138.8825673,137.648325
1139.1627957,137.648176
1139.4527911,137.647206
1139.7527837,137.646945
1140.0427811,137.646609
1140.3227865,137.646386
1140.6027978,137.646162
1140.8827968,137.64549
1141.1727288,137.645416
1141.4627762,137.644856
1141.7327845,137.644633
1142.0130265,137.644595
1142.3030141,137.6437
1142.5930164,137.643626
1142.883027,137.643178
1143.1630356,137.642432
1143.4429981,137.642246
1143.7530287,137.641686
1144.0530264,137.641537
1144.3430024,137.640903
1144.6228876,137.640866
1144.913009,137.640716
1145.2230097,137.640306
1145.513035,137.639747
1145.7929977,137.639374
1146.0930151,137.639598
1146.3831255,137.639337
1146.6732651,137.639225
1146.963268,137.638591
1147.2432749,137.638329
1147.5432553,137.637695
1147.8331832,137.637621
1148.1232667,137.636726
1148.393261,137.636614
1148.6932594,137.636614
1149.0135082,137.636427
1149.2837737,137.636129
1149.5737678,137.635905
1149.8637542,137.635383
1150.1637558,137.635122
1150.4537412,137.634674
1150.7237565,137.634413
1151.0237663,137.634152
1151.3136846,137.63404
1151.6137298,137.633294
1151.9037508,137.632996
1152.1937497,137.632287
1152.4837741,137.631952
1152.7837482,137.631541
1153.0837679,137.631243
1153.3737512,137.630758
1153.6537587,137.630646
1153.9436212,137.630534
1154.2436901,137.629788
1154.5337505,137.629416
1154.8337574,137.629304
1155.123742,137.629117
1155.4137496,137.62852
1155.7137573,137.628297
1156.0037549,137.627961
1156.2837499,137.627476
1156.5637347,137.62729
1156.8637415,137.626693
1157.1537416,137.626357
1157.4437528,137.625984
1157.7437518,137.626096
1158.0337435,137.625723
1158.3437556,137.625425
1158.6337577,137.625238
1158.933757,137.624716
1159.2237469,137.624642
1159.5137509,137.624269
1159.8137333,137.623858
1160.1037478,137.62356
1160.3837487,137.623187
1160.6637376,137.622777
1160.9536829,137.622702
1161.2437515,137.62218
1161.5437443,137.621658
1161.8337412,137.621509
1162.1337321,137.620837
1162.4137562,137.620651
1162.6837398,137.620539
1162.9637369,137.619979
1163.2537486,137.620091
1163.5437472,137.619383
1163.8137329,137.619159
1164.1137395,137.61901
1164.3937393,137.617816
1164.6836123,137.617443
1164.9737396,137.617406
1165.2637285,137.617331
1165.5537446,137.616735
1165.8437382,137.616697
1166.1237462,137.616063
1166.4237265,137.615616
1166.6937514,137.615578
1166.983735,137.614944
1167.2636072,137.614571
1167.5537333,137.614236
1167.8636777,137.613714
1168.1837504,137.613415
1168.4636483,137.613042
1168.7436065,137.612968
1169.0437224,137.611849
1169.3337242,137.611737
1169.6337063,137.611774
1169.9237246,137.611476
1170.2137321,137.610245
1170.4936387,137.610282
1170.7837466,137.609909
1171.0637356,137.609536
1171.3637407,137.609797
1171.6537372,137.609163
1171.933749,137.608977
1172.2137508,137.608865
1172.5137267,137.608044
1172.8137382,137.608119
1173.1037313,137.607597
1173.3837366,137.60741
1173.6937349,137.607112
1173.9637377,137.607
1174.2437407,137.606739
1174.5337295,137.606553
1174.8236895,137.605844
1175.1137328,137.604874
1175.4037427,137.604986
1175.7137374,137.60465
1176.0037244,137.603047
1176.2737249,137.601144
1176.5737299,137.598049
1176.8637221,137.598161
1177.1637297,137.598235
1177.443727,137.598161
1177.7437299,137.597489
1178.0137312,137.596594
1178.3037101,137.595326
1178.603672,137.592865
1178.8737166,137.591596
1179.1637309,137.589098
1179.4437314,137.58313
1179.7237274,137.563922
1180.003725,137.503725
1180.283706,137.490783
1180.563724,137.440469
1180.8537304,137.406678
1181.1335949,137.374603
1181.413729,137.267524
1181.6836902,137.115613
1181.9737131,136.902126
1182.2537387,136.809219
1182.5537044,136.713403
1182.8637146,136.510657
1183.1437307,136.489958
1183.4337475,136.178715
1183.7037037,135.962467
1183.9937272,135.820739
1184.2837277,135.723245
1184.5635956,135.611727
1184.863592,135.48902
1185.1337436,135.457281
1185.4437211,135.482456
1185.7337175,135.500881
1186.0436925,135.419275
1186.3236622,135.401074
1186.603644,135.31227
1186.8937431,135.029075
1187.1936679,134.957949
1187.4837082,134.981297
1187.7737049,134.988943
1188.0837191,134.975255
1188.3637309,134.863999
1188.653727,134.687248
1188.9437268,134.345087
1189.2337219,134.187507
1189.5337298,134.05514
1189.8237217,134.02258
1190.1337083,134.016538
1190.423701,134.029741
1190.7137212,134.095272
1191.0037214,134.169232
1191.2937088,134.196906
1191.6036883,134.097995
1191.8937071,133.97305
1192.1837108,133.751282
1192.4737291,133.628725
1192.7637101,133.510568
1193.0437112,133.595904
1193.3237019,133.701976
1193.6137052,133.814538
1193.9037783,133.837252
1194.2139014,133.893757
1194.5037762,133.947129
1194.8038832,133.9616
1195.0839079,133.931613
1195.3839226,133.82513
1195.6938997,133.794435
1195.99392,133.739497
1196.2738921,133.719319
1196.5641235,133.709323
1196.8641341,133.714396
1197.1338905,133.722601
1197.4440181,133.74442
1197.7240096,133.755833
1198.0339846,133.755422
1198.3240175,133.764523
1198.634029,133.789736
1198.9140044,133.800626
1199.1840155,133.805773
1199.4740184,133.800067
1199.7640278,133.79712
1200.0640159,133.787945
1200.3540093,133.783992
1200.6440137,133.777502
1200.9340141,133.78071
1201.2138889,133.784328
1201.524019,133.78705
1201.804024,133.786379
1202.0940179,133.775488
1202.3940197,133.754415
1202.6940077,133.692092
1202.973991,133.655541
1203.2740197,133.595904
1203.5640198,133.580127
1203.8740112,133.531604
1204.1540119,133.511612
1204.4640169,133.510792
1204.7540107,133.537907
1205.0439883,133.549655
1205.3340145,133.582887
1205.6240197,133.590906
1205.9140109,133.599708
1206.224018,133.597545
1206.5140219,133.592174
1206.8040112,133.587512
1207.0739082,133.578896
1207.3640279,133.557152
1207.6540039,133.54779
1207.9340092,133.533245
1208.2239872,133.524443
1208.5440165,133.510009
1208.8240146,133.504824
1209.114016,133.502251
1209.4040152,133.500834
1209.6940061,133.50005
1210.0040096,133.486885
1210.2839974,133.453578
1210.5939929,133.367646
1210.8840112,133.344634
1211.1840151,133.342881
1211.4740174,133.338406
1211.7639929,133.329678
1212.0440182,133.323673
1212.3439985,133.315132
1212.6540107,133.272726
1212.9439946,133.256054
1213.2340036,133.22148
1213.5240148,133.210887
1213.8140101,133.197125
1214.0939921,133.195745
1214.3958519,133.197386
1214.6758533,133.201489
1214.9558247,133.208277
1215.2358489,133.218011
1215.5258585,133.225172
1215.8258592,133.234571
1216.1157824,133.238002
1216.3958592,133.241359
1216.705825,133.245201
1216.9958509,133.246357
1217.2758419,133.248595
1217.5658516,133.245387
1217.8558596,133.239904
1218.1358584,133.232594
1218.4358411,133.224277
1218.7258555,133.207643
1218.9957706,133.200966
1219.2758368,133.184295
1219.5658565,133.175791
1219.8558642,133.157068
1220.1458223,133.142858
1220.4458358,133.123575
1220.7158769,133.123613
1220.9958558,133.122084
1221.2858531,133.097318
1221.5758775,133.08419
1221.8858498,133.068712
1222.175721,133.066921
1222.4658695,133.070054
1222.7558288,133.073896
1223.0358553,133.075761
1223.3158454,133.080572
1223.6258535,133.082101
1223.945844,133.085644
1224.2358457,133.087658
1224.5458481,133.092283
1224.8358528,133.094521
1225.1258649,133.098251
1225.4158183,133.099034
1225.7057635,133.099892
1225.9958132,133.100078
1226.2658417,133.101346
1226.585843,133.101869
1226.8758547,133.100414
1227.165833,133.099705
1227.4458518,133.100414
1227.7358335,133.101272
1228.0058364,133.09702
1228.295848,133.091164
1228.6058376,133.085943
1228.8857188,133.084787
1229.1758531,133.081616
1229.4658307,133.080908
1229.7358295,133.079901
1230.0358258,133.082288
1230.3258389,133.082922
1230.6158456,133.081766
1230.9058534,133.081803
1231.1958478,133.084227
1231.4858459,133.085719
1231.7958369,133.091388
1232.0858431,133.094036
1232.3758465,133.097803
1232.665714,133.101123
1232.9558269,133.101943
1233.2558464,133.102055
1233.535844,133.102092
1233.8258428,133.102876
1234.115841,133.102876
1234.4258425,133.103472
1234.7158305,133.104367
1235.0058411,133.102801
1235.285848,133.100936
1235.575833,133.101272
1235.8658489,133.101533
1236.1558057,133.101011
1236.4358307,133.100787
1236.7458217,133.101235
1237.0458035,133.100339
1237.3358351,133.098624
1237.6058347,133.098475
1237.9058446,133.099071
1238.1958276,133.097654
1238.4958219,133.0984
1238.7858333,133.098288
1239.0757032,133.099444
1239.3658371,133.098736
1239.6658496,133.100489
1239.955825,133.101011
1240.2258442,133.10198
1240.5058334,133.100824
1240.795728,133.102652
1241.085836,133.101757
1241.3758364,133.100862
1241.6658189,133.100302
1241.965824,133.10075
1242.2358364,133.099593
1242.5258323,133.099146
1242.8258188,133.098213
1243.1158187,133.099183
1243.395831,133.099221
1243.6758163,133.098922
1243.9758165,133.097841
1244.2658257,133.098027
1244.5558195,133.096199
1244.8458393,133.096311
1245.1358245,133.097468
1245.4258269,133.097691
1245.7158087,133.098325
1246.0158154,133.097132
1246.2958375,133.097766
1246.5958314,133.096759
1246.8858234,133.097206
1247.1658423,133.096498
1247.4558369,133.097244
1247.7258362,133.097766
1248.0158167,133.096013
1248.2957916,133.09702
1248.5858119,133.097132
1248.8758375,133.096311
1249.1656934,133.095565
1249.455825,133.096759
1249.7458064,133.095677
1250.0758237,133.096498
1250.3558367,133.095864
1250.645812,133.094969
1250.935805,133.094148
1251.225835,133.094558
1251.5058289,133.092619
1251.7858324,133.095454
1252.0758238,133.093887
1252.3457218,133.093701
1252.6258307,133.093178
1252.9358142,133.094074
1253.2258179,133.093999
1253.5258129,133.092843
1253.7958184,133.093029
1254.0957994,133.092805
1254.3857999,133.09191
1254.695814,133.091537
1254.9758062,133.09053
1255.245821,133.090157
1255.5256882,133.090269
1255.8257617,133.089337
1256.1257839,133.089374
1256.3958363,133.089859
1256.6858083,133.090195
1256.9858187,133.088815
1257.2658238,133.087882
1257.5558351,133.08736
1257.8558186,133.087174
1258.1158157,133.087584
1258.3958163,133.08777
1258.665822,133.088293
1258.9658132,133.08777
1259.2557509,133.086278
1259.5458095,133.087957
1259.8257767,133.087323
1260.0958321,133.087136
1260.3858102,133.087248
1260.675823,133.086726
1260.9658103,133.085682
1261.2558104,133.085533
1261.5458199,133.084749
1261.8458164,133.08363
1262.1257939,133.083705
1262.4059218,133.082847
1262.6961332,133.083183
1263.0061382,133.0824
1263.2861236,133.082213
1263.5961291,133.082474
1263.8961316,133.082027
1264.2061157,133.081654
1264.4761461,133.082698
1264.7461375,133.082437
1265.0361175,133.081355
1265.3159979,133.080423
1265.5861337,133.080311
1265.8761564,133.081616
1266.1561309,133.082362
1266.4361237,133.080908
1266.7261257,133.08046
1267.0061195,133.080796
1267.3261127,133.080945
1267.6061316,133.08102
1267.9261277,133.081915
1268.2061228,133.081654
1268.506543,133.080759
1268.7867651,133.080982
1269.0767426,133.080721
1269.3667516,133.080013
1269.6767387,133.080721
1269.9667476,133.080684
1270.2567571,133.081132
1270.5267518,133.080348
1270.8267516,133.079528
1271.1267273,133.081281
1271.4067417,133.081654
1271.7167569,133.079826
1272.0067253,133.079901
1272.2967735,133.081393
1272.5667425,133.081243
1272.8667645,133.08046
1273.1467604,133.080311
1273.4367484,133.08046
1273.7367402,133.079602
1274.0367675,133.080013
1274.3267481,133.081169
1274.6067041,133.080647
1274.8867359,133.079863
1275.1667579,133.079304
1275.4467747,133.078297
1275.7467488,133.079043
1276.0467361,133.079117
1276.3566187,133.078446
1276.646757,133.079304
1276.9367349,133.078297
1277.2467466,133.077663
1277.5467162,133.077588
1277.8367144,133.077999
1278.1366176,133.077439
1278.4067568,133.07688
1278.7366925,133.077439
1279.0167213,133.076954
1279.3067575,133.077103
1279.6067299,133.076544
1279.8867319,133.076992
1280.1867448,133.07688
1280.4567442,133.075201
1280.7367467,133.075985
1281.0267353,133.07632
1281.3166823,133.076842
1281.6067553,133.07632
1281.8967632,133.076022
1282.1867633,133.075649
1282.4667132,133.0755
1282.7467426,133.07453
1283.0367428,133.076358
1283.3267326,133.075388
1283.6367465,133.073411
1283.9367363,133.074418
1284.2467377,133.075425
1284.5367395,133.075164
1284.8367462,133.07397
1285.1167348,133.072777
1285.4267073,133.073001
1285.6966674,133.072255
1285.9867557,133.071695
1286.2767305,133.073038
1286.5667437,133.072143
1286.8567292,133.072068
1287.1467452,133.072068
1287.4267353,133.072218
1287.746723,133.072852
1288.0367307,133.072889
1288.3367255,133.071845
1288.6266866,133.07177
1288.9266872,133.071583
1289.226712,133.070949
1289.5267385,133.07136
1289.8067171,133.071024
1290.0769974,133.070539
1290.3872349,133.069868
1290.7072166,133.069905
1290.9872328,133.069756
1291.2672339,133.069681
1291.5574171,133.068712
1291.8474617,133.068078
1292.147473,133.068078
1292.4374643,133.067817
1292.7574324,133.067257
1293.0374796,133.06722
1293.3074546,133.06722
1293.5974582,133.066921
1293.8874149,133.066586
1294.1873314,133.065504
1294.4674689,133.064609
1294.757462,133.064422
1295.0574264,133.06405
1295.3374258,133.063602
1295.6274654,133.062819
1295.9174664,133.062707
1296.2274617,133.062259
1296.5074264,133.061961
1296.8074589,133.061551
1297.0974526,133.06129
1297.3874569,133.0617
1297.697451,133.061066
1298.0173231,133.060469
1298.2974341,133.059686
1298.5974778,133.059723
1298.8974587,133.058679
1299.1874551,133.058567
1299.4874457,133.057336
1299.7774516,133.05715
1300.0674743,133.056777
1300.3674535,133.055732
1300.6573935,133.050548
1300.9473253,133.048795
1301.2473837,133.048049
1301.5174551,133.047825
1301.7974177,133.048124
1302.0874396,133.048571
1302.3974608,133.049466
1302.6974555,133.050697
1302.9774533,133.051331
1303.2774375,133.051816
1303.56741,133.051779
1303.8474446,133.051742
1304.1474546,133.051257
1304.4273221,133.051107
1304.7273202,133.051219
1305.0174348,133.051443
1305.3274304,133.05107
1305.6074539,133.051294
1305.8874439,133.051182
1306.1874497,133.050697
1306.4774388,133.050772
1306.8074397,133.050511
1307.0974491,133.050138
1307.4274453,133.049653
1307.6974483,133.049243
1307.997449,133.049019
1308.3274316,133.04872
1308.6073143,133.048534
1308.8974354,133.048497
1309.187439,133.048348
1309.4774487,133.047825
1309.7774472,133.047713
1310.0574468,133.047676
1310.3474443,133.047303
1310.6174323,133.047303
1310.9074552,133.047303
1311.2074411,133.047154
1311.4774334,133.047042
1311.7874122,133.046669
1312.0774358,133.046259
1312.3674407,133.045774
1312.6474392,133.045699
1312.9278908,133.04555
1313.2179029,133.045065
1313.5079207,133.044916
1313.7981627,133.044804
1314.0680607,133.044804
1314.3381549,133.044543
1314.6284083,133.044021
1314.9183344,133.043872
1315.2083801,133.043797
1315.5184187,133.043611
1315.8283937,133.043238
1316.1184081,133.043126
1316.4083993,133.04197
1316.6783861,133.04197
1316.9583995,133.041895
1317.2384054,133.042156
1317.5283775,133.042119
1317.8284016,133.041671
1318.1183801,133.041597
1318.4284052,133.041037
1318.7184043,133.041112
1319.0284011,133.041
1319.3083959,133.040776
1319.5784031,133.040552
1319.8686166,133.040142
1320.138886,133.039918
1320.4289898,133.039993
1320.7291221,133.039695
1321.0091317,133.039583
1321.2991223,133.039471
1321.5791027,133.039396
1321.8791232,133.03921
1322.1491172,133.039135
1322.4391035,133.038688
1322.7391186,133.038315
1323.0191299,133.038576
1323.3089856,133.03783
1323.5891115,133.037792
1323.8991198,133.037643
1324.1691177,133.037531
1324.4993288,133.037345
1324.7793202,133.037196
1325.0595712,133.03727
1325.3495803,133.036823
1325.6295643,133.036897
1325.9295639,133.036748
1326.2095652,133.036301
1326.4995814,133.036263
1326.7995617,133.036002
1327.0795896,133.036002
1327.3695569,133.035704
1327.6395743,133.035629
1327.9195892,133.035443
1328.2195749,133.034771
1328.5195571,133.034921
1328.8395676,133.034436
1329.1295575,133.03451
1329.4295715,133.034398
1329.6995414,133.034622
1329.9795785,133.034137
1330.2695615,133.033914
1330.5595807,133.034026
1330.8595726,133.033727
1331.1495733,133.033466
1331.4495652,133.03328
1331.7395822,133.033205
1332.0295778,133.032981
1332.3095768,133.032496
1332.6095464,133.032161
1332.8895699,133.032198
1333.1795503,133.031937
1333.4795752,133.032123
1333.759571,133.031937
1334.049565,133.031601
1334.3295652,133.031489
1334.6395696,133.031415
1334.9395779,133.031303
1335.2395669,133.030557
1335.5294385,133.030557
1335.8095686,133.030631
1336.1095465,133.030072
1336.3895496,133.030296
1336.6895641,133.029624
1336.979561,133.029774
1337.2695587,133.029624
1337.5495325,133.029438
1337.8495862,133.029251
1338.1495518,133.029065
1338.4195652,133.028804
1338.7195613,133.02817
1339.0195478,133.028394
1339.3495642,133.028394
1339.629575,133.028394
1339.9295729,133.027834
1340.2095591,133.027834
1340.5195534,133.027275
1340.7995409,133.027088
1341.0800203,133.027126
1341.379788,133.026715
1341.6797881,133.026827
1341.969773,133.026641
1342.2396748,133.026566
1342.539654,133.026193
1342.8297988,133.026454
1343.1197889,133.026193
1343.4097679,133.025596
1343.6997699,133.025261
1343.9897935,133.025
1344.2697805,133.025261
1344.5597756,133.024888
1344.8497754,133.024813
1345.139785,133.024552
1345.4397754,133.024813
1345.7297726,133.024701
1346.0297862,133.024216
1346.3097893,133.024403
1346.6097645,133.023806
1346.8897863,133.023694
1347.1897785,133.023209
1347.4697749,133.023209
1347.7497943,133.023172
1348.0397856,133.022687
1348.3197865,133.022538
1348.6197901,133.022389
1348.9197185,133.02224
1349.2097864,133.022016
1349.5197821,133.022128
1349.7997507,133.021718
1350.0997669,133.021568
1350.3697466,133.021233
1350.6797681,133.020934
1350.9597828,133.020785
1351.2597776,133.020711
1351.5397872,133.020524
1351.8197771,133.020338
1352.1197781,133.019778
1352.4097746,133.019666
1352.7097464,133.01948
1352.9897799,133.019219
1353.2900243,133.019032
1353.5700458,133.019181
1353.8500454,133.018808
1354.1400617,133.018361
1354.4200549,133.018473
1354.7200417,133.018249
1355.010004,133.018212
1355.3099948,133.017652
1355.6000471,133.017503
1355.8900415,133.017652
1356.1700628,133.016832
1356.4500557,133.016944
1356.7600356,133.016608
1357.040049,133.01672
1357.3300608,133.016235
1357.600034,133.016086
1357.8700476,133.016123
1358.1700677,133.01575
1358.4600495,133.015638
1358.7500438,133.015079
1359.040005,133.014892
1359.3500448,133.014929
1359.6300165,133.014706
1359.920064,133.014631
1360.2200449,133.014221
1360.5000381,133.014258
1360.8000503,133.014295
1361.080055,133.013848
1361.3700497,133.013661
1361.6600595,133.0134
1361.9800358,133.012766
1362.2600569,133.012654
1362.5499867,133.012766
1362.8700202,133.012505
1363.1400406,133.012393
1363.4300381,133.01217
1363.7300486,133.01202
1364.0300406,133.011797
1364.3200381,133.011461
1364.6100576,133.010901
1364.9000334,133.01079
1365.1800387,133.011051
1365.4700384,133.010491
1365.7600307,133.010379
1366.0499711,133.010417
1366.3300261,133.01023
1366.6000601,133.009969
1366.9100403,133.009521
1367.1900417,133.009633
1367.4900329,133.008962
1367.7900419,133.009037
1368.090038,133.008813
1368.3799849,133.008813
1368.6700346,133.008179
1368.9600249,133.00803
1369.2700301,133.007918
1369.560039,133.00803
1369.8400424,133.00788
1370.1400341,133.007507
1370.4200566,133.007358
1370.7100353,133.006836
1370.9900312,133.007209
1371.2600411,133.006836
1371.5500255,133.006538
1371.8400358,133.006426
1372.1300471,133.006202
1372.4099102,133.006351
1372.7000467,133.005568
1372.9900394,133.00568
1373.2800407,133.005456
1373.5700213,133.004859
1373.8500321,133.004971
1374.1400423,133.004449
1374.42002,133.004636
1374.7200451,133.004486
1375.000047,133.004374
1375.2700582,133.004151
1375.5600538,133.003479
1375.8500533,133.003703
1376.1500245,133.003293
1376.4300351,133.003106
1376.7300277,133.002547
1377.0300341,133.00236
1377.3100205,133.00251
1377.6100181,133.002062
1377.9099999,133.002062
1378.20003,133.001913
1378.4699719,133.001726
1378.7699113,133.001577
1379.0400406,133.001614
1379.360038,133.00113
1379.6400437,133.000831
1379.9400337,133.000719
1380.2400225,133.000831
1380.5700104,133.000607
1380.8800438,133.000496
1381.1800229,133.000272
1381.4600194,133.00016
1381.7499811,133.000197
1382.0400333,132.9996
1382.3200357,132.999339
1382.6200177,132.99919
1382.9100304,132.999116
1383.2098981,132.998817
1383.4900176,132.998892
1383.7800309,132.998482
1384.0600114,132.997959
1384.3300326,132.998183
1384.6400159,132.997773
1384.9300135,132.997773
1385.229932,132.997736
1385.5099923,132.997624
1385.8000198,132.9974
1386.0900238,132.9974
1386.3700413,132.9974
1386.670024,132.996766
1386.9700337,132.996617
1387.2800208,132.996356
1387.569947,132.996095
1387.8800325,132.99602
1388.18001,132.995722
1388.4700174,132.995722
1388.7598888,132.995722
1389.0500345,132.995423
1389.3500243,132.995572
1389.6300302,132.995199
1389.940008,132.994752
1390.2100199,132.99464
1390.5000143,132.994453
1390.8099607,132.993894
1391.0900377,132.993708
1391.3800115,132.993708
1391.6700278,132.993372
1391.9600209,132.993484
1392.2398869,132.993073
1392.539972,132.99285
1392.8300119,132.992775
1393.1000321,132.992738
1393.390021,132.992589
1393.6700147,132.992477
1393.9700081,132.991768
1394.2600285,132.991768
1394.5500302,132.991507
1394.8700267,132.991283
1395.180009,132.991321
1395.4601138,132.990798
1395.7503023,132.990388
1396.0403383,132.990425
1396.3203225,132.990537
1396.6103481,132.990127
1396.890349,132.990164
1397.1703313,132.989941
1397.4503384,132.989941
1397.7303279,132.989307
1398.0403479,132.988896
1398.3302835,132.988896
1398.640326,132.988896
1398.9303191,132.988523
1399.2403316,132.988784
1399.5203357,132.988523
1399.8203371,132.987628
1400.1203288,132.987516
1400.4203328,132.987442
1400.7103369,132.98733
1401.0203398,132.987292
1401.3003165,132.987404
1401.5903258,132.987367
1401.9203397,132.987031
1402.2003085,132.987181
1402.4802063,132.986584
1402.77035,132.986323
1403.0802714,132.986397
1403.3603436,132.986285
1403.6703338,132.985987
1403.9603258,132.985838
1404.2703311,132.98539
1404.5703357,132.985502
1404.8703257,132.985278
1405.1503355,132.984905
1405.4403245,132.984682
1405.7503313,132.984756
1406.0303229,132.984719
1406.3203342,132.984085
1406.6003468,132.983824
1406.890321,132.98401
1407.1903502,132.983861
1407.4903239,132.983749
1407.7803194,132.983563
1408.0703497,132.983563
1408.3703109,132.983078
1408.6703053,132.982929
1408.9603063,132.982854
1409.2402954,132.982705
1409.5303182,132.982668
1409.8103193,132.982183
1410.1303327,132.982034
1410.3903265,132.981661
1410.7103245,132.981549
1411.0003117,132.981549
1411.3203244,132.981176
1411.6003242,132.981288
1411.8803096,132.981101
1412.180334,132.980691
1412.4603282,132.980504
1412.7603371,132.98043
1413.0503126,132.980206
1413.3403057,132.979684
1413.6103222,132.979647
1413.9103143,132.979386
1414.2303162,132.979274
1414.5203217,132.979348
1414.8103249,132.978901
1415.0903156,132.978938
1415.390319,132.978938
1415.680302,132.97905
1415.9803022,132.978528
1416.2603338,132.978416
1416.5603265,132.977744
1416.8503137,132.97767
1417.140308,132.977819
1417.4203033,132.97726
1417.7003201,132.977222
1418.0103237,132.977185
1418.2903102,132.977148
1418.5903285,132.976924
1418.8801849,132.976812
1419.2002945,132.976327
1419.4802755,132.976103
1419.8003183,132.976103
1420.0801841,132.975917
1420.3703087,132.97573
1420.7103053,132.975693
1420.9903066,132.975246
1421.2903102,132.975096
1421.5703113,132.975246
1421.8803188,132.97491
1422.1703153,132.974723
1422.4703073,132.974537
1422.7601949,132.974052
1423.0503006,132.974164
1423.3203302,132.974089
1423.5903272,132.973977
1423.8903011,132.973642
1424.1703022,132.973157
1424.4403117,132.973045
1424.7203019,132.972933
1425.000298,132.973045
1425.3003041,132.972747
1425.5902564,132.972709
1425.9003236,132.972075
1426.1803126,132.972113
1426.4803014,132.971889
1426.7703115,132.971702
1427.0801732,132.971628
1427.3620613,132.97159
1427.6420594,132.971068
1427.9420646,132.971106
1428.2320313,132.970956
1428.5220634,132.970919
1428.8120678,132.970583
1429.1120635,132.970136
1429.4020775,132.969987
1429.7120747,132.970061
1430.0020086,132.969838
1430.292074,132.969539
1430.5920622,132.969353
1430.9220678,132.969427
1431.2020246,132.969203
1431.472068,132.969017
1431.7620704,132.968644
1432.0520597,132.968644
1432.3620441,132.968271
1432.6320585,132.968234
1432.9120624,132.967973
1433.2220548,132.968159
1433.5020659,132.968159
1433.8020617,132.967712
1434.0819277,132.967339
1434.3920781,132.967451
1434.6720621,132.967301
1434.972055,132.966854
1435.2520607,132.966667
1435.5320438,132.966518
1435.8420557,132.965959
1436.1420573,132.965884
1436.4320756,132.965698
1436.7020562,132.965809
1437.0020681,132.96566
1437.2820596,132.965474
1437.6120273,132.965064
1437.9120214,132.964877
1438.1820696,132.964653
1438.4920516,132.964579
1438.812025,132.964355
1439.1020569,132.964094
1439.3919193,132.963795
1439.7103073,132.963758
1440.0003422,132.963422
1440.3003527,132.963311
1440.5703024,132.96346
1440.8603147,132.9629
1441.1603284,132.962788
1441.4703138,132.962229
1441.7503252,132.962266
1442.0405197,132.962117
1442.3206366,132.961669
1442.6406164,132.961819
1442.9206338,132.961632
1443.1906367,132.961334
1443.4906319,132.961408
1443.7806485,132.961297
1444.060648,132.960103
1444.3506483,132.96029
1444.6306518,132.960327
1444.930646,132.959954
1445.2006475,132.95973
1445.4906418,132.960066
1445.780651,132.959506
1446.0706293,132.959245
1446.3706496,132.959133
1446.6906356,132.95876
1446.9606383,132.958499
1447.2406459,132.958313
1447.5406094,132.958425
1447.8311198,132.95835
1448.1309013,132.958089
1448.4108854,132.958052
1448.7108774,132.95794
1448.9909026,132.957679
1449.2708928,132.957641
1449.5608606,132.956821
1449.8408814,132.95697
1450.1208996,132.957119
1450.4208932,132.956895
1450.7008802,132.956373
1451.0008745,132.956187
1451.3008993,132.956261
1451.6108898,132.955963
1451.8709001,132.955851
1452.1908889,132.955516
1452.4608767,132.955329
1452.7408804,132.955404
1453.0308843,132.955031
1453.3108691,132.955031
1453.6108771,132.95477
1453.8908885,132.954881
1454.1808978,132.954546
1454.4808813,132.954136
1454.760751,132.954024
1455.0607528,132.953315
1455.3508719,132.953427
1455.6608096,132.953203
1455.9508891,132.953017
1456.2408689,132.952942
1456.5308818,132.95283
1456.8209068,132.952383
1457.1108708,132.952159
1457.4009007,132.952383
1457.7008815,132.952196
1457.9808652,132.952196
1458.2808818,132.951786
1458.5609048,132.951599
1458.8608593,132.951376
1459.1808916,132.951077
1459.4908253,132.950928
1459.7708818,132.950741
1460.0908491,132.950369
1460.3708707,132.950555
1460.6508832,132.950294
1460.9408973,132.950331
1461.2108829,132.95007
1461.5207474,132.949734
1461.8308539,132.949548
1462.100847,132.949697
1462.4008614,132.949436
1462.6908763,132.94925
1462.9707493,132.949026
1463.2508708,132.949212
1463.5308671,132.948989
1463.8408738,132.948466
1464.1108734,132.948168
1464.4108847,132.94787
1464.6908746,132.947944
1464.9808817,132.947422
1465.2608712,132.94731
1465.5508299,132.947236
1465.8508518,132.946937
1466.1208782,132.946788
1466.4308454,132.946676
1466.7208693,132.946378
1466.9908683,132.946527
1467.2808754,132.946229
1467.5608772,132.945967
1467.8608733,132.945706
1468.1408525,132.945259
1468.4308026,132.945035
1468.7208718,132.94511
1469.0408746,132.945333
1469.3308396,132.944625
1469.6408716,132.944513
1469.9208856,132.94455
1470.2108555,132.944252
1470.5008688,132.944401
1470.7908627,132.943842
1471.0808688,132.943618
1471.3608332,132.943394
1471.6611106,132.943208
1471.9511796,132.94317
1472.2611516,132.942909
1472.5511855,132.94235
1472.8811787,132.942089
1473.1611821,132.942051
1473.4411643,132.941902
1473.731182,132.941604
1474.0111523,132.941044
1474.3011865,132.941305
1474.5811661,132.940821
1474.8611847,132.940783
1475.1511796,132.940448
1475.431187,132.94041
1475.7411595,132.94
1476.0111715,132.939888
1476.3011793,132.939515
1476.6111782,132.939515
1476.9011451,132.939291
1477.2011762,132.938993
1477.4911717,132.939441
1477.7811769,132.938844
1478.0710468,132.938657
1478.3611676,132.938359
1478.6511596,132.938061
1478.9411659,132.938322
1479.2411741,132.937949
1479.5211691,132.937837
1479.8311619,132.937501
1480.1111773,132.937352
1480.411168,132.937054
1480.7011746,132.936755
1481.0111643,132.936792
1481.2911574,132.936419
1481.5711587,132.936457
1481.8813885,132.935935
1482.1714002,132.936121
1482.4813995,132.935711
1482.761408,132.935375
1483.061401,132.934928
1483.3313952,132.935114
1483.6314002,132.935077
1483.931399,132.934667
1484.2113913,132.934667
1484.5113981,132.934368
1484.8013962,132.934368
1485.1113651,132.933883
1485.391375,132.93407
1485.7114117,132.933809
1485.991381,132.933398
1486.2913849,132.933025
1486.5813896,132.93269
1486.9013372,132.932578
1487.1713835,132.93269
1487.4414079,132.932354
1487.7514177,132.932429
1488.0314038,132.932093
1488.3413659,132.932093
1488.6112618,132.931869
1488.931395,132.931608
1489.2213637,132.931608
1489.5213878,132.931347
1489.8113712,132.931086
1490.1013863,132.930788
1490.4113867,132.930303
1490.7313778,132.930415
1491.0113942,132.929781
1491.331374,132.929781
1491.6213905,132.929408
1491.9113856,132.929482
1492.2113921,132.929184
1492.5213776,132.929221
1492.8313963,132.928513
1493.1213619,132.928177
1493.421338,132.928699
1493.7013977,132.928401
1493.9914007,132.928028
1494.2814062,132.927655
1494.5712563,132.927468
1494.8613762,132.927133
1495.1413818,132.926909
1495.4413897,132.926573
1495.7413868,132.926536
1496.0513888,132.926126
1496.3313868,132.926051
1496.6413908,132.925827
1496.921372,132.925753
1497.2113646,132.926126
1497.5013728,132.925902
1497.7913709,132.925491
1498.0713833,132.925342
1498.3613708,132.925305
1498.6913702,132.924596
1498.9813821,132.924895
1499.271381,132.924186
1499.5613807,132.923962
1499.8513984,132.92385
1500.1313949,132.923739
1500.421382,132.923701
1500.7413824,132.923291
1501.021392,132.923067
1501.3213767,132.922657
1501.6013948,132.92247
1501.9113622,132.922023
1502.1913693,132.922284
1502.4613804,132.922321
1502.7813848,132.921948
1503.071382,132.92165
1503.3713711,132.921613
1503.6513752,132.921352
1503.951377,132.921165
1504.2313837,132.920941
1504.5213738,132.920494
1504.8013679,132.920494
1505.0813604,132.920382
1505.3813701,132.920158
1505.6513754,132.920121
1505.9813707,132.919897
1506.2613577,132.91971
1506.5713654,132.919375
1506.8613782,132.919449
1507.1713565,132.919263
1507.4513887,132.919151
1507.7813606,132.918815
1508.0613604,132.918815
1508.3313638,132.918256
1508.6213885,132.918181
1508.9013667,132.917771
1509.2013787,132.917846
1509.4912869,132.91751
1509.8013656,132.917435
1510.0713732,132.917547
1510.3513661,132.917137
1510.651357,132.91654
1510.9313747,132.916428
1511.2212383,132.915981
1511.5013719,132.916093
1511.811365,132.916018
1512.0913571,132.915682
1512.4113814,132.915496
1512.6913614,132.915645
1513.0113692,132.915235
1513.2813552,132.915048
1513.5613751,132.915086
1513.8713758,132.914601
1514.1313639,132.914265
1514.4012392,132.914041
1514.7113562,132.914041
1515.001323,132.914004
1515.2913846,132.913482
1515.5813574,132.913333
1515.8913654,132.912997
1516.1813613,132.912699
1516.4913692,132.912885
1516.7713545,132.912699
1517.0713669,132.911953
1517.351381,132.912027
1517.6413652,132.912214
1517.9513673,132.911356
1518.2713595,132.911319
1518.5613302,132.911281
1518.8513661,132.911244
1519.1513746,132.910722
1519.4213592,132.910498
1519.7113554,132.910386
1520.0013602,132.910461
1520.2813855,132.910312
1520.5813574,132.910386
1520.8713562,132.910162
1521.181374,132.90964
1521.4612687,132.909491
1521.7612723,132.909193
1522.0513611,132.909491
1522.3413619,132.90882
1522.6113512,132.908521
1522.9113527,132.908559
1523.2413551,132.908148
1523.551353,132.907477
1523.831347,132.907626
1524.1013295,132.907701
1524.3913406,132.907664
1524.6813736,132.907589
1524.9912264,132.907067
1525.2813574,132.906955
1525.561361,132.906806
1525.8713515,132.906172
1526.1513506,132.905873
1526.4413533,132.905911
1526.741325,132.905948
1527.0713424,132.905761
1527.3413587,132.905575
1527.6513679,132.905277
1527.9513403,132.904829
1528.2613458,132.904717
1528.5431955,132.904717
1528.8234714,132.904381
1529.1134734,132.904493
1529.3934643,132.904158
1529.6936991,132.903897
1529.9737005,132.903822
1530.2736658,132.903561
1530.5536955,132.903635
1530.8439364,132.903673
1531.134172,132.902927
1531.4141729,132.902964
1531.7141702,132.902703
1532.0041758,132.902554
1532.3141608,132.902293
1532.5941617,132.901957
1532.9141654,132.901621
1533.1841865,132.901621
1533.4941821,132.901248
1533.784173,132.901099
1534.0941696,132.901211
1534.3841766,132.901062
1534.6741807,132.900652
1534.9941427,132.900428
1535.3041594,132.900241
1535.5941816,132.900167
1535.8841731,132.89998
1536.1841658,132.899719
1536.4641706,132.899645
1536.7541591,132.899346
1537.0341669,132.899234
1537.3441659,132.899234
1537.6241829,132.899011
1537.9141712,132.898973
1538.2341636,132.898227
1538.5241461,132.897929
1538.8241801,132.898078
1539.1041604,132.898078
1539.3941073,132.89778
1539.6841681,132.897705
1539.9941726,132.897183
1540.2741395,132.897258
1540.5741641,132.896922
1540.8640332,132.896773
1541.1741744,132.896325
1541.4541361,132.896139
1541.774114,132.895579
1542.0541783,132.895467
1542.3341741,132.895691
1542.6141746,132.895542
1542.8943905,132.895169
1543.1844253,132.895132
1543.4744088,132.895095
1543.7644235,132.894759
1544.0546456,132.894311
1544.3346512,132.894386
1544.6146539,132.893976
1544.9349011,132.893491
1545.2451344,132.893677
1545.5251297,132.89364
1545.8453774,132.893491
1546.1356156,132.893453
1546.4458526,132.893192
1546.7358176,132.892894
1547.0558516,132.892857
1547.3357988,132.892596
1547.6558344,132.891999
1547.9457169,132.891775
1548.2358327,132.891738
1548.5258384,132.891589
1548.8058455,132.891477
1549.1058501,132.891141
1549.3958336,132.891216
1549.7058489,132.890731
1549.9858563,132.890619
1550.2657566,132.890619
1550.5858353,132.890097
1550.8657171,132.890097
1551.18584,132.88991
1551.5058436,132.889686
1551.7958438,132.889873
1552.0758346,132.889612
1552.3858458,132.889276
1552.6758397,132.889313
1552.9758612,132.888791
1553.2558495,132.888717
1553.5658204,132.887076
1553.8558325,132.886777
1554.1758192,132.886143
1554.4559289,132.885546
1554.7457954,132.885062
1555.055888,132.884614
1555.3359205,132.883831
1555.6559241,132.882973
1555.9559362,132.882712
1556.2559339,132.880959
1556.5359316,132.879803
1556.8258719,132.87943
1557.1059247,132.878945
1557.415788,132.87764
1557.7059262,132.877267
1558.01592,132.874991
1558.2959181,132.874432
1558.5959301,132.872754
1558.8959054,132.871486
1559.2159074,132.86921
1559.4959166,132.869024
1559.8159136,132.86798
1560.1058644,132.867607
1560.3959013,132.867383
1560.6959246,132.866339
1560.9861055,132.865555
1561.3061161,132.863765
1561.6261344,132.862087
1561.9061142,132.860781
1562.1761307,132.859998
1562.4761318,132.858655
1562.7661207,132.857947
1563.0761251,132.855336
1563.3461315,132.854777
1563.6461159,132.851942
1563.9359982,132.850786
1564.2461282,132.848548
1564.5264358,132.847354
1564.8165816,132.84631
1565.1168083,132.843774
1565.3868075,132.84258
1565.6868069,132.842282
1565.9768158,132.841462
1566.2667245,132.83982
1566.5568141,132.838702
1566.8667438,132.837247
1567.1567983,132.836949
1567.4468072,132.836053
1567.7468075,132.834599
1568.0168059,132.834151
1568.3167882,132.832809
1568.6167868,132.8321
1568.9265331,132.831503
1569.2066278,132.830832
1569.4965672,132.830086
1569.7865575,132.829676
1570.0666262,132.829191
1570.3566543,132.828333
1570.6466219,132.828072
1570.9365068,132.82699
1571.2266329,132.826021
1571.5366352,132.825014
1571.836614,132.824753
1572.156641,132.824118
1572.4465048,132.823671
1572.716618,132.823634
1573.0166335,132.821731
1573.3066235,132.821172
1573.616627,132.820351
1573.9066153,132.819867
1574.2268468,132.818748
1574.5168629,132.818636
1574.8368697,132.81886
1575.1168748,132.818934
1575.4368074,132.8183
1575.7568554,132.818188
1576.0468581,132.817964
1576.3268708,132.817703
1576.6268695,132.81651
1576.9068008,132.815988
1577.2067397,132.815316
1577.496874,132.814943
1577.7968635,132.813563
1578.0668539,132.812818
1578.3568709,132.812221
1578.6873215,132.811438
1578.9674536,132.811139
1579.277772,132.810692
1579.5481399,132.810431
1579.86812,132.810207
1580.1583904,132.809946
1580.4685824,132.809312
1580.7589641,132.808976
1581.0589984,132.807708
1581.3493751,132.806999
1581.6593803,132.806962
1581.9493972,132.806514
1582.2496456,132.805806
1582.5396513,132.805619
1582.8396492,132.805395
1583.1396597,132.804724
