"Time","Potential","Position","Velocity","Acceleration"
0.01,2.375,,,
0.02,2.375,0.476,0.149,-3.212
0.03,2.370,,,
0.04,2.375,0.480,0.091,-3.656
0.05,2.375,,,
0.06,2.370,0.481,0.013,-4.212
0.07,2.375,,,
0.08,2.370,0.481,-0.078,-4.707
0.09,2.375,,,
0.10,2.375,0.478,-0.184,-4.808
0.11,2.375,,,
0.12,2.375,0.473,-0.279,-4.429
0.13,2.370,,,
0.14,2.375,0.467,-0.361,-3.931
0.15,2.375,,,
0.16,2.375,0.459,-0.438,-3.299
0.17,2.375,,,
0.18,2.370,0.449,-0.497,-2.494
0.19,2.375,,,
0.20,2.370,0.438,-0.537,-1.668
0.21,2.375,,,
0.22,2.370,0.427,-0.566,-0.702
0.23,2.370,,,
0.24,2.375,0.415,-0.569,0.415
0.25,2.375,,,
0.26,2.370,0.404,-0.546,1.408
0.27,2.375,,,
0.28,2.370,0.393,-0.512,2.344
0.29,2.370,,,
0.30,2.375,0.383,-0.453,3.267
0.31,2.375,,,
0.32,2.375,0.375,-0.377,4.010
0.33,2.370,,,
0.34,2.375,0.368,-0.291,4.639
0.35,2.370,,,
0.36,2.375,0.363,-0.189,5.084
0.37,2.370,,,
0.38,2.375,0.360,-0.085,5.340
0.39,2.370,,,
0.40,2.375,0.360,0.026,5.472
0.41,2.370,,,
0.42,2.375,0.361,0.139,5.301
0.43,2.370,,,
0.44,2.375,0.365,0.243,4.847
0.45,2.380,,,
0.46,1.006,0.371,0.334,4.302
0.47,2.370,,,
0.48,2.380,0.379,0.415,3.708
0.49,2.375,,,
0.50,2.375,0.388,0.485,2.949
0.51,2.370,,,
0.52,2.375,0.399,0.536,2.023
0.53,2.375,,,
0.54,2.370,0.410,0.568,0.987
0.55,2.375,,,
0.56,2.370,0.422,0.578,-0.171
0.57,2.370,,,
0.58,2.375,0.433,0.561,-1.298
0.59,2.370,,,
0.60,2.375,0.444,0.523,-2.254
0.61,2.370,,,
0.62,2.375,0.455,0.468,-3.063
0.63,2.370,,,
0.64,2.375,0.463,0.399,-3.758
0.65,2.375,,,
0.66,2.375,0.471,0.318,-4.432
0.67,2.375,,,
0.68,2.375,0.476,0.219,-4.955
0.69,2.370,,,
0.70,2.375,0.480,0.114,-5.155
0.71,2.375,,,
0.72,2.370,0.481,0.011,-5.202
0.73,2.375,,,
0.74,2.370,0.480,-0.096,-5.126
0.75,2.375,,,
0.76,2.375,0.477,-0.198,-4.844
0.77,2.370,,,
0.78,2.375,0.472,-0.291,-4.446
0.79,2.375,,,
0.80,2.375,0.465,-0.379,-3.882
0.81,2.375,,,
0.82,2.375,0.457,-0.449,-3.151
0.83,2.375,,,
0.84,2.370,0.447,-0.505,-2.369
0.85,2.375,,,
0.86,2.375,0.436,-0.546,-1.458
0.87,2.375,,,
0.88,2.375,0.425,-0.565,-0.448
0.89,2.375,,,
0.90,2.375,0.413,-0.565,0.590
0.91,2.375,,,
0.92,2.370,0.402,-0.542,1.637
0.93,2.375,,,
0.94,2.370,0.391,-0.496,2.518
0.95,2.375,,,
0.96,2.370,0.382,-0.439,3.297
0.97,2.375,,,
0.98,2.375,0.373,-0.365,4.066
0.99,2.375,,,
1.00,2.370,0.367,-0.274,4.702
1.01,2.375,,,
1.02,2.375,0.362,-0.174,5.165
1.03,2.375,,,
1.04,2.375,0.360,-0.063,5.356
1.05,2.370,,,
1.06,2.375,0.360,0.044,5.337
1.07,2.375,,,
1.08,2.370,0.362,0.151,5.208
1.09,2.370,,,
1.10,2.375,0.366,0.257,4.813
1.11,2.375,,,
1.12,1.012,0.372,0.346,4.264
1.13,2.370,,,
1.14,2.375,0.380,0.428,3.651
1.15,2.375,,,
1.16,2.375,0.390,0.495,2.863
1.17,2.370,,,
1.18,2.375,0.400,0.545,1.906
1.19,2.375,,,
1.20,2.370,0.412,0.575,0.762
1.21,2.375,,,
1.22,2.370,0.423,0.575,-0.366
1.23,2.370,,,
1.24,2.375,0.435,0.558,-1.390
1.25,2.375,,,
1.26,2.375,0.446,0.519,-2.344
1.27,2.380,,,
1.28,2.375,0.456,0.462,-3.134
1.29,2.375,,,
1.30,2.375,0.465,0.393,-3.860
1.31,2.375,,,
1.32,2.370,0.472,0.305,-4.443
1.33,2.375,,,
1.34,2.375,0.477,0.211,-4.815
1.35,2.375,,,
1.36,2.375,0.480,0.112,-5.113
1.37,2.375,,,
1.38,2.375,0.482,0.004,-5.233
1.39,2.375,,,
1.40,2.375,0.481,-0.102,-5.090
1.41,2.375,,,
1.42,2.375,0.478,-0.203,-4.768
1.43,2.370,,,
1.44,2.375,0.472,-0.293,-4.370
1.45,2.370,,,
1.46,2.375,0.466,-0.377,-3.930
1.47,2.370,,,
1.48,2.375,0.457,-0.455,-3.264
1.49,2.370,,,
1.50,2.370,0.447,-0.512,-2.390
1.51,2.375,,,
1.52,2.370,0.436,-0.551,-1.434
1.53,2.370,,,
1.54,2.375,0.425,-0.570,-0.412
1.55,2.375,,,
1.56,2.370,0.413,-0.566,0.543
1.57,2.375,,,
1.58,2.370,0.402,-0.549,1.503
1.59,2.375,,,
1.60,2.370,0.391,-0.507,2.503
1.61,2.375,,,
1.62,2.375,0.381,-0.447,3.425
1.63,2.375,,,
1.64,2.370,0.373,-0.369,4.259
1.65,2.375,,,
1.66,2.370,0.366,-0.272,4.839
1.67,2.370,,,
1.68,2.370,0.362,-0.172,5.204
1.69,2.375,,,
1.70,2.375,0.359,-0.063,5.453
1.71,2.375,,,
1.72,2.375,0.359,0.051,5.407
1.73,2.375,,,
1.74,2.375,0.361,0.156,5.188
1.75,2.375,,,
1.76,2.370,0.365,0.260,4.839
1.77,2.375,,,
1.78,1.006,0.372,0.354,4.272
1.79,2.370,,,
1.80,2.370,0.380,0.433,3.589
1.81,2.375,,,
1.82,2.375,0.390,0.498,2.798
1.83,2.370,,,
1.84,2.375,0.400,0.547,1.879
1.85,2.375,,,
1.86,2.370,0.412,0.577,0.769
1.87,2.375,,,
1.88,2.370,0.424,0.578,-0.379
1.89,2.375,,,
1.90,2.375,0.435,0.560,-1.441
1.91,2.370,,,
1.92,2.375,0.446,0.519,-2.424
1.93,2.375,,,
1.94,2.370,0.456,0.460,-3.248
1.95,2.370,,,
1.96,2.370,0.465,0.390,-4.037
1.97,2.375,,,
1.98,2.375,0.472,0.297,-4.666
1.99,2.370,,,
2.00,2.375,0.477,0.197,-4.983
2.01,2.370,,,
2.02,2.375,0.480,0.095,-5.151
2.03,2.375,,,
2.04,2.370,0.481,-0.009,-5.244
2.05,2.375,,,
2.06,2.375,0.480,-0.116,-5.239
2.07,2.375,,,
2.08,2.375,0.476,-0.224,-4.946
2.09,2.370,,,
2.10,2.375,0.470,-0.320,-4.307
2.11,2.370,,,
2.12,2.375,0.463,-0.397,-3.601
2.13,2.375,,,
2.14,2.370,0.454,-0.462,-2.943
2.15,2.375,,,
2.16,2.375,0.444,-0.516,-2.211
2.17,2.370,,,
2.18,2.375,0.434,-0.555,-1.280
2.19,2.370,,,
2.20,2.375,0.422,-0.570,-0.183
2.21,2.375,,,
2.22,2.375,0.410,-0.562,0.913
2.23,2.370,,,
2.24,2.370,0.399,-0.532,1.918
2.25,2.375,,,
2.26,2.375,0.389,-0.482,2.748
2.27,2.375,,,
2.28,2.375,0.380,-0.421,3.510
2.29,2.375,,,
2.30,2.370,0.372,-0.341,4.237
2.31,2.370,,,
2.32,2.375,0.366,-0.249,4.805
2.33,2.375,,,
2.34,2.370,0.362,-0.147,5.236
2.35,2.375,,,
2.36,2.375,0.360,-0.035,5.387
2.37,2.370,,,
2.38,2.375,0.360,0.073,5.279
2.39,2.370,,,
2.40,2.370,0.363,0.178,5.028
2.41,2.375,,,
2.42,2.370,0.367,0.277,4.592
2.43,2.375,,,
2.44,1.006,0.374,0.364,4.043
2.45,2.370,,,
2.46,2.375,0.382,0.439,3.427
2.47,2.370,,,
2.48,2.375,0.392,0.504,2.639
2.49,2.370,,,
2.50,2.375,0.403,0.548,1.646
2.51,2.375,,,
2.52,2.375,0.414,0.570,0.581
2.53,2.375,,,
2.54,2.375,0.426,0.574,-0.582
2.55,2.370,,,
2.56,2.375,0.437,0.547,-1.717
2.57,2.375,,,
2.58,2.375,0.448,0.501,-2.621
2.59,2.370,,,
2.60,2.375,0.458,0.439,-3.345
2.61,2.375,,,
2.62,2.370,0.466,0.364,-3.906
2.63,2.375,,,
2.64,2.375,0.472,0.282,-4.405
2.65,2.370,,,
2.66,2.375,0.477,0.187,-4.823
2.67,2.375,,,
2.68,2.375,0.480,0.085,-5.002
2.69,2.375,,,
2.70,2.370,0.481,-0.014,-5.071
2.71,2.375,,,
2.72,2.370,0.479,-0.119,-5.019
2.73,2.370,,,
2.74,2.375,0.476,-0.220,-4.703
2.75,2.370,,,
2.76,2.375,0.470,-0.311,-4.197
2.77,2.375,,,
2.78,2.375,0.463,-0.390,-3.577
2.79,2.370,,,
2.80,2.375,0.455,-0.453,-2.969
2.81,2.370,,,
2.82,2.375,0.445,-0.511,-2.215
2.83,2.370,,,
2.84,2.375,0.434,-0.546,-1.213
2.85,2.370,,,
2.86,2.370,0.423,-0.559,-0.189
2.87,2.375,,,
2.88,2.370,0.411,-0.553,0.813
2.89,2.375,,,
2.90,2.375,0.400,-0.525,1.714
2.91,2.370,,,
2.92,2.375,0.390,-0.484,2.589
2.93,2.370,,,
2.94,2.375,0.380,-0.422,3.485
2.95,2.375,,,
2.96,2.370,0.373,-0.343,4.254
2.97,2.375,,,
2.98,2.370,0.367,-0.249,4.822
2.99,2.375,,,
3.00,2.370,0.363,-0.146,5.134
3.01,2.370,,,
3.02,2.375,0.361,-0.040,5.228
3.03,2.370,,,
3.04,2.375,0.361,0.066,5.131
3.05,2.375,,,
3.06,2.375,0.363,0.166,4.951
3.07,2.375,,,
3.08,2.370,0.368,0.266,4.655
3.09,2.370,,,
3.10,1.012,0.374,0.357,4.116
3.11,2.370,,,
3.12,2.375,0.382,0.434,3.397
3.13,2.370,,,
3.14,2.375,0.392,0.494,2.556
3.15,2.375,,,
3.16,2.370,0.402,0.537,1.626
3.17,2.370,,,
3.18,2.375,0.414,0.562,0.534
3.19,2.375,,,
3.20,2.375,0.425,0.559,-0.591
3.21,2.370,,,
3.22,2.375,0.436,0.536,-1.600
3.23,2.375,,,
3.24,2.375,0.447,0.493,-2.486
3.25,2.375,,,
3.26,2.375,0.456,0.435,-3.227
3.27,2.370,,,
3.28,2.375,0.465,0.362,-3.858
3.29,2.370,,,
3.30,2.375,0.471,0.277,-4.323
3.31,2.370,,,
3.32,2.375,0.476,0.189,-4.729
3.33,2.375,,,
3.34,2.370,0.479,0.089,-5.116
3.35,2.375,,,
3.36,2.370,0.479,-0.020,-5.241
3.37,2.370,,,
3.38,2.375,0.478,-0.128,-4.989
3.39,2.370,,,
3.40,2.370,0.474,-0.222,-4.564
3.41,2.370,,,
3.42,2.375,0.469,-0.311,-4.089
3.43,2.370,,,
3.44,2.375,0.461,-0.389,-3.472
3.45,2.375,,,
3.46,2.370,0.453,-0.449,-2.822
3.47,2.375,,,
3.48,2.375,0.443,-0.502,-2.094
3.49,2.370,,,
3.50,2.375,0.433,-0.537,-1.194
3.51,2.375,,,
3.52,2.375,0.422,-0.552,-0.202
3.53,2.375,,,
3.54,2.370,0.410,-0.545,0.827
3.55,2.375,,,
3.56,2.375,0.400,-0.518,1.805
3.57,2.375,,,
3.58,2.375,0.389,-0.472,2.732
3.59,2.370,,,
3.60,2.375,0.380,-0.405,3.495
3.61,2.375,,,
3.62,2.370,0.373,-0.330,4.121
3.63,2.375,,,
3.64,2.370,0.367,-0.240,4.675
3.65,2.370,,,
3.66,2.370,0.363,-0.141,5.050
3.67,2.375,,,
3.68,2.375,0.361,-0.035,5.244
3.69,2.375,,,
3.70,2.370,0.362,0.074,5.154
3.71,2.375,,,
3.72,2.370,0.364,0.174,4.879
3.73,2.375,,,
3.74,2.370,0.369,0.270,4.509
3.75,2.375,,,
3.76,0.996,0.375,0.357,3.989
3.77,2.370,,,
3.78,2.375,0.383,0.432,3.338
3.79,2.370,,,
3.80,2.375,0.393,0.492,2.536
3.81,2.375,,,
3.82,2.370,0.403,0.535,1.617
3.83,2.375,,,
3.84,2.375,0.414,0.561,0.516
3.85,2.375,,,
3.86,2.375,0.426,0.556,-0.618
3.87,2.370,,,
3.88,2.375,0.437,0.533,-1.620
3.89,2.380,,,
3.90,2.375,0.448,0.490,-2.494
3.91,2.375,,,
3.92,2.370,0.457,0.431,-3.219
3.93,2.375,,,
3.94,2.375,0.465,0.359,-3.840
3.95,2.370,,,
3.96,2.375,0.471,0.275,-4.331
3.97,2.375,,,
3.98,2.375,0.476,0.185,-4.746
3.99,2.375,,,
4.00,2.375,0.479,0.083,-5.013
4.01,2.375,,,
4.02,2.375,0.480,-0.019,-5.060
4.03,2.370,,,
4.04,2.375,0.478,-0.122,-4.930
4.05,2.370,,,
4.06,2.375,0.475,-0.219,-4.615
4.07,2.375,,,
4.08,2.375,0.469,-0.309,-4.144
4.09,2.370,,,
4.10,2.375,0.462,-0.388,-3.507
4.11,2.375,,,
4.12,2.370,0.453,-0.449,-2.857
4.13,2.370,,,
4.14,2.375,0.444,-0.503,-2.143
4.15,2.370,,,
4.16,2.375,0.433,-0.538,-1.244
4.17,2.375,,,
4.18,2.375,0.422,-0.554,-0.280
4.19,2.370,,,
4.20,2.370,0.411,-0.550,0.729
4.21,2.370,,,
4.22,2.375,0.400,-0.524,1.730
4.23,2.375,,,
4.24,2.375,0.389,-0.480,2.662
4.25,2.375,,,
4.26,2.375,0.380,-0.417,3.508
4.27,2.375,,,
4.28,2.370,0.372,-0.338,4.236
4.29,2.375,,,
4.30,2.370,0.367,-0.244,4.756
4.31,2.375,,,
4.32,2.370,0.363,-0.144,5.073
4.33,2.370,,,
4.34,2.375,0.361,-0.038,5.210
4.35,2.370,,,
4.36,2.375,0.361,0.067,5.182
4.37,2.375,,,
4.38,2.370,0.363,0.171,5.014
4.39,2.370,,,
4.40,2.370,0.368,0.270,4.657
4.41,2.370,,,
4.42,1.006,0.374,0.360,4.118
4.43,2.375,,,
4.44,2.375,0.383,0.440,3.317
4.45,2.375,,,
4.46,2.370,0.392,0.495,2.400
4.47,2.375,,,
4.48,2.370,0.403,0.535,1.498
4.49,2.375,,,
4.50,2.370,0.414,0.556,0.524
4.51,2.375,,,
4.52,2.375,0.425,0.557,-0.501
4.53,2.370,,,
4.54,2.375,0.437,0.536,-1.525
4.55,2.375,,,
4.56,2.370,0.447,0.494,-2.443
4.57,2.370,,,
4.58,2.375,0.457,0.438,-3.286
4.59,2.375,,,
4.60,2.375,0.465,0.360,-3.968
4.61,2.375,,,
4.62,2.370,0.471,0.274,-4.379
4.63,2.375,,,
4.64,2.370,0.476,0.183,-4.651
4.65,2.375,,,
4.66,2.370,0.479,0.087,-4.847
4.67,2.370,,,
4.68,2.375,0.479,-0.011,-4.997
4.69,2.370,,,
4.70,2.375,0.478,-0.116,-4.943
4.71,2.370,,,
4.72,2.375,0.475,-0.213,-4.637
4.73,2.375,,,
4.74,2.375,0.470,-0.304,-4.180
4.75,2.375,,,
4.76,2.370,0.462,-0.383,-3.568
4.77,2.375,,,
4.78,2.375,0.454,-0.448,-2.862
4.79,2.370,,,
4.80,2.375,0.444,-0.499,-2.054
4.81,2.370,,,
4.82,2.375,0.434,-0.530,-1.222
4.83,2.375,,,
4.84,2.375,0.423,-0.549,-0.330
4.85,2.370,,,
4.86,2.375,0.411,-0.545,0.649
4.87,2.370,,,
4.88,2.375,0.401,-0.523,1.614
4.89,2.370,,,
4.90,2.375,0.390,-0.480,2.556
4.91,2.370,,,
4.92,2.375,0.381,-0.419,3.413
4.93,2.370,,,
4.94,2.375,0.373,-0.342,4.151
4.95,2.375,,,
4.96,2.375,0.367,-0.250,4.710
4.97,2.375,,,
4.98,2.375,0.363,-0.150,5.066
4.99,2.370,,,
5.00,2.375,0.361,-0.043,5.145
5.01,2.370,,,
5.02,2.375,0.361,0.058,5.072
5.03,2.375,,,
5.04,2.370,0.363,0.159,5.006
5.05,2.375,,,
5.06,2.375,0.368,0.261,4.741
5.07,2.370,,,
5.08,1.017,0.374,0.355,4.154
5.09,2.375,,,
5.10,2.375,0.382,0.430,3.410
5.11,2.370,,,
5.12,2.370,0.391,0.492,2.585
5.13,2.375,,,
5.14,2.370,0.402,0.536,1.622
5.15,2.375,,,
5.16,2.375,0.413,0.556,0.645
5.17,2.370,,,
5.18,2.370,0.425,0.563,-0.397
5.19,2.375,,,
5.20,2.370,0.436,0.543,-1.518
5.21,2.375,,,
5.22,2.370,0.447,0.499,-2.483
5.23,2.375,,,
5.24,2.370,0.456,0.438,-3.198
5.25,2.375,,,
5.26,2.375,0.464,0.369,-3.772
5.27,2.370,,,
5.28,2.375,0.471,0.290,-4.392
5.29,2.375,,,
5.30,2.370,0.476,0.192,-4.903
5.31,2.375,,,
5.32,2.375,0.479,0.087,-5.112
5.33,2.370,,,
5.34,2.370,0.480,-0.016,-5.097
5.35,2.370,,,
5.36,2.375,0.478,-0.117,-4.967
5.37,2.370,,,
5.38,2.375,0.475,-0.218,-4.685
5.39,2.375,,,
5.40,2.370,0.469,-0.309,-4.201
5.41,2.375,,,
5.42,2.370,0.463,-0.387,-3.599
5.43,2.375,,,
5.44,2.375,0.454,-0.454,-2.907
5.45,2.375,,,
5.46,2.375,0.444,-0.505,-2.114
5.47,2.375,,,
5.48,2.375,0.433,-0.540,-1.212
5.49,2.375,,,
5.50,2.370,0.422,-0.554,-0.275
5.51,2.375,,,
5.52,2.375,0.411,-0.553,0.734
5.53,2.370,,,
5.54,2.375,0.400,-0.526,1.777
5.55,2.370,,,
5.56,2.375,0.390,-0.477,2.620
5.57,2.375,,,
5.58,2.375,0.381,-0.420,3.399
5.59,2.375,,,
5.60,2.370,0.372,-0.344,4.225
5.61,2.370,,,
5.62,2.375,0.366,-0.246,4.789
5.63,2.375,,,
5.64,2.375,0.363,-0.145,5.018
5.65,2.370,,,
5.66,2.375,0.361,-0.046,5.196
5.67,2.375,,,
5.68,2.370,0.361,0.063,5.284
5.69,2.375,,,
5.70,2.370,0.363,0.171,5.108
5.71,2.375,,,
5.72,2.370,0.368,0.271,4.712
5.73,2.375,,,
5.74,1.027,0.374,0.364,4.050
5.75,2.375,,,
5.76,2.375,0.382,0.435,3.261
5.77,2.370,,,
5.78,2.375,0.392,0.494,2.462
5.79,2.375,,,
5.80,2.375,0.402,0.535,1.583
5.81,2.370,,,
5.82,2.375,0.413,0.558,0.642
5.83,2.370,,,
5.84,2.375,0.425,0.564,-0.457
5.85,2.370,,,
5.86,2.375,0.436,0.539,-1.542
5.87,2.375,,,
5.88,2.370,0.447,0.498,-2.425
5.89,2.370,,,
5.90,2.375,0.457,0.442,-3.262
5.91,2.370,,,
5.92,2.375,0.465,0.366,-3.977
5.93,2.370,,,
5.94,2.375,0.471,0.279,-4.485
5.95,2.375,,,
5.96,2.370,0.476,0.184,-4.850
5.97,2.375,,,
5.98,2.370,0.479,0.083,-5.048
5.99,2.375,,,
6.00,2.375,0.480,-0.019,-5.118
6.01,2.370,,,
6.02,2.375,0.478,-0.125,-4.990
6.03,2.370,,,
6.04,2.370,0.474,-0.224,-4.586
6.05,2.375,,,
6.06,2.370,0.469,-0.310,-4.062
6.07,2.375,,,
6.08,2.375,0.462,-0.385,-3.560
6.09,2.375,,,
6.10,2.375,0.453,-0.455,-2.939
6.11,2.370,,,
6.12,2.375,0.443,-0.506,-2.129
6.13,2.375,,,
6.14,2.370,0.433,-0.542,-1.188
6.15,2.375,,,
6.16,2.370,0.421,-0.555,-0.181
6.17,2.375,,,
6.18,2.375,0.410,-0.548,0.785
6.19,2.375,,,
6.20,2.375,0.399,-0.524,1.763
6.21,2.375,,,
6.22,2.375,0.389,-0.478,2.722
6.23,2.375,,,
6.24,2.370,0.380,-0.413,3.583
6.25,2.375,,,
6.26,2.370,0.372,-0.330,4.210
6.27,2.375,,,
6.28,2.375,0.367,-0.242,4.666
6.29,2.370,,,
6.30,2.375,0.362,-0.143,5.049
6.31,2.375,,,
6.32,2.375,0.361,-0.037,5.227
6.33,2.375,,,
6.34,2.370,0.361,0.070,5.186
6.35,2.375,,,
6.36,2.370,0.364,0.173,4.974
6.37,2.375,,,
6.38,2.375,0.368,0.271,4.623
6.39,2.370,,,
6.40,1.006,0.375,0.360,4.122
6.41,2.375,,,
6.42,2.375,0.382,0.438,3.465
6.43,2.375,,,
6.44,2.370,0.392,0.504,2.554
6.45,2.375,,,
6.46,2.375,0.403,0.542,1.528
6.47,2.370,,,
6.48,2.375,0.414,0.564,0.515
6.49,2.370,,,
6.50,2.375,0.426,0.564,-0.559
6.51,2.375,,,
6.52,2.370,0.437,0.541,-1.592
6.53,2.375,,,
6.54,2.370,0.448,0.499,-2.538
6.55,2.370,,,
6.56,2.370,0.457,0.438,-3.370
6.57,2.370,,,
6.58,2.375,0.466,0.361,-4.005
6.59,2.370,,,
6.60,2.370,0.472,0.273,-4.406
6.61,2.375,,,
6.62,2.370,0.477,0.184,-4.740
6.63,2.375,,,
6.64,2.370,0.479,0.083,-4.997
6.65,2.375,,,
6.66,2.370,0.480,-0.019,-5.068
6.67,2.370,,,
6.68,2.375,0.479,-0.123,-4.960
6.69,2.370,,,
6.70,2.375,0.475,-0.221,-4.660
6.71,2.375,,,
6.72,2.375,0.470,-0.312,-4.184
6.73,2.375,,,
6.74,2.375,0.462,-0.391,-3.541
6.75,2.375,,,
6.76,2.375,0.454,-0.452,-2.913
6.77,2.370,,,
6.78,2.370,0.444,-0.509,-2.202
6.79,2.370,,,
6.80,2.375,0.433,-0.545,-1.248
6.81,2.375,,,
6.82,2.375,0.422,-0.560,-0.214
6.83,2.375,,,
6.84,2.375,0.410,-0.553,0.780
6.85,2.370,,,
6.86,2.375,0.400,-0.528,1.728
6.87,2.370,,,
6.88,2.375,0.389,-0.484,2.689
6.89,2.375,,,
6.90,2.370,0.380,-0.420,3.601
6.91,2.375,,,
6.92,2.370,0.372,-0.337,4.329
6.93,2.370,,,
6.94,2.375,0.366,-0.241,4.750
6.95,2.375,,,
6.96,2.375,0.362,-0.145,5.007
6.97,2.370,,,
6.98,2.375,0.360,-0.041,5.231
6.99,2.375,,,
7.00,2.375,0.361,0.067,5.291
7.01,2.370,,,
7.02,2.370,0.363,0.175,5.084
7.03,2.375,,,
7.04,2.370,0.368,0.275,4.640
7.05,2.370,,,
7.06,1.017,0.374,0.363,4.051
7.07,2.370,,,
7.08,2.370,0.383,0.438,3.358
7.09,2.375,,,
7.10,2.370,0.392,0.499,2.543
7.11,2.375,,,
7.12,2.375,0.403,0.543,1.534
7.13,2.375,,,
7.14,2.375,0.414,0.561,0.472
7.15,2.370,,,
7.16,2.375,0.425,0.561,-0.560
7.17,2.375,,,
7.18,2.370,0.437,0.538,-1.562
7.19,2.370,,,
7.20,2.375,0.447,0.497,-2.478
7.21,2.370,,,
7.22,2.375,0.457,0.439,-3.332
7.23,2.370,,,
7.24,2.375,0.465,0.362,-4.030
7.25,2.370,,,
7.26,2.375,0.472,0.274,-4.541
7.27,2.375,,,
7.28,2.370,0.476,0.178,-4.918
7.29,2.375,,,
7.30,2.375,0.479,0.075,-5.142
7.31,2.370,,,
7.32,2.375,0.479,-0.032,-5.124
7.33,2.370,,,
7.34,2.375,0.478,-0.132,-4.948
7.35,2.375,,,
7.36,2.370,0.474,-0.232,-4.636
7.37,2.375,,,
7.38,2.370,0.468,-0.321,-4.118
7.39,2.375,,,
7.40,2.370,0.461,-0.398,-3.476
7.41,2.375,,,
7.42,2.375,0.452,-0.462,-2.737
7.43,2.370,,,
7.44,2.370,0.442,-0.507,-1.979
7.45,2.375,,,
7.46,2.375,0.432,-0.543,-1.100
7.47,2.375,,,
7.48,2.375,0.420,-0.554,-0.083
7.49,2.375,,,
7.50,2.370,0.409,-0.545,0.906
7.51,2.370,,,
7.52,2.375,0.398,-0.518,1.905
7.53,2.375,,,
7.54,2.370,0.388,-0.467,2.794
7.55,2.375,,,
7.56,2.370,0.379,-0.404,3.561
7.57,2.375,,,
7.58,2.370,0.371,-0.324,4.255
7.59,2.375,,,
7.60,2.375,0.366,-0.232,4.782
7.61,2.375,,,
7.62,2.375,0.362,-0.131,5.152
7.63,2.370,,,
7.64,2.375,0.361,-0.020,5.242
7.65,2.375,,,
7.66,2.370,0.361,0.083,5.102
7.67,2.375,,,
7.68,2.375,0.364,0.184,4.873
7.69,2.370,,,
7.70,2.375,0.369,0.280,4.513
7.71,2.370,,,
7.72,1.037,0.375,0.368,3.975
7.73,2.375,,,
7.74,2.370,0.384,0.442,3.262
7.75,2.375,,,
7.76,2.370,0.393,0.500,2.442
7.77,2.375,,,
7.78,2.375,0.404,0.541,1.516
7.79,2.370,,,
7.80,2.375,0.415,0.562,0.519
7.81,2.370,,,
7.82,2.375,0.427,0.565,-0.624
7.83,2.375,,,
7.84,2.375,0.438,0.537,-1.750
7.85,2.375,,,
7.86,2.375,0.449,0.490,-2.634
7.87,2.370,,,
7.88,2.375,0.458,0.428,-3.352
7.89,2.370,,,
7.90,2.375,0.466,0.354,-3.951
7.91,2.375,,,
7.92,2.370,0.472,0.270,-4.499
7.93,2.370,,,
7.94,2.370,0.477,0.172,-4.891
7.95,2.375,,,
7.96,2.375,0.479,0.072,-5.097
7.97,2.370,,,
7.98,2.375,0.480,-0.035,-5.120
7.99,2.375,,,
8.00,2.370,0.478,-0.139,-4.855
8.01,2.375,,,
8.02,2.370,0.474,-0.231,-4.462
8.03,2.375,,,
8.04,2.375,0.469,-0.317,-4.032
8.05,2.370,,,
8.06,2.375,0.461,-0.393,-3.528
8.07,2.375,,,
8.08,2.370,0.453,-0.461,-2.875
8.09,2.370,,,
8.10,2.375,0.443,-0.512,-2.021
8.11,2.375,,,
8.12,2.370,0.432,-0.542,-1.110
8.13,2.375,,,
8.14,2.375,0.421,-0.557,-0.140
8.15,2.370,,,
8.16,2.375,0.409,-0.549,0.890
8.17,2.370,,,
8.18,2.375,0.398,-0.519,1.818
8.19,2.375,,,
8.20,2.370,0.388,-0.476,2.715
8.21,2.375,,,
8.22,2.370,0.379,-0.413,3.659
8.23,2.370,,,
8.24,2.375,0.371,-0.327,4.437
8.25,2.370,,,
8.26,2.375,0.366,-0.228,4.848
8.27,2.375,,,
8.28,2.375,0.362,-0.130,5.054
8.29,2.375,,,
8.30,2.370,0.360,-0.025,5.181
8.31,2.370,,,
8.32,2.375,0.361,0.080,5.168
8.33,2.370,,,
8.34,2.375,0.364,0.184,4.965
8.35,2.370,,,
8.36,2.375,0.369,0.282,4.541
8.37,2.370,,,
8.38,1.006,0.375,0.368,3.973
8.39,2.375,,,
8.40,2.370,0.384,0.443,3.278
8.41,2.375,,,
8.42,2.375,0.393,0.502,2.438
8.43,2.370,,,
8.44,2.370,0.404,0.544,1.421
8.45,2.370,,,
8.46,2.375,0.415,0.559,0.369
8.47,2.375,,,
8.48,2.370,0.427,0.557,-0.629
8.49,2.375,,,
8.50,2.370,0.438,0.534,-1.633
8.51,2.375,,,
8.52,2.370,0.448,0.491,-2.583
8.53,2.375,,,
8.54,2.375,0.458,0.428,-3.404
8.55,2.375,,,
8.56,2.375,0.466,0.352,-4.068
8.57,2.370,,,
8.58,2.370,0.472,0.264,-4.587
8.59,2.375,,,
8.60,2.375,0.476,0.166,-4.932
8.61,2.375,,,
8.62,2.375,0.479,0.064,-5.123
8.63,2.370,,,
8.64,2.375,0.479,-0.042,-5.109
8.65,2.375,,,
8.66,2.375,0.477,-0.145,-4.851
8.67,2.375,,,
8.68,2.370,0.473,-0.238,-4.452
8.69,2.375,,,
8.70,2.370,0.467,-0.322,-4.042
8.71,2.370,,,
8.72,2.375,0.460,-0.402,-3.506
8.73,2.370,,,
8.74,2.375,0.451,-0.467,-2.739
8.75,2.375,,,
8.76,2.375,0.441,-0.513,-1.859
8.77,2.375,,,
8.78,2.375,0.430,-0.542,-0.898
8.79,2.370,,,
8.80,2.370,0.419,-0.550,0.105
8.81,2.375,,,
8.82,2.375,0.408,-0.537,1.071
8.83,2.370,,,
8.84,2.375,0.397,-0.505,1.916
8.85,2.375,,,
8.86,2.370,0.388,-0.460,2.720
8.87,2.375,,,
8.88,2.375,0.379,-0.397,3.538
8.89,2.370,,,
8.90,2.375,0.371,-0.317,4.262
8.91,2.370,,,
8.92,2.375,0.366,-0.223,4.783
8.93,2.375,,,
8.94,2.375,0.362,-0.121,5.050
8.95,2.375,,,
8.96,2.370,0.361,-0.018,5.149
8.97,2.375,,,
8.98,2.375,0.362,0.086,5.126
8.99,2.370,,,
9.00,2.375,0.364,0.189,4.960
9.01,2.375,,,
9.02,2.375,0.369,0.288,4.594
9.03,2.365,,,
9.04,1.022,0.376,0.376,4.035
9.05,2.370,,,
9.06,2.370,0.384,0.453,3.233
9.07,2.375,,,
9.08,2.375,0.394,0.508,2.258
9.09,2.370,,,
9.10,2.375,0.405,0.543,1.267
9.11,2.370,,,
9.12,2.375,0.416,0.558,0.277
9.13,2.375,,,
9.14,2.370,0.428,0.555,-0.754
9.15,2.375,,,
9.16,2.380,0.439,0.528,-1.755
9.17,2.375,,,
9.18,2.375,0.449,0.482,-2.612
9.19,2.370,,,
9.20,2.375,0.459,0.422,-3.376
9.21,2.370,,,
9.22,2.375,0.466,0.346,-4.006
9.23,2.375,,,
9.24,2.370,0.473,0.258,-4.411
9.25,2.375,,,
9.26,2.370,0.477,0.166,-4.661
9.27,2.375,,,
9.28,2.375,0.479,0.073,-4.921
9.29,2.370,,,
9.30,2.375,0.480,-0.033,-5.041
9.31,2.375,,,
9.32,2.370,0.478,-0.134,-4.892
9.33,2.375,,,
9.34,2.370,0.474,-0.231,-4.569
9.35,2.375,,,
9.36,2.375,0.469,-0.319,-4.085
9.37,2.370,,,
9.38,2.375,0.461,-0.397,-3.451
9.39,2.375,,,
9.40,2.370,0.452,-0.458,-2.742
9.41,2.375,,,
9.42,2.370,0.443,-0.505,-2.061
9.43,2.375,,,
9.44,2.370,0.432,-0.544,-1.213
9.45,2.375,,,
9.46,2.375,0.421,-0.559,-0.095
9.47,2.370,,,
9.48,2.375,0.409,-0.547,0.987
9.49,2.375,,,
9.50,2.370,0.399,-0.515,1.875
9.51,2.375,,,
9.52,2.375,0.388,-0.471,2.706
9.53,2.375,,,
9.54,2.370,0.379,-0.408,3.543
9.55,2.370,,,
9.56,2.375,0.372,-0.328,4.310
9.57,2.370,,,
9.58,2.375,0.366,-0.233,4.889
9.59,2.375,,,
9.60,2.370,0.362,-0.126,5.123
9.61,2.375,,,
9.62,2.370,0.361,-0.024,5.153
9.63,2.375,,,
9.64,2.370,0.361,0.080,5.110
9.65,2.375,,,
9.66,2.375,0.364,0.182,4.913
9.67,2.375,,,
9.68,2.375,0.369,0.279,4.547
9.69,2.365,,,
9.70,1.022,0.376,0.367,3.992
9.71,2.375,,,
9.72,2.375,0.384,0.442,3.263
9.73,2.370,,,
9.74,2.375,0.393,0.502,2.329
9.75,2.370,,,
9.76,2.375,0.404,0.536,1.340
9.77,2.370,,,
9.78,2.375,0.415,0.553,0.431
9.79,2.375,,,
9.80,2.370,0.426,0.554,-0.543
9.81,2.375,,,
9.82,2.370,0.438,0.534,-1.626
9.83,2.375,,,
9.84,2.375,0.448,0.487,-2.617
9.85,2.370,,,
9.86,2.380,0.457,0.425,-3.371
9.87,2.375,,,
9.88,2.370,0.465,0.350,-3.968
9.89,2.370,,,
9.90,2.375,0.472,0.265,-4.454
9.91,2.375,,,
9.92,2.375,0.476,0.169,-4.789
9.93,2.370,,,
9.94,2.375,0.478,0.071,-4.980
9.95,2.370,,,
9.96,2.375,0.479,-0.030,-5.089
9.97,2.375,,,
9.98,2.370,0.477,-0.138,-4.928
9.99,2.370,,,
10.00,2.370,0.473,-0.232,-4.518
10.01,2.375,,,
10.02,2.375,0.468,-0.318,-4.068
10.03,2.370,,,
10.04,2.375,0.460,-0.397,-3.484
10.05,2.370,,,
10.06,2.375,0.452,-0.460,-2.760
10.07,2.375,,,
10.08,2.375,0.442,-0.508,-1.954
10.09,2.375,,,
10.10,2.375,0.431,-0.540,-1.042
10.11,2.370,,,
10.12,2.375,0.420,-0.551,-0.057
10.13,2.370,,,
10.14,2.375,0.409,-0.542,0.936
10.15,2.375,,,
10.16,2.370,0.398,-0.513,1.911
10.17,2.375,,,
10.18,2.370,0.388,-0.465,2.810
10.19,2.375,,,
10.20,2.375,0.379,-0.400,3.628
10.21,2.370,,,
10.22,2.375,0.372,-0.316,4.243
10.23,2.375,,,
10.24,2.375,0.366,-0.226,4.650
10.25,2.370,,,
10.26,2.370,0.363,-0.129,4.981
10.27,2.375,,,
10.28,2.370,0.361,-0.026,5.195
10.29,2.375,,,
10.30,2.375,0.361,0.082,5.190
10.31,2.375,,,
10.32,2.375,0.364,0.185,4.969
10.33,2.375,,,
10.34,2.370,0.369,0.283,4.611
10.35,2.360,,,
10.36,1.037,0.376,0.374,4.003
10.37,2.375,,,
10.38,2.375,0.384,0.446,3.218
10.39,2.375,,,
10.40,2.375,0.394,0.504,2.346
10.41,2.370,,,
10.42,2.375,0.405,0.541,1.377
10.43,2.370,,,
10.44,2.375,0.416,0.560,0.339
10.45,2.375,,,
10.46,2.375,0.427,0.555,-0.718
10.47,2.375,,,
10.48,2.375,0.438,0.530,-1.680
10.49,2.370,,,
10.50,2.375,0.449,0.487,-2.553
10.51,2.375,,,
10.52,2.375,0.458,0.426,-3.321
10.53,2.375,,,
10.54,2.370,0.466,0.352,-3.986
10.55,2.375,,,
10.56,2.370,0.472,0.263,-4.469
10.57,2.375,,,
10.58,2.375,0.477,0.171,-4.774
10.59,2.375,,,
10.60,2.375,0.479,0.071,-4.964
10.61,2.375,,,
10.62,2.375,0.480,-0.030,-4.996
10.63,2.375,,,
10.64,2.375,0.478,-0.132,-4.859
10.65,2.375,,,
10.66,2.375,0.474,-0.228,-4.545
10.67,2.370,,,
10.68,2.375,0.469,-0.316,-4.080
10.69,2.370,,,
10.70,2.375,0.461,-0.393,-3.485
10.71,2.375,,,
10.72,2.370,0.453,-0.456,-2.832
10.73,2.375,,,
10.74,2.370,0.443,-0.508,-2.087
10.75,2.375,,,
10.76,2.370,0.432,-0.543,-1.160
10.77,2.375,,,
10.78,2.375,0.421,-0.556,-0.129
10.79,2.375,,,
10.80,2.375,0.410,-0.547,0.892
10.81,2.370,,,
10.82,2.370,0.399,-0.519,1.872
10.83,2.370,,,
10.84,2.375,0.389,-0.470,2.730
10.85,2.370,,,
10.86,2.375,0.380,-0.409,3.506
10.87,2.375,,,
10.88,2.370,0.372,-0.329,4.211
10.89,2.375,,,
10.90,2.375,0.366,-0.237,4.723
10.91,2.375,,,
10.92,2.375,0.362,-0.137,5.027
10.93,2.375,,,
10.94,2.380,0.361,-0.034,5.181
10.95,2.375,,,
10.96,2.375,0.361,0.072,5.230
10.97,2.370,,,
10.98,2.375,0.364,0.179,5.061
10.99,2.375,,,
11.00,2.370,0.368,0.278,4.639
11.01,2.350,,,
11.02,1.072,0.375,0.368,3.971
11.03,2.370,,,
11.04,2.375,0.383,0.439,3.187
11.05,2.370,,,
11.06,2.375,0.393,0.496,2.369
11.07,2.375,,,
11.08,2.375,0.403,0.535,1.466
11.09,2.375,,,
11.10,2.375,0.414,0.556,0.496
11.11,2.370,,,
11.12,2.370,0.426,0.556,-0.526
11.13,2.370,,,
11.14,2.380,0.437,0.535,-1.547
11.15,2.375,,,
11.16,2.375,0.448,0.493,-2.509
11.17,2.370,,,
11.18,2.370,0.457,0.432,-3.347
11.19,2.375,,,
11.20,2.370,0.465,0.356,-4.021
11.21,2.375,,,
11.22,2.375,0.471,0.269,-4.534
11.23,2.370,,,
11.24,2.375,0.476,0.172,-4.889
11.25,2.370,,,
11.26,2.375,0.478,0.071,-5.106
11.27,2.370,,,
11.28,2.375,0.479,-0.033,-5.198
11.29,2.375,,,
11.30,2.370,0.477,-0.142,-4.985
11.31,2.375,,,
11.32,2.375,0.473,-0.236,-4.555
11.33,2.370,,,
11.34,2.375,0.468,-0.325,-4.056
11.35,2.375,,,
11.36,2.375,0.460,-0.402,-3.394
11.37,2.375,,,
11.38,2.370,0.451,-0.460,-2.713
11.39,2.375,,,
11.40,2.375,0.441,-0.511,-1.959
11.41,2.370,,,
11.42,2.370,0.431,-0.542,-1.019
11.43,2.375,,,
11.44,2.375,0.419,-0.553,0.006
11.45,2.370,,,
11.46,2.370,0.408,-0.542,1.025
11.47,2.375,,,
11.48,2.375,0.398,-0.511,1.972
11.49,2.375,,,
11.50,2.375,0.387,-0.462,2.862
11.51,2.370,,,
11.52,2.375,0.379,-0.394,3.591
11.53,2.370,,,
11.54,2.375,0.371,-0.317,4.205
11.55,2.370,,,
11.56,2.375,0.366,-0.224,4.727
11.57,2.375,,,
11.58,2.375,0.362,-0.124,5.063
11.59,2.370,,,
11.60,2.375,0.361,-0.019,5.219
11.61,2.375,,,
11.62,2.375,0.362,0.087,5.172
11.63,2.375,,,
11.64,2.370,0.364,0.191,4.931
11.65,2.375,,,
11.66,2.370,0.369,0.287,4.534
11.67,2.339,,,
11.68,1.113,0.376,0.374,3.996
11.69,2.375,,,
11.70,2.375,0.385,0.450,3.271
11.71,2.370,,,
11.72,2.375,0.394,0.508,2.388
11.73,2.375,,,
11.74,2.375,0.405,0.549,1.332
11.75,2.375,,,
11.76,2.370,0.417,0.562,0.219
11.77,2.375,,,
11.78,2.375,0.428,0.554,-0.754
11.79,2.375,,,
11.80,2.370,0.439,0.531,-1.664
11.81,2.375,,,
11.82,2.375,0.449,0.490,-2.625
11.83,2.375,,,
11.84,2.375,0.459,0.424,-3.458
11.85,2.370,,,
11.86,2.375,0.467,0.346,-4.028
11.87,2.375,,,
11.88,2.375,0.473,0.259,-4.400
11.89,2.370,,,
11.90,2.375,0.477,0.168,-4.602
11.91,2.375,,,
11.92,2.370,0.480,0.076,-4.801
11.93,2.375,,,
11.94,2.370,0.480,-0.025,-4.928
11.95,2.375,,,
11.96,2.375,0.479,-0.125,-4.844
11.97,2.370,,,
11.98,2.375,0.475,-0.222,-4.568
11.99,2.375,,,
12.00,2.375,0.470,-0.310,-4.129
12.01,2.370,,,
12.02,2.370,0.463,-0.389,-3.572
12.03,2.375,,,
12.04,2.370,0.454,-0.455,-2.894
12.05,2.375,,,
12.06,2.375,0.444,-0.506,-2.111
12.07,2.370,,,
12.08,2.375,0.433,-0.541,-1.214
12.09,2.375,,,
12.10,2.375,0.422,-0.556,-0.245
12.11,2.375,,,
12.12,2.370,0.411,-0.552,0.770
12.13,2.375,,,
12.14,2.375,0.400,-0.525,1.785
12.15,2.375,,,
12.16,2.370,0.389,-0.480,2.774
12.17,2.370,,,
12.18,2.375,0.380,-0.411,3.582
12.19,2.375,,,
12.20,2.370,0.373,-0.332,4.135
12.21,2.375,,,
12.22,2.370,0.367,-0.245,4.620
12.23,2.375,,,
12.24,2.370,0.363,-0.147,5.049
12.25,2.375,,,
12.26,2.370,0.361,-0.039,5.250
12.27,2.370,,,
12.28,2.375,0.361,0.067,5.210
12.29,2.375,,,
12.30,2.370,0.363,0.171,5.024
12.31,2.375,,,
12.32,2.375,0.368,0.271,4.644
12.33,2.299,,,
12.34,1.138,0.374,0.360,4.062
12.35,2.370,,,
12.36,2.375,0.383,0.435,3.342
12.37,2.370,,,
12.38,2.375,0.392,0.495,2.542
12.39,2.375,,,
12.40,2.370,0.403,0.541,1.558
12.41,2.375,,,
12.42,2.375,0.414,0.559,0.455
12.43,2.375,,,
12.44,2.375,0.425,0.557,-0.573
12.45,2.370,,,
12.46,2.375,0.437,0.535,-1.529
12.47,2.370,,,
12.48,2.375,0.447,0.495,-2.438
12.49,2.375,,,
12.50,2.370,0.457,0.436,-3.265
12.51,2.370,,,
12.52,2.370,0.465,0.361,-3.899
12.53,2.375,,,
12.54,2.375,0.472,0.277,-4.345
12.55,2.370,,,
12.56,2.375,0.476,0.186,-4.663
12.57,2.375,,,
12.58,2.370,0.479,0.091,-4.952
12.59,2.370,,,
12.60,2.370,0.480,-0.015,-5.090
12.61,2.375,,,
12.62,2.375,0.478,-0.118,-4.937
12.63,2.370,,,
12.64,2.375,0.475,-0.215,-4.620
12.65,2.370,,,
12.66,2.375,0.470,-0.304,-4.174
12.67,2.375,,,
12.68,2.370,0.463,-0.384,-3.596
12.69,2.375,,,
12.70,2.375,0.454,-0.450,-2.915
12.71,2.375,,,
12.72,2.375,0.445,-0.500,-2.206
12.73,2.370,,,
12.74,2.375,0.434,-0.541,-1.348
12.75,2.375,,,
12.76,2.370,0.422,-0.558,-0.317
12.77,2.375,,,
12.78,2.370,0.411,-0.554,0.739
12.79,2.375,,,
12.80,2.370,0.400,-0.527,1.745
12.81,2.370,,,
12.82,2.375,0.390,-0.482,2.630
12.83,2.370,,,
12.84,2.375,0.380,-0.420,3.415
12.85,2.370,,,
12.86,2.375,0.373,-0.344,4.131
12.87,2.375,,,
12.88,2.375,0.366,-0.255,4.766
12.89,2.375,,,
12.90,2.375,0.362,-0.148,5.106
12.91,2.370,,,
12.92,2.375,0.361,-0.045,5.173
12.93,2.370,,,
12.94,2.375,0.361,0.057,5.226
12.95,2.375,,,
12.96,2.370,0.363,0.166,5.133
12.97,2.375,,,
12.98,2.370,0.367,0.269,4.727
12.99,2.263,,,
13.00,1.199,0.374,0.357,4.156
13.01,2.370,,,
13.02,2.375,0.382,0.436,3.497
13.03,2.370,,,
13.04,2.370,0.391,0.501,2.623
13.05,2.370,,,
13.06,2.375,0.402,0.543,1.635
13.07,2.375,,,
13.08,2.375,0.413,0.567,0.601
13.09,2.375,,,
13.10,2.375,0.425,0.568,-0.493
13.11,2.370,,,
13.12,2.375,0.436,0.547,-1.532
13.13,2.375,,,
13.14,2.375,0.447,0.505,-2.457
13.15,2.375,,,
13.16,2.375,0.457,0.445,-3.218
13.17,2.375,,,
13.18,2.375,0.465,0.375,-3.899
13.19,2.375,,,
13.20,2.375,0.472,0.288,-4.478
13.21,2.370,,,
13.22,2.375,0.477,0.192,-4.821
13.23,2.375,,,
13.24,2.370,0.480,0.092,-4.980
13.25,2.375,,,
13.26,2.370,0.481,-0.009,-5.021
13.27,2.375,,,
13.28,2.375,0.480,-0.111,-4.928
13.29,2.370,,,
13.30,2.375,0.476,-0.207,-4.744
13.31,2.375,,,
13.32,2.370,0.471,-0.303,-4.388
13.33,2.375,,,
13.34,2.370,0.464,-0.387,-3.800
13.35,2.375,,,
13.36,2.370,0.456,-0.457,-3.082
13.37,2.375,,,
13.38,2.375,0.445,-0.511,-2.276
13.39,2.370,,,
13.40,2.375,0.435,-0.550,-1.361
13.41,2.375,,,
13.42,2.370,0.423,-0.568,-0.331
13.43,2.370,,,
13.44,2.370,0.412,-0.563,0.707
13.45,2.375,,,
13.46,2.375,0.400,-0.539,1.710
13.47,2.370,,,
13.48,2.375,0.390,-0.494,2.669
13.49,2.375,,,
13.50,2.375,0.380,-0.431,3.544
13.51,2.375,,,
13.52,2.370,0.372,-0.349,4.207
13.53,2.375,,,
13.54,2.375,0.366,-0.260,4.716
13.55,2.375,,,
13.56,2.370,0.362,-0.159,5.142
13.57,2.370,,,
13.58,2.375,0.360,-0.051,5.377
13.59,2.370,,,
13.60,2.375,0.360,0.060,5.378
13.61,2.375,,,
13.62,2.370,0.362,0.167,5.152
13.63,2.375,,,
13.64,2.370,0.366,0.269,4.740
13.65,2.228,,,
13.66,1.235,0.373,0.359,4.165
13.67,2.375,,,
13.68,2.375,0.381,0.437,3.487
13.69,2.375,,,
13.70,2.370,0.391,0.501,2.684
13.71,2.375,,,
13.72,2.370,0.401,0.546,1.763
13.73,2.375,,,
13.74,2.370,0.413,0.575,0.670
13.75,2.375,,,
13.76,2.375,0.425,0.574,-0.501
13.77,2.370,,,
13.78,2.375,0.436,0.552,-1.555
13.79,2.375,,,
13.80,2.370,0.447,0.510,-2.488
13.81,2.375,,,
13.82,2.375,0.457,0.451,-3.291
13.83,2.375,,,
13.84,2.375,0.465,0.376,-3.953
13.85,2.375,,,
13.86,2.375,0.472,0.289,-4.428
13.87,2.375,,,
13.88,2.370,0.477,0.197,-4.753
13.89,2.375,,,
13.90,2.370,0.480,0.097,-4.953
13.91,2.375,,,
13.92,2.375,0.481,-0.001,-5.114
13.93,2.370,,,
13.94,2.375,0.480,-0.109,-5.155
13.95,2.375,,,
13.96,2.375,0.477,-0.214,-4.843
13.97,2.375,,,
13.98,2.375,0.471,-0.307,-4.292
13.99,2.370,,,
14.00,2.370,0.464,-0.386,-3.683
14.01,2.375,,,
14.02,2.375,0.456,-0.454,-3.032
14.03,2.375,,,
14.04,2.375,0.446,-0.510,-2.251
14.05,2.370,,,
14.06,2.375,0.435,-0.546,-1.369
14.07,2.375,,,
14.08,2.370,0.424,-0.566,-0.399
14.09,2.375,,,
14.10,2.370,0.412,-0.563,0.620
14.11,2.375,,,
14.12,2.375,0.401,-0.540,1.611
14.13,2.370,,,
14.14,2.375,0.390,-0.498,2.576
14.15,2.375,,,
14.16,2.375,0.381,-0.436,3.462
14.17,2.375,,,
14.18,2.370,0.372,-0.357,4.207
14.19,2.375,,,
14.20,2.370,0.366,-0.265,4.767
14.21,2.375,,,
14.22,2.375,0.362,-0.164,5.153
14.23,2.375,,,
14.24,2.370,0.360,-0.057,5.384
14.25,2.375,,,
14.26,2.375,0.359,0.053,5.478
14.27,2.375,,,
14.28,2.375,0.362,0.168,5.263
14.29,2.375,,,
14.30,2.375,0.366,0.269,4.780
14.31,2.172,,,
14.32,1.306,0.372,0.360,4.213
14.33,2.375,,,
14.34,2.375,0.381,0.439,3.530
14.35,2.375,,,
14.36,2.370,0.390,0.503,2.735
14.37,2.375,,,
14.38,2.370,0.401,0.550,1.814
14.39,2.375,,,
14.40,2.375,0.413,0.577,0.762
14.41,2.375,,,
14.42,2.375,0.425,0.584,-0.435
14.43,2.370,,,
14.44,2.375,0.436,0.560,-1.600
14.45,2.370,,,
14.46,2.370,0.447,0.514,-2.482
14.47,2.375,,,
14.48,2.370,0.457,0.457,-3.187
14.49,2.375,,,
14.50,2.375,0.466,0.388,-3.924
14.51,2.370,,,
14.52,2.375,0.473,0.298,-4.537
14.53,2.375,,,
14.54,2.375,0.478,0.202,-4.909
14.55,2.375,,,
14.56,2.370,0.481,0.100,-5.132
14.57,2.375,,,
14.58,2.370,0.482,-0.006,-5.179
14.59,2.375,,,
14.60,2.375,0.481,-0.110,-5.048
14.61,2.375,,,
14.62,2.375,0.477,-0.209,-4.799
14.63,2.375,,,
14.64,2.370,0.472,-0.303,-4.477
14.65,2.375,,,
14.66,2.370,0.465,-0.392,-3.948
14.67,2.375,,,
14.68,2.370,0.456,-0.466,-3.160
14.69,2.375,,,
14.70,2.370,0.446,-0.519,-2.309
14.71,2.370,,,
14.72,2.370,0.435,-0.559,-1.393
14.73,2.375,,,
14.74,2.370,0.424,-0.577,-0.350
14.75,2.375,,,
14.76,2.370,0.412,-0.571,0.645
14.77,2.370,,,
14.78,2.375,0.401,-0.551,1.616
14.79,2.375,,,
14.80,2.375,0.390,-0.508,2.625
14.81,2.375,,,
14.82,2.370,0.380,-0.444,3.538
14.83,2.375,,,
14.84,2.370,0.372,-0.364,4.297
14.85,2.375,,,
14.86,2.375,0.365,-0.270,4.888
14.87,2.370,,,
14.88,2.375,0.361,-0.166,5.301
14.89,2.375,,,
14.90,2.375,0.358,-0.053,5.441
14.91,2.375,,,
14.92,2.375,0.359,0.054,5.416
14.93,2.375,,,
14.94,2.370,0.361,0.165,5.283
14.95,2.375,,,
14.96,2.370,0.365,0.270,4.934
14.97,2.142,,,
14.98,1.341,0.372,0.366,4.375
14.99,2.370,,,
15.00,2.375,0.380,0.447,3.635
15.01,2.375,,,
15.02,2.370,0.390,0.512,2.784
15.03,2.375,,,
15.04,2.370,0.401,0.562,1.745
15.05,2.375,,,
15.06,2.375,0.413,0.585,0.570
15.07,2.370,,,
15.08,2.375,0.425,0.583,-0.521
15.09,2.375,,,
15.10,2.370,0.436,0.562,-1.501
15.11,2.375,,,
15.12,2.370,0.447,0.523,-2.471
15.13,2.375,,,
15.14,2.375,0.458,0.462,-3.380
15.15,2.370,,,
15.16,2.375,0.466,0.384,-4.082
15.17,2.375,,,
15.18,2.370,0.473,0.295,-4.557
15.19,2.375,,,
15.20,2.375,0.478,0.199,-4.861
15.21,2.375,,,
15.22,2.375,0.481,0.101,-5.156
15.23,2.370,,,
15.24,2.375,0.482,-0.009,-5.328
15.25,2.370,,,
15.26,2.375,0.481,-0.117,-5.219
15.27,2.375,,,
15.28,2.375,0.477,-0.221,-4.904
15.29,2.375,,,
15.30,2.370,0.472,-0.316,-4.423
15.31,2.375,,,
15.32,2.375,0.465,-0.400,-3.800
15.33,2.375,,,
15.34,2.375,0.455,-0.469,-3.089
15.35,2.370,,,
15.36,2.375,0.446,-0.524,-2.287
15.37,2.375,,,
15.38,2.370,0.434,-0.563,-1.327
15.39,2.375,,,
15.40,2.375,0.423,-0.579,-0.266
15.41,2.375,,,
15.42,2.370,0.411,-0.573,0.792
15.43,2.370,,,
15.44,2.375,0.400,-0.547,1.802
15.45,2.375,,,
15.46,2.375,0.389,-0.501,2.756
15.47,2.370,,,
15.48,2.375,0.379,-0.435,3.610
15.49,2.370,,,
15.50,2.370,0.371,-0.355,4.354
15.51,2.375,,,
15.52,2.375,0.365,-0.257,4.874
15.53,2.370,,,
15.54,2.375,0.361,-0.157,5.214
15.55,2.370,,,
15.56,2.375,0.358,-0.047,5.441
15.57,2.375,,,
15.58,2.370,0.359,0.064,5.451
15.59,2.375,,,
15.60,2.375,0.361,0.174,5.268
15.61,2.375,,,
15.62,2.375,0.366,0.278,4.902
15.63,2.086,,,
15.64,1.402,0.372,0.373,4.361
15.65,2.375,,,
15.66,2.370,0.381,0.457,3.558
15.67,2.375,,,
15.68,2.370,0.391,0.517,2.619
15.69,2.375,,,
15.70,2.375,0.402,0.561,1.663
15.71,2.370,,,
15.72,2.375,0.414,0.585,0.623
15.73,2.370,,,
15.74,2.375,0.425,0.588,-0.480
15.75,2.375,,,
15.76,2.375,0.438,0.566,-1.585
15.77,2.375,,,
15.78,2.370,0.448,0.522,-2.573
15.79,2.375,,,
15.80,2.375,0.459,0.461,-3.402
15.81,2.370,,,
15.82,2.375,0.467,0.384,-4.073
15.83,2.370,,,
15.84,2.375,0.474,0.295,-4.581
15.85,2.375,,,
15.86,2.370,0.479,0.198,-4.928
15.87,2.375,,,
15.88,2.375,0.482,0.096,-5.132
15.89,2.375,,,
15.90,2.375,0.483,-0.010,-5.195
15.91,2.370,,,
15.92,2.375,0.482,-0.113,-5.188
15.93,2.375,,,
15.94,2.370,0.479,-0.220,-4.992
15.95,2.375,,,
15.96,2.370,0.473,-0.318,-4.492
15.97,2.375,,,
15.98,2.370,0.466,-0.402,-3.833
15.99,2.375,,,
16.00,2.375,0.456,-0.471,-3.123
16.01,2.375,,,
16.02,2.375,0.447,-0.529,-2.322
16.03,2.375,,,
16.04,2.375,0.435,-0.568,-1.355
16.05,2.375,,,
16.06,2.375,0.423,-0.584,-0.305
16.07,2.375,,,
16.08,2.375,0.411,-0.579,0.733
16.09,2.375,,,
16.10,2.375,0.400,-0.554,1.744
16.11,2.375,,,
16.12,2.375,0.389,-0.510,2.746
16.13,2.375,,,
16.14,2.370,0.379,-0.443,3.654
16.15,2.375,,,
16.16,2.370,0.371,-0.361,4.420
16.17,2.375,,,
16.18,2.375,0.365,-0.262,4.944
16.19,2.375,,,
16.20,2.375,0.360,-0.160,5.269
16.21,2.375,,,
16.22,2.375,0.358,-0.050,5.485
16.23,2.375,,,
16.24,2.375,0.358,0.062,5.509
16.25,2.375,,,
16.26,2.370,0.360,0.173,5.336
16.27,2.375,,,
16.28,2.375,0.365,0.281,4.866
16.29,2.091,,,
16.30,1.402,0.372,0.371,4.194
16.31,2.375,,,
16.32,2.370,0.380,0.448,3.516
16.33,2.375,,,
16.34,2.375,0.390,0.514,2.729
16.35,2.370,,,
16.36,2.375,0.401,0.561,1.753
16.37,2.375,,,
16.38,2.375,0.413,0.585,0.693
16.39,2.375,,,
16.40,2.375,0.425,0.590,-0.458
16.41,2.370,,,
16.42,2.375,0.437,0.567,-1.612
16.43,2.375,,,
16.44,2.370,0.448,0.522,-2.592
16.45,2.370,,,
16.46,2.375,0.458,0.460,-3.390
16.47,2.375,,,
16.48,2.375,0.467,0.384,-4.027
16.49,2.375,,,
16.50,2.370,0.474,0.297,-4.544
16.51,2.375,,,
16.52,2.370,0.479,0.199,-4.887
16.53,2.375,,,
16.54,2.375,0.482,0.102,-5.166
16.55,2.370,,,
16.56,2.375,0.483,-0.009,-5.327
16.57,2.375,,,
16.58,2.375,0.481,-0.118,-5.171
16.59,2.375,,,
16.60,2.370,0.478,-0.218,-4.850
16.61,2.375,,,
16.62,2.370,0.472,-0.312,-4.433
16.63,2.375,,,
16.64,2.370,0.465,-0.398,-3.859
16.65,2.370,,,
16.66,2.370,0.456,-0.469,-3.124
16.67,2.370,,,
16.68,2.375,0.446,-0.525,-2.273
16.69,2.375,,,
16.70,2.375,0.435,-0.563,-1.296
16.71,2.370,,,
16.72,2.375,0.423,-0.576,-0.323
16.73,2.370,,,
16.74,2.375,0.412,-0.575,0.643
16.75,2.370,,,
16.76,2.375,0.400,-0.552,1.676
16.77,2.375,,,
16.78,2.375,0.389,-0.508,2.685
16.79,2.375,,,
16.80,2.375,0.379,-0.443,3.592
16.81,2.375,,,
16.82,2.370,0.371,-0.360,4.276
16.83,2.375,,,
16.84,2.375,0.365,-0.269,4.814
16.85,2.375,,,
16.86,2.375,0.360,-0.168,5.284
16.87,2.375,,,
16.88,2.375,0.358,-0.055,5.560
16.89,2.375,,,
16.90,2.370,0.358,0.061,5.502
16.91,2.375,,,
16.92,2.370,0.361,0.168,5.235
16.93,2.375,,,
16.94,2.370,0.365,0.269,4.957
16.95,1.990,,,
16.96,1.508,0.371,0.369,4.501
16.97,2.375,,,
16.98,2.370,0.380,0.456,3.700
16.99,2.375,,,
17.00,2.370,0.390,0.520,2.734
17.01,2.375,,,
17.02,2.375,0.401,0.566,1.713
17.03,2.370,,,
17.04,2.375,0.413,0.590,0.622
17.05,2.375,,,
17.06,2.375,0.425,0.591,-0.469
17.07,2.370,,,
17.08,2.370,0.437,0.571,-1.541
17.09,2.370,,,
17.10,2.375,0.448,0.528,-2.523
17.11,2.375,,,
17.12,2.375,0.458,0.467,-3.333
17.13,2.375,,,
17.14,2.375,0.467,0.391,-3.971
17.15,2.375,,,
17.16,2.370,0.474,0.307,-4.533
17.17,2.375,,,
17.18,2.370,0.480,0.209,-4.989
17.19,2.375,,,
17.20,2.375,0.483,0.104,-5.243
17.21,2.370,,,
17.22,2.370,0.484,-0.004,-5.295
17.23,2.375,,,
17.24,2.375,0.482,-0.110,-5.189
17.25,2.375,,,
17.26,2.370,0.479,-0.214,-4.936
17.27,2.375,,,
17.28,2.375,0.474,-0.310,-4.511
17.29,2.370,,,
17.30,2.370,0.467,-0.397,-3.938
17.31,2.370,,,
17.32,2.375,0.458,-0.471,-3.194
17.33,2.375,,,
17.34,2.370,0.448,-0.524,-2.427
17.35,2.370,,,
17.36,2.370,0.437,-0.569,-1.582
17.37,2.375,,,
17.38,2.370,0.425,-0.592,-0.538
17.39,2.375,,,
17.40,2.375,0.413,-0.591,0.574
17.41,2.370,,,
17.42,2.375,0.401,-0.569,1.700
17.43,2.375,,,
17.44,2.370,0.389,-0.523,2.761
17.45,2.375,,,
17.46,2.375,0.379,-0.455,3.635
17.47,2.375,,,
17.48,2.380,0.371,-0.374,4.348
17.49,2.370,,,
17.50,2.375,0.364,-0.280,4.978
17.51,2.370,,,
17.52,2.370,0.360,-0.173,5.444
17.53,2.370,,,
17.54,2.370,0.357,-0.058,5.663
17.55,2.375,,,
17.56,2.370,0.357,0.059,5.591
17.57,2.375,,,
17.58,2.375,0.360,0.167,5.359
17.59,2.370,,,
17.60,2.375,0.364,0.275,5.002
17.61,1.980,,,
17.62,1.498,0.371,0.371,4.433
17.63,2.370,,,
17.64,2.375,0.379,0.454,3.707
17.65,2.375,,,
17.66,2.375,0.389,0.523,2.767
17.67,2.370,,,
17.68,2.375,0.400,0.567,1.714
17.69,2.375,,,
17.70,2.375,0.412,0.590,0.718
17.71,2.375,,,
17.72,2.370,0.424,0.596,-0.321
17.73,2.370,,,
17.74,2.370,0.436,0.580,-1.491
17.75,2.375,,,
17.76,2.375,0.448,0.535,-2.575
17.77,2.370,,,
17.78,2.375,0.458,0.472,-3.390
17.79,2.370,,,
17.80,2.370,0.467,0.397,-4.023
17.81,2.375,,,
17.82,2.370,0.474,0.311,-4.592
17.83,2.375,,,
17.84,2.375,0.480,0.211,-5.045
17.85,2.370,,,
17.86,2.375,0.483,0.104,-5.251
17.87,2.375,,,
17.88,2.370,0.484,-0.001,-5.292
17.89,2.375,,,
17.90,2.375,0.483,-0.108,-5.218
17.91,2.375,,,
17.92,2.375,0.479,-0.213,-4.981
17.93,2.375,,,
17.94,2.375,0.474,-0.312,-4.523
17.95,2.370,,,
17.96,2.375,0.467,-0.396,-3.909
17.97,2.370,,,
17.98,2.375,0.458,-0.469,-3.213
17.99,2.375,,,
18.00,2.370,0.448,-0.526,-2.388
18.01,2.375,,,
18.02,2.375,0.437,-0.566,-1.444
18.03,2.375,,,
18.04,2.375,0.425,-0.587,-0.374
18.05,2.370,,,
18.06,2.375,0.413,-0.580,0.656
18.07,2.375,,,
18.08,2.375,0.401,-0.559,1.614
18.09,2.370,,,
18.10,2.375,0.390,-0.516,2.575
18.11,2.375,,,
18.12,2.370,0.380,-0.454,3.421
18.13,2.375,,,
18.14,2.370,0.372,-0.379,4.219
18.15,2.375,,,
18.16,2.375,0.365,-0.285,4.974
18.17,2.375,,,
18.18,2.375,0.360,-0.175,5.459
18.19,2.370,,,
18.20,2.375,0.358,-0.060,5.596
18.21,2.375,,,
18.22,2.370,0.358,0.051,5.543
18.23,2.370,,,
18.24,2.375,0.360,0.163,5.345
18.25,2.370,,,
18.26,2.375,0.364,0.268,4.969
18.27,1.863,,,
18.28,1.630,0.371,0.362,4.518
18.29,2.370,,,
18.30,2.370,0.379,0.452,3.886
18.31,2.375,,,
18.32,2.375,0.389,0.523,2.960
18.33,2.370,,,
18.34,2.375,0.400,0.573,1.859
18.35,2.370,,,
18.36,2.375,0.412,0.599,0.688
18.37,2.370,,,
18.38,2.370,0.425,0.599,-0.411
18.39,2.375,,,
18.40,2.375,0.436,0.581,-1.451
18.41,2.375,,,
18.42,2.370,0.448,0.543,-2.553
18.43,2.370,,,
18.44,2.375,0.459,0.477,-3.514
18.45,2.375,,,
18.46,2.370,0.467,0.395,-4.137
18.47,2.375,,,
18.48,2.370,0.475,0.308,-4.543
18.49,2.370,,,
18.50,2.375,0.480,0.215,-4.948
18.51,2.370,,,
18.52,2.375,0.483,0.109,-5.260
18.53,2.370,,,
18.54,2.375,0.484,0.001,-5.361
18.55,2.375,,,
18.56,2.375,0.483,-0.109,-5.282
18.57,2.375,,,
18.58,2.370,0.480,-0.214,-4.996
18.59,2.375,,,
18.60,2.375,0.475,-0.310,-4.584
18.61,2.370,,,
18.62,2.375,0.467,-0.399,-4.038
18.63,2.370,,,
18.64,2.375,0.459,-0.475,-3.310
18.65,2.375,,,
18.66,2.370,0.448,-0.534,-2.438
18.67,2.375,,,
18.68,2.370,0.437,-0.574,-1.444
18.69,2.375,,,
18.70,2.375,0.425,-0.593,-0.394
18.71,2.370,,,
18.72,2.370,0.413,-0.588,0.579
18.73,2.375,,,
18.74,2.375,0.401,-0.570,1.577
18.75,2.375,,,
18.76,2.370,0.390,-0.527,2.623
18.77,2.375,,,
18.78,2.375,0.380,-0.464,3.581
18.79,2.375,,,
18.80,2.375,0.371,-0.381,4.400
18.81,2.375,,,
18.82,2.375,0.364,-0.284,5.018
18.83,2.370,,,
18.84,2.375,0.359,-0.178,5.462
18.85,2.375,,,
18.86,2.370,0.357,-0.063,5.716
18.87,2.375,,,
18.88,2.375,0.357,0.054,5.758
18.89,2.370,,,
18.90,2.375,0.359,0.172,5.509
18.91,2.375,,,
18.92,2.370,0.364,0.279,4.995
18.93,1.888,,,
18.94,1.584,0.370,0.374,4.350
18.95,2.375,,,
18.96,2.375,0.379,0.453,3.658
18.97,2.370,,,
18.98,2.375,0.389,0.522,2.842
18.99,2.370,,,
19.00,2.375,0.400,0.570,1.848
19.01,2.370,,,
19.02,2.375,0.412,0.597,0.789
19.03,2.375,,,
19.04,2.370,0.424,0.603,-0.335
19.05,2.375,,,
19.06,2.370,0.436,0.584,-1.471
19.07,2.370,,,
19.08,2.375,0.448,0.544,-2.568
19.09,2.370,,,
19.10,2.375,0.459,0.478,-3.474
19.11,2.375,,,
19.12,2.370,0.467,0.400,-4.123
19.13,2.370,,,
19.14,2.370,0.475,0.311,-4.618
19.15,2.370,,,
19.16,2.375,0.480,0.214,-4.991
19.17,2.370,,,
19.18,2.375,0.483,0.111,-5.302
19.19,2.375,,,
19.20,2.375,0.484,-0.002,-5.416
19.21,2.370,,,
19.22,2.370,0.483,-0.111,-5.278
19.23,2.375,,,
19.24,2.370,0.480,-0.215,-4.970
19.25,2.370,,,
19.26,2.375,0.474,-0.311,-4.546
19.27,2.370,,,
19.28,2.375,0.467,-0.399,-3.992
19.29,2.370,,,
19.30,2.375,0.458,-0.474,-3.256
19.31,2.375,,,
19.32,2.370,0.448,-0.532,-2.391
19.33,2.370,,,
19.34,2.375,0.437,-0.571,-1.421
19.35,2.370,,,
19.36,2.375,0.425,-0.588,-0.460
19.37,2.375,,,
19.38,2.375,0.413,-0.590,0.552
19.39,2.375,,,
19.40,2.370,0.401,-0.567,1.637
19.41,2.375,,,
19.42,2.370,0.390,-0.523,2.618
19.43,2.375,,,
19.44,2.370,0.380,-0.461,3.503
19.45,2.370,,,
19.46,2.375,0.371,-0.382,4.322
19.47,2.370,,,
19.48,2.375,0.364,-0.287,5.038
19.49,2.370,,,
19.50,2.370,0.360,-0.176,5.511
19.51,2.375,,,
19.52,2.370,0.357,-0.061,5.686
19.53,2.375,,,
19.54,2.375,0.357,0.054,5.641
19.55,2.370,,,
19.56,2.375,0.359,0.167,5.428
19.57,2.375,,,
19.58,2.370,0.364,0.274,5.037
19.59,1.757,,,
19.60,1.731,0.371,0.371,4.475
19.61,2.375,,,
19.62,2.375,0.379,0.455,3.799
19.63,2.375,,,
19.64,2.375,0.389,0.526,2.950
19.65,2.370,,,
19.66,2.375,0.400,0.577,1.861
19.67,2.370,,,
19.68,2.375,0.412,0.601,0.686
19.69,2.375,,,
19.70,2.370,0.425,0.604,-0.450
19.71,2.375,,,
19.72,2.375,0.437,0.582,-1.524
19.73,2.370,,,
19.74,2.375,0.448,0.541,-2.483
19.75,2.375,,,
19.76,2.375,0.459,0.484,-3.422
19.77,2.375,,,
19.78,2.370,0.468,0.402,-4.220
19.79,2.375,,,
19.80,2.370,0.475,0.310,-4.744
19.81,2.375,,,
19.82,2.375,0.481,0.209,-5.096
19.83,2.370,,,
19.84,2.375,0.484,0.104,-5.299
19.85,2.375,,,
19.86,2.375,0.485,-0.005,-5.357
19.87,2.375,,,
19.88,2.370,0.483,-0.113,-5.245
19.89,2.375,,,
19.90,2.375,0.480,-0.216,-5.038
19.91,2.370,,,
19.92,2.375,0.475,-0.318,-4.653
19.93,2.375,,,
19.94,2.375,0.467,-0.406,-4.014
19.95,2.375,,,
19.96,2.370,0.458,-0.480,-3.238
19.97,2.375,,,
19.98,2.375,0.448,-0.537,-2.385
19.99,2.375,,,
20.00,2.375,0.437,-0.576,-1.473
20.01,2.375,,,
20.02,2.375,0.424,-0.598,-0.448
20.03,2.375,,,
20.04,2.375,0.412,-0.596,0.666
20.05,2.375,,,
20.06,2.370,0.400,-0.571,1.763
20.07,2.375,,,
20.08,2.370,0.389,-0.522,2.693
20.09,2.375,,,
20.10,2.375,0.379,-0.462,3.560
20.11,2.370,,,
20.12,2.375,0.370,-0.381,4.450
20.13,2.375,,,
20.14,2.370,0.363,-0.281,5.150
20.15,2.375,,,
20.16,2.370,0.359,-0.169,5.507
20.17,2.370,,,
20.18,2.375,0.357,-0.057,5.631
20.19,2.370,,,
20.20,2.375,0.356,0.057,5.650
20.21,2.380,,,
20.22,2.375,0.359,0.172,5.495
20.23,2.370,,,
20.24,2.370,0.363,0.281,5.117
20.25,1.711,,,
20.26,1.767,0.370,0.380,4.524
20.27,2.375,,,
20.28,2.375,0.379,0.464,3.781
20.29,2.370,,,
20.30,2.375,0.389,0.535,2.811
20.31,2.375,,,
20.32,2.370,0.401,0.579,1.701
20.33,2.375,,,
20.34,2.375,0.413,0.602,0.611
20.35,2.375,,,
20.36,2.375,0.425,0.604,-0.501
20.37,2.370,,,
20.38,2.375,0.437,0.582,-1.580
20.39,2.370,,,
20.40,2.375,0.449,0.539,-2.590
20.41,2.370,,,
20.42,2.375,0.459,0.476,-3.464
20.43,2.375,,,
20.44,2.375,0.468,0.397,-4.135
20.45,2.375,,,
20.46,2.375,0.475,0.308,-4.625
20.47,2.375,,,
20.48,2.370,0.480,0.212,-5.057
20.49,2.375,,,
20.50,2.375,0.484,0.103,-5.341
20.51,2.375,,,
20.52,2.370,0.484,-0.005,-5.417
20.53,2.375,,,
20.54,2.375,0.484,-0.115,-5.361
20.55,2.370,,,
20.56,2.370,0.480,-0.225,-5.026
20.57,2.375,,,
20.58,2.375,0.474,-0.320,-4.481
20.59,2.375,,,
20.60,2.375,0.467,-0.404,-3.867
20.61,2.375,,,
20.62,2.370,0.458,-0.475,-3.214
20.63,2.375,,,
20.64,2.370,0.448,-0.536,-2.398
20.65,2.375,,,
20.66,2.375,0.436,-0.574,-1.408
20.67,2.375,,,
20.68,2.375,0.425,-0.592,-0.419
20.69,2.375,,,
20.70,2.375,0.412,-0.592,0.618
20.71,2.375,,,
20.72,2.370,0.400,-0.568,1.701
20.73,2.375,,,
20.74,2.370,0.389,-0.522,2.708
20.75,2.375,,,
20.76,2.375,0.379,-0.458,3.606
20.77,2.370,,,
20.78,2.375,0.371,-0.376,4.388
20.79,2.370,,,
20.80,2.375,0.364,-0.280,5.010
20.81,2.370,,,
20.82,2.370,0.359,-0.173,5.446
20.83,2.375,,,
20.84,2.370,0.357,-0.059,5.682
20.85,2.375,,,
20.86,2.370,0.357,0.057,5.723
20.87,2.375,,,
20.88,2.370,0.359,0.175,5.481
20.89,2.375,,,
20.90,2.370,0.364,0.280,5.011
20.91,1.681,,,
20.92,1.828,0.371,0.377,4.410
20.93,2.370,,,
20.94,2.375,0.379,0.459,3.679
20.95,2.370,,,
20.96,2.375,0.389,0.526,2.853
20.97,2.375,,,
20.98,2.375,0.401,0.575,1.872
20.99,2.375,,,
21.00,2.370,0.413,0.603,0.735
21.01,2.375,,,
21.02,2.375,0.425,0.606,-0.456
21.03,2.370,,,
21.04,2.375,0.437,0.584,-1.576
21.05,2.370,,,
21.06,2.375,0.449,0.542,-2.654
21.07,2.375,,,
21.08,2.375,0.459,0.475,-3.572
21.09,2.370,,,
21.10,2.375,0.468,0.395,-4.226
21.11,2.375,,,
21.12,2.375,0.475,0.303,-4.682
21.13,2.370,,,
21.14,2.375,0.480,0.206,-5.017
21.15,2.380,,,
21.16,2.375,0.484,0.101,-5.285
21.17,2.375,,,
21.18,2.370,0.484,-0.008,-5.378
21.19,2.375,,,
21.20,2.375,0.483,-0.117,-5.281
21.21,2.370,,,
21.22,2.375,0.480,-0.223,-5.002
21.23,2.370,,,
21.24,2.375,0.474,-0.318,-4.609
21.25,2.375,,,
21.26,2.370,0.467,-0.409,-4.050
21.27,2.375,,,
21.28,2.375,0.458,-0.486,-3.203
21.29,2.375,,,
21.30,2.375,0.447,-0.539,-2.243
21.31,2.370,,,
21.32,2.375,0.436,-0.573,-1.365
21.33,2.375,,,
21.34,2.375,0.424,-0.595,-0.435
21.35,2.375,,,
21.36,2.370,0.411,-0.593,0.625
21.37,2.375,,,
21.38,2.370,0.400,-0.570,1.707
21.39,2.375,,,
21.40,2.375,0.388,-0.526,2.806
21.41,2.375,,,
21.42,2.375,0.378,-0.456,3.775
21.43,2.375,,,
21.44,2.370,0.370,-0.370,4.499
21.45,2.375,,,
21.46,2.375,0.363,-0.274,5.065
21.47,2.375,,,
21.48,2.375,0.359,-0.166,5.503
21.49,2.370,,,
21.50,2.375,0.357,-0.048,5.669
21.51,2.370,,,
21.52,2.375,0.357,0.064,5.615
21.53,2.375,,,
21.54,2.375,0.359,0.177,5.449
21.55,2.375,,,
21.56,2.370,0.364,0.285,5.080
21.57,1.625,,,
21.58,1.863,0.371,0.384,4.494
21.59,2.370,,,
21.60,2.375,0.380,0.470,3.635
21.61,2.375,,,
21.62,2.375,0.390,0.531,2.661
21.63,2.375,,,
21.64,2.375,0.401,0.576,1.688
21.65,2.375,,,
21.66,2.375,0.413,0.600,0.621
21.67,2.375,,,
21.68,2.375,0.425,0.601,-0.467
21.69,2.375,,,
21.70,2.375,0.438,0.583,-1.608
21.71,2.370,,,
21.72,2.375,0.449,0.536,-2.706
21.73,2.375,,,
21.74,2.370,0.459,0.471,-3.602
21.75,2.375,,,
21.76,2.370,0.468,0.389,-4.316
21.77,2.375,,,
21.78,2.375,0.475,0.296,-4.884
21.79,2.370,,,
21.80,2.375,0.480,0.192,-5.327
21.81,2.375,,,
21.82,2.370,0.483,0.080,-5.555
21.83,2.375,,,
21.84,2.370,0.484,-0.035,-5.501
21.85,2.375,,,
21.86,2.375,0.481,-0.144,-5.252
21.87,2.370,,,
21.88,2.375,0.478,-0.244,-4.975
21.89,2.370,,,
21.90,2.375,0.472,-0.346,-4.506
21.91,2.375,,,
21.92,2.370,0.464,-0.431,-3.740
21.93,2.375,,,
21.94,2.370,0.454,-0.496,-2.888
21.95,2.375,,,
21.96,2.375,0.443,-0.545,-2.053
21.97,2.375,,,
21.98,2.375,0.432,-0.581,-1.112
21.99,2.375,,,
22.00,2.375,0.420,-0.593,-0.011
22.01,2.375,,,
22.02,2.370,0.408,-0.581,1.084
22.03,2.370,,,
22.04,2.375,0.396,-0.548,2.105
22.05,2.370,,,
22.06,2.375,0.386,-0.494,2.978
22.07,2.375,,,
22.08,2.375,0.376,-0.428,3.775
22.09,2.370,,,
22.10,2.370,0.368,-0.344,4.563
22.11,2.375,,,
22.12,2.370,0.362,-0.242,5.169
22.13,2.370,,,
22.14,2.375,0.359,-0.131,5.482
22.15,2.370,,,
22.16,2.375,0.357,-0.020,5.578
22.17,2.370,,,
22.18,2.375,0.358,0.094,5.522
22.19,2.375,,,
22.20,2.370,0.361,0.204,5.287
22.21,2.375,,,
22.22,2.375,0.366,0.308,4.863
22.23,1.584,,,
22.24,1.914,0.373,0.402,4.249
22.25,2.370,,,
22.26,2.375,0.382,0.480,3.481
22.27,2.375,,,
22.28,2.375,0.393,0.545,2.480
22.29,2.375,,,
22.30,2.370,0.405,0.581,1.379
22.31,2.375,,,
22.32,2.375,0.416,0.599,0.311
22.33,2.375,,,
22.34,2.375,0.429,0.595,-0.808
22.35,2.370,,,
22.36,2.375,0.441,0.566,-1.882
22.37,2.375,,,
22.38,2.370,0.452,0.517,-2.837
22.39,2.375,,,
22.40,2.370,0.462,0.450,-3.630
22.41,2.375,,,
22.42,2.375,0.470,0.371,-4.325
22.43,2.370,,,
22.44,2.375,0.477,0.274,-4.840
22.45,2.375,,,
22.46,2.375,0.481,0.174,-5.129
22.47,2.375,,,
22.48,2.370,0.484,0.068,-5.317
22.49,2.375,,,
22.50,2.370,0.484,-0.043,-5.301
22.51,2.375,,,
22.52,2.375,0.482,-0.148,-5.092
22.53,2.370,,,
22.54,2.375,0.478,-0.247,-4.792
22.55,2.370,,,
22.56,2.375,0.472,-0.342,-4.331
22.57,2.375,,,
22.58,2.370,0.464,-0.424,-3.656
22.59,2.375,,,
22.60,2.370,0.455,-0.488,-2.925
22.61,2.370,,,
22.62,2.375,0.444,-0.542,-2.111
22.63,2.375,,,
22.64,2.375,0.433,-0.575,-1.169
22.65,2.375,,,
22.66,2.370,0.421,-0.591,-0.136
22.67,2.375,,,
22.68,2.370,0.409,-0.582,0.974
22.69,2.375,,,
22.70,2.375,0.397,-0.550,2.035
22.71,2.370,,,
22.72,2.375,0.386,-0.501,3.059
22.73,2.375,,,
22.74,2.375,0.377,-0.425,3.903
22.75,2.375,,,
22.76,2.370,0.369,-0.339,4.457
22.77,2.375,,,
22.78,2.375,0.363,-0.247,4.991
22.79,2.375,,,
22.80,2.375,0.359,-0.139,5.475
22.81,2.375,,,
22.82,2.375,0.358,-0.023,5.673
22.83,2.370,,,
22.84,2.375,0.358,0.092,5.596
22.85,2.375,,,
22.86,2.370,0.361,0.205,5.231
22.87,2.375,,,
22.88,2.370,0.367,0.304,4.700
22.89,1.523,,,
22.90,1.954,0.374,0.394,4.082
22.91,2.375,,,
22.92,2.375,0.383,0.470,3.308
22.93,2.375,,,
22.94,2.370,0.393,0.527,2.461
22.95,2.375,,,
22.96,2.370,0.404,0.570,1.510
22.97,2.370,,,
22.98,2.375,0.416,0.591,0.389
22.99,2.375,,,
23.00,2.375,0.428,0.586,-0.747
23.01,2.370,,,
23.02,2.375,0.440,0.559,-1.764
23.03,2.375,,,
23.04,2.370,0.451,0.515,-2.756
23.05,2.375,,,
23.06,2.375,0.461,0.447,-3.647
23.07,2.375,,,
23.08,2.375,0.469,0.365,-4.297
23.09,2.370,,,
23.10,2.375,0.475,0.272,-4.757
23.11,2.370,,,
23.12,2.375,0.480,0.172,-5.037
23.13,2.375,,,
23.14,2.375,0.482,0.069,-5.185
23.15,2.375,,,
23.16,2.370,0.483,-0.037,-5.198
23.17,2.375,,,
23.18,2.370,0.481,-0.140,-5.110
23.19,2.375,,,
23.20,2.370,0.477,-0.245,-4.815
23.21,2.370,,,
23.22,2.375,0.471,-0.337,-4.270
23.23,2.375,,,
23.24,2.375,0.463,-0.417,-3.633
23.25,2.370,,,
23.26,2.375,0.454,-0.484,-2.900
23.27,2.370,,,
23.28,2.375,0.444,-0.535,-2.065
23.29,2.375,,,
23.30,2.370,0.432,-0.569,-1.091
23.31,2.375,,,
23.32,2.370,0.421,-0.579,-0.057
23.33,2.375,,,
23.34,2.370,0.409,-0.571,0.954
23.35,2.375,,,
23.36,2.375,0.397,-0.542,1.992
23.37,2.370,,,
23.38,2.375,0.387,-0.491,2.991
23.39,2.375,,,
23.40,2.375,0.378,-0.419,3.807
23.41,2.375,,,
23.42,2.370,0.370,-0.336,4.468
23.43,2.375,,,
23.44,2.375,0.364,-0.238,4.976
23.45,2.375,,,
23.46,2.375,0.360,-0.134,5.319
23.47,2.370,,,
23.48,2.375,0.358,-0.023,5.503
23.49,2.375,,,
23.50,2.370,0.359,0.090,5.443
23.51,2.375,,,
23.52,2.375,0.362,0.198,5.191
23.53,2.370,,,
23.54,2.375,0.367,0.301,4.750
23.55,1.463,,,
23.56,2.005,0.374,0.391,4.115
23.57,2.370,,,
23.58,2.375,0.383,0.467,3.361
23.59,2.375,,,
23.60,2.370,0.393,0.527,2.495
23.61,2.375,,,
23.62,2.370,0.405,0.569,1.478
23.63,2.375,,,
23.64,2.370,0.416,0.588,0.379
23.65,2.375,,,
23.66,2.375,0.428,0.585,-0.751
23.67,2.375,,,
23.68,2.375,0.440,0.556,-1.797
23.69,2.375,,,
23.70,2.370,0.451,0.510,-2.697
23.71,2.375,,,
23.72,2.375,0.461,0.448,-3.571
23.73,2.370,,,
23.74,2.370,0.469,0.365,-4.284
23.75,2.375,,,
23.76,2.370,0.475,0.273,-4.780
23.77,2.370,,,
23.78,2.375,0.480,0.172,-5.129
23.79,2.375,,,
23.80,2.375,0.482,0.066,-5.317
23.81,2.375,,,
23.82,2.380,0.483,-0.044,-5.309
23.83,2.375,,,
23.84,2.375,0.481,-0.150,-5.106
23.85,2.370,,,
23.86,2.375,0.477,-0.250,-4.777
23.87,2.375,,,
23.88,2.375,0.471,-0.344,-4.284
23.89,2.375,,,
23.90,2.370,0.463,-0.424,-3.630
23.91,2.375,,,
23.92,2.370,0.453,-0.491,-2.855
23.93,2.370,,,
23.94,2.370,0.443,-0.540,-1.972
23.95,2.370,,,
23.96,2.375,0.431,-0.571,-0.982
23.97,2.375,,,
23.98,2.370,0.420,-0.578,-0.016
23.99,2.375,,,
24.00,2.370,0.408,-0.572,0.973
24.01,2.375,,,
24.02,2.375,0.396,-0.541,2.032
24.03,2.375,,,
24.04,2.375,0.386,-0.490,3.018
24.05,2.375,,,
24.06,2.370,0.376,-0.419,3.902
24.07,2.375,,,
24.08,2.370,0.369,-0.331,4.596
24.09,2.375,,,
24.10,2.370,0.363,-0.232,5.090
24.11,2.375,,,
24.12,2.375,0.360,-0.122,5.318
24.13,2.370,,,
24.14,2.375,0.358,-0.017,5.400
24.15,2.375,,,
24.16,2.370,0.359,0.092,5.471
24.17,2.375,,,
24.18,2.370,0.362,0.206,5.293
24.19,2.375,,,
24.20,2.375,0.367,0.311,4.757
24.21,1.437,,,
24.22,2.056,0.375,0.398,4.062
24.23,2.375,,,
24.24,2.375,0.383,0.475,3.262
24.25,2.375,,,
24.26,2.370,0.394,0.533,2.253
24.27,2.375,,,
24.28,2.375,0.405,0.565,1.222
24.29,2.375,,,
24.30,2.370,0.417,0.579,0.286
24.31,2.375,,,
24.32,2.375,0.428,0.577,-0.689
24.33,2.375,,,
24.34,2.370,0.440,0.555,-1.795
24.35,2.375,,,
24.36,2.375,0.451,0.504,-2.842
24.37,2.370,,,
24.38,2.375,0.461,0.437,-3.664
24.39,2.370,,,
24.40,2.375,0.469,0.355,-4.302
24.41,2.370,,,
24.42,2.375,0.475,0.263,-4.812
24.43,2.375,,,
24.44,2.370,0.480,0.160,-5.158
24.45,2.375,,,
24.46,2.370,0.481,0.051,-5.220
24.47,2.375,,,
24.48,2.375,0.481,-0.050,-5.187
24.49,2.370,,,
24.50,2.375,0.480,-0.156,-5.091
24.51,2.370,,,
24.52,2.370,0.475,-0.258,-4.774
24.53,2.375,,,
24.54,2.370,0.469,-0.351,-4.250
24.55,2.375,,,
24.56,2.370,0.461,-0.430,-3.560
24.57,2.375,,,
24.58,2.375,0.452,-0.495,-2.753
24.59,2.370,,,
24.60,2.375,0.441,-0.542,-1.839
24.61,2.370,,,
24.62,2.375,0.430,-0.569,-0.854
24.63,2.375,,,
24.64,2.370,0.418,-0.578,0.235
24.65,2.375,,,
24.66,2.375,0.406,-0.558,1.246
24.67,2.370,,,
24.68,2.375,0.395,-0.525,2.093
24.69,2.370,,,
24.70,2.375,0.385,-0.478,3.043
24.71,2.375,,,
24.72,2.370,0.376,-0.404,3.987
24.73,2.370,,,
24.74,2.370,0.368,-0.312,4.630
24.75,2.375,,,
24.76,2.375,0.363,-0.214,5.020
24.77,2.370,,,
24.78,2.375,0.360,-0.110,5.305
24.79,2.375,,,
24.80,2.370,0.359,0.001,5.409
24.81,2.375,,,
24.82,2.370,0.360,0.110,5.307
24.83,2.375,,,
24.84,2.370,0.363,0.216,5.034
24.85,2.375,,,
24.86,2.370,0.369,0.313,4.593
24.87,1.361,,,
24.88,2.127,0.376,0.402,3.994
24.89,2.370,,,
24.90,2.370,0.385,0.476,3.215
24.91,2.375,,,
24.92,2.375,0.395,0.533,2.301
24.93,2.375,,,
24.94,2.375,0.407,0.570,1.265
24.95,2.370,,,
24.96,2.375,0.418,0.585,0.154
24.97,2.370,,,
24.98,2.375,0.430,0.576,-0.943
24.99,2.375,,,
25.00,2.370,0.442,0.545,-1.944
25.01,2.375,,,
25.02,2.375,0.452,0.498,-2.892
25.03,2.370,,,
25.04,2.375,0.462,0.427,-3.716
25.05,2.370,,,
25.06,2.375,0.470,0.345,-4.329
25.07,2.375,,,
25.08,2.375,0.476,0.252,-4.796
25.09,2.375,,,
25.10,2.370,0.480,0.151,-5.089
25.11,2.370,,,
25.12,2.375,0.482,0.046,-5.212
25.13,2.370,,,
25.14,2.375,0.482,-0.060,-5.176
25.15,2.375,,,
25.16,2.375,0.480,-0.164,-4.986
25.17,2.370,,,
25.18,2.375,0.475,-0.263,-4.581
25.19,2.375,,,
25.20,2.370,0.469,-0.347,-4.105
25.21,2.375,,,
25.22,2.375,0.461,-0.428,-3.545
25.23,2.375,,,
25.24,2.375,0.451,-0.494,-2.757
25.25,2.375,,,
25.26,2.375,0.441,-0.540,-1.863
25.27,2.375,,,
25.28,2.370,0.430,-0.569,-0.886
25.29,2.375,,,
25.30,2.370,0.418,-0.577,0.157
25.31,2.375,,,
25.32,2.370,0.406,-0.563,1.200
25.33,2.370,,,
25.34,2.375,0.395,-0.527,2.136
25.35,2.375,,,
25.36,2.370,0.385,-0.477,3.031
25.37,2.375,,,
25.38,2.375,0.376,-0.406,3.930
25.39,2.375,,,
25.40,2.375,0.368,-0.317,4.645
25.41,2.375,,,
25.42,2.375,0.363,-0.215,5.072
25.43,2.370,,,
25.44,2.375,0.360,-0.111,5.330
25.45,2.375,,,
25.46,2.370,0.358,-0.001,5.481
25.47,2.375,,,
25.48,2.370,0.360,0.112,5.405
25.49,2.375,,,
25.50,2.375,0.363,0.219,5.093
25.51,2.370,,,
25.52,2.375,0.368,0.320,4.529
25.53,1.316,,,
25.54,2.172,0.376,0.402,3.825
25.55,2.370,,,
25.56,2.375,0.385,0.472,3.111
25.57,2.375,,,
25.58,2.370,0.395,0.528,2.302
25.59,2.370,,,
25.60,2.375,0.406,0.569,1.266
25.61,2.370,,,
25.62,2.375,0.418,0.581,0.108
25.63,2.370,,,
25.64,2.375,0.430,0.571,-0.955
25.65,2.375,,,
25.66,2.375,0.441,0.541,-1.928
25.67,2.375,,,
25.68,2.370,0.452,0.493,-2.830
25.69,2.375,,,
25.70,2.370,0.461,0.428,-3.691
25.71,2.370,,,
25.72,2.375,0.469,0.342,-4.367
25.73,2.375,,,
25.74,2.370,0.475,0.249,-4.821
25.75,2.375,,,
25.76,2.375,0.479,0.147,-5.135
25.77,2.370,,,
25.78,2.375,0.481,0.040,-5.228
25.79,2.375,,,
25.80,2.370,0.481,-0.064,-5.169
25.81,2.375,,,
25.82,2.375,0.478,-0.168,-4.981
25.83,2.375,,,
25.84,2.370,0.474,-0.267,-4.611
25.85,2.375,,,
25.86,2.375,0.467,-0.355,-4.073
25.87,2.370,,,
25.88,2.375,0.460,-0.432,-3.388
25.89,2.370,,,
25.90,2.375,0.450,-0.493,-2.575
25.91,2.370,,,
25.92,2.375,0.440,-0.536,-1.678
25.93,2.375,,,
25.94,2.370,0.428,-0.560,-0.746
25.95,2.375,,,
25.96,2.375,0.417,-0.566,0.194
25.97,2.370,,,
25.98,2.375,0.405,-0.555,1.238
25.99,2.370,,,
26.00,2.375,0.394,-0.516,2.249
26.01,2.370,,,
26.02,2.375,0.384,-0.462,3.106
26.03,2.375,,,
26.04,2.370,0.376,-0.390,3.875
26.05,2.375,,,
26.06,2.370,0.369,-0.305,4.518
26.07,2.375,,,
26.08,2.375,0.363,-0.208,5.027
26.09,2.375,,,
26.10,2.375,0.360,-0.101,5.336
26.11,2.370,,,
26.12,2.375,0.359,0.009,5.436
26.13,2.375,,,
26.14,2.375,0.360,0.121,5.269
26.15,2.375,,,
26.16,2.375,0.364,0.222,4.920
26.17,2.370,,,
26.18,2.370,0.369,0.319,4.479
26.19,1.270,,,
26.20,2.223,0.377,0.404,3.863
26.21,2.370,,,
26.22,2.370,0.386,0.475,3.120
26.23,2.375,,,
26.24,2.370,0.396,0.533,2.162
26.25,2.375,,,
26.26,2.375,0.408,0.564,1.080
26.27,2.375,,,
26.28,2.375,0.419,0.575,0.063
26.29,2.370,,,
26.30,2.375,0.431,0.567,-0.970
26.31,2.375,,,
26.32,2.375,0.442,0.536,-2.003
26.33,2.375,,,
26.34,2.375,0.453,0.486,-2.982
26.35,2.370,,,
26.36,2.375,0.462,0.414,-3.803
26.37,2.370,,,
26.38,2.370,0.469,0.328,-4.320
26.39,2.370,,,
26.40,2.375,0.475,0.239,-4.688
26.41,2.375,,,
26.42,2.370,0.479,0.142,-5.039
26.43,2.375,,,
26.44,2.375,0.481,0.034,-5.177
26.45,2.370,,,
26.46,2.375,0.480,-0.070,-5.084
26.47,2.375,,,
26.48,2.375,0.478,-0.171,-4.867
26.49,2.375,,,
26.50,2.370,0.473,-0.267,-4.491
26.51,2.370,,,
26.52,2.375,0.467,-0.351,-4.049
26.53,2.370,,,
26.54,2.375,0.459,-0.431,-3.457
26.55,2.370,,,
26.56,2.375,0.450,-0.495,-2.590
26.57,2.375,,,
26.58,2.370,0.439,-0.536,-1.638
26.59,2.375,,,
26.60,2.375,0.428,-0.559,-0.711
26.61,2.375,,,
26.62,2.375,0.417,-0.566,0.272
26.63,2.370,,,
26.64,2.375,0.405,-0.549,1.304
26.65,2.370,,,
26.66,2.375,0.394,-0.512,2.255
26.67,2.370,,,
26.68,2.375,0.384,-0.458,3.118
26.69,2.375,,,
26.70,2.370,0.376,-0.385,3.869
26.71,2.375,,,
26.72,2.375,0.369,-0.301,4.484
26.73,2.370,,,
26.74,2.375,0.363,-0.204,4.961
26.75,2.370,,,
26.76,2.375,0.361,-0.100,5.258
26.77,2.375,,,
26.78,2.370,0.359,0.009,5.373
26.79,2.375,,,
26.80,2.375,0.361,0.119,5.271
26.81,2.370,,,
26.82,2.375,0.364,0.223,4.990
26.83,2.370,,,
26.84,2.370,0.370,0.323,4.442
26.85,1.209,,,
26.86,2.284,0.378,0.404,3.694
26.87,2.375,,,
26.88,2.370,0.386,0.471,2.912
26.89,2.375,,,
26.90,2.370,0.397,0.522,2.045
26.91,2.375,,,
26.92,2.375,0.407,0.553,1.115
26.93,2.370,,,
26.94,2.375,0.419,0.567,0.140
26.95,2.370,,,
26.96,2.375,0.430,0.561,-0.914
26.97,2.375,,,
26.98,2.370,0.442,0.532,-2.015
26.99,2.375,,,
27.00,2.375,0.452,0.477,-2.962
27.01,2.370,,,
27.02,2.375,0.461,0.409,-3.702
27.03,2.370,,,
27.04,2.370,0.469,0.327,-4.286
27.05,2.375,,,
27.06,2.370,0.474,0.235,-4.700
27.07,2.375,,,
27.08,2.375,0.478,0.138,-5.028
27.09,2.370,,,
27.10,2.375,0.480,0.032,-5.213
27.11,2.375,,,
27.12,2.375,0.479,-0.075,-5.150
27.13,2.370,,,
27.14,2.375,0.477,-0.178,-4.843
27.15,2.375,,,
27.16,2.370,0.472,-0.271,-4.407
27.17,2.370,,,
27.18,2.370,0.466,-0.355,-3.908
27.19,2.375,,,
27.20,2.375,0.458,-0.429,-3.283
27.21,2.370,,,
27.22,2.375,0.448,-0.489,-2.488
27.23,2.375,,,
27.24,2.370,0.438,-0.530,-1.584
27.25,2.375,,,
27.26,2.370,0.427,-0.554,-0.614
27.27,2.375,,,
27.28,2.375,0.415,-0.555,0.396
27.29,2.370,,,
27.30,2.375,0.404,-0.537,1.379
27.31,2.375,,,
27.32,2.375,0.394,-0.499,2.311
27.33,2.375,,,
27.34,2.370,0.384,-0.444,3.167
27.35,2.375,,,
27.36,2.370,0.376,-0.372,3.939
27.37,2.375,,,
27.38,2.375,0.369,-0.282,4.489
27.39,2.370,,,
27.40,2.375,0.364,-0.189,4.841
27.41,2.370,,,
27.42,2.375,0.361,-0.088,5.109
27.43,2.375,,,
27.44,2.370,0.361,0.018,5.215
27.45,2.375,,,
27.46,2.370,0.362,0.125,5.102
27.47,2.370,,,
27.48,2.375,0.366,0.225,4.785
27.49,2.370,,,
27.50,2.375,0.371,0.318,4.333
27.51,1.159,,,
27.52,2.329,0.379,0.401,3.719
27.53,2.375,,,
27.54,2.370,0.387,0.469,2.966
27.55,2.375,,,
27.56,2.375,0.398,0.524,2.003
27.57,2.370,,,
27.58,2.370,0.409,0.551,0.913
27.59,2.375,,,
27.60,2.375,0.420,0.559,-0.118
27.61,2.375,,,
27.62,2.370,0.432,0.546,-1.135
27.63,2.375,,,
27.64,2.370,0.442,0.512,-2.068
27.65,2.370,,,
27.66,2.375,0.452,0.461,-2.851
27.67,2.370,,,
27.68,2.375,0.461,0.396,-3.495
27.69,2.375,,,
27.70,2.370,0.468,0.322,-4.120
27.71,2.375,,,
27.72,2.370,0.474,0.229,-4.634
27.73,2.375,,,
27.74,2.375,0.477,0.131,-4.900
27.75,2.375,,,
27.76,2.375,0.479,0.031,-5.029
27.77,2.370,,,
27.78,2.375,0.479,-0.072,-5.018
27.79,2.370,,,
27.80,2.370,0.476,-0.173,-4.800
27.81,2.375,,,
27.82,2.370,0.472,-0.266,-4.397
27.83,2.375,,,
27.84,2.375,0.466,-0.351,-3.853
27.85,2.370,,,
27.86,2.375,0.458,-0.424,-3.153
27.87,2.370,,,
27.88,2.375,0.448,-0.476,-2.453
27.89,2.375,,,
27.90,2.370,0.438,-0.522,-1.709
27.91,2.375,,,
27.92,2.375,0.427,-0.549,-0.776
27.93,2.370,,,
27.94,2.375,0.416,-0.554,0.238
27.95,2.370,,,
27.96,2.375,0.405,-0.539,1.272
27.97,2.370,,,
27.98,2.370,0.394,-0.503,2.270
27.99,2.375,,,
28.00,2.370,0.384,-0.447,3.167
28.01,2.375,,,
28.02,2.370,0.376,-0.374,3.911
28.03,2.375,,,
28.04,2.375,0.369,-0.289,4.529
28.05,2.370,,,
28.06,2.375,0.364,-0.188,4.918
28.07,2.375,,,
28.08,2.370,0.362,-0.089,5.122
28.09,2.375,,,
28.10,2.370,0.361,0.017,5.220
28.11,2.370,,,
28.12,2.375,0.362,0.123,5.110
28.13,2.370,,,
28.14,2.375,0.366,0.225,4.817
28.15,2.375,,,
28.16,2.370,0.371,0.319,4.330
28.17,1.083,,,
28.18,2.365,0.379,0.401,3.659
28.19,2.375,,,
28.20,2.375,0.388,0.467,2.879
28.21,2.370,,,
28.22,2.375,0.398,0.517,2.014
28.23,2.370,,,
28.24,2.375,0.409,0.551,0.985
28.25,2.370,,,
28.26,2.375,0.420,0.558,-0.103
28.27,2.375,,,
28.28,2.370,0.431,0.545,-1.108
28.29,2.375,,,
28.30,2.375,0.442,0.512,-2.041
28.31,2.370,,,
28.32,2.375,0.452,0.462,-2.899
28.33,2.370,,,
28.34,2.375,0.461,0.394,-3.630
28.35,2.375,,,
28.36,2.370,0.468,0.314,-4.176
28.37,2.375,,,
28.38,2.375,0.474,0.224,-4.532
28.39,2.370,,,
28.40,2.375,0.477,0.130,-4.733
28.41,2.375,,,
28.42,2.375,0.479,0.036,-4.940
28.43,2.375,,,
28.44,2.370,0.479,-0.069,-5.029
28.45,2.375,,,
28.46,2.370,0.476,-0.172,-4.790
28.47,2.370,,,
28.48,2.375,0.472,-0.264,-4.345
28.49,2.370,,,
28.50,2.375,0.465,-0.346,-3.829
28.51,2.370,,,
28.52,2.375,0.458,-0.419,-3.208
28.53,2.375,,,
28.54,2.370,0.448,-0.476,-2.457
28.55,2.375,,,
28.56,2.370,0.438,-0.518,-1.615
28.57,2.375,,,
28.58,2.375,0.427,-0.543,-0.657
28.59,2.370,,,
28.60,2.375,0.416,-0.546,0.342
28.61,2.375,,,
28.62,2.375,0.405,-0.529,1.309
28.63,2.375,,,
28.64,2.370,0.395,-0.490,2.138
28.65,2.375,,,
28.66,2.375,0.385,-0.442,2.905
28.67,2.375,,,
28.68,2.375,0.377,-0.375,3.694
28.69,2.370,,,
28.70,2.375,0.370,-0.292,4.354
28.71,2.375,,,
28.72,2.375,0.365,-0.198,4.850
28.73,2.375,,,
28.74,2.370,0.362,-0.095,5.154
28.75,2.375,,,
28.76,2.375,0.361,0.012,5.224
28.77,2.375,,,
28.78,2.370,0.363,0.117,5.066
28.79,2.370,,,
28.80,2.375,0.366,0.216,4.763
28.81,2.370,,,
28.82,2.375,0.371,0.311,4.287
28.83,1.042,,,
28.84,2.370,0.379,0.390,3.686
28.85,2.370,,,
28.86,2.375,0.387,0.459,2.993
28.87,2.370,,,
28.88,2.375,0.397,0.512,2.126
28.89,2.375,,,
28.90,2.375,0.408,0.545,1.188
28.91,2.375,,,
28.92,2.370,0.419,0.562,0.122
28.93,2.375,,,
28.94,2.370,0.431,0.551,-1.012
28.95,2.370,,,
28.96,2.375,0.442,0.519,-2.027
28.97,2.370,,,
28.98,2.375,0.452,0.468,-2.886
28.99,2.375,,,
29.00,2.370,0.461,0.401,-3.576
29.01,2.375,,,
29.02,2.375,0.468,0.323,-4.125
29.03,2.375,,,
29.04,2.375,0.474,0.234,-4.552
29.05,2.375,,,
29.06,2.375,0.478,0.139,-4.861
29.07,2.370,,,
29.08,2.375,0.479,0.038,-5.011
29.09,2.375,,,
29.10,2.370,0.479,-0.065,-4.954
29.11,2.375,,,
29.12,2.370,0.477,-0.164,-4.717
29.13,2.375,,,
29.14,2.375,0.472,-0.254,-4.422
29.15,2.375,,,
29.16,2.375,0.466,-0.343,-3.969
29.17,2.370,,,
29.18,2.375,0.458,-0.416,-3.318
29.19,2.370,,,
29.20,2.375,0.449,-0.476,-2.605
29.21,2.375,,,
29.22,2.370,0.439,-0.523,-1.768
29.23,2.375,,,
29.24,2.375,0.428,-0.550,-0.773
29.25,2.370,,,
29.26,2.375,0.417,-0.554,0.279
29.27,2.375,,,
29.28,2.375,0.406,-0.537,1.243
29.29,2.375,,,
29.30,2.370,0.395,-0.504,2.157
29.31,2.375,,,
29.32,2.375,0.385,-0.450,3.010
29.33,2.375,,,
29.34,2.375,0.377,-0.382,3.760
29.35,2.370,,,
29.36,2.375,0.370,-0.298,4.403
29.37,2.370,,,
29.38,2.375,0.365,-0.203,4.868
29.39,2.375,,,
29.40,2.370,0.362,-0.101,5.185
29.41,2.375,,,
29.42,2.375,0.361,0.007,5.320
29.43,2.370,,,
29.44,2.375,0.362,0.116,5.222
29.45,2.375,,,
29.46,2.375,0.365,0.221,4.833
29.47,2.370,,,
29.48,2.375,0.371,0.311,4.282
29.49,1.027,,,
29.50,2.365,0.378,0.393,3.672
29.51,2.375,,,
29.52,2.375,0.387,0.460,2.940
29.53,2.370,,,
29.54,2.370,0.397,0.512,2.116
29.55,2.370,,,
29.56,2.375,0.408,0.548,1.115
29.57,2.375,,,
29.58,2.375,0.419,0.557,0.052
29.59,2.375,,,
29.60,2.370,0.430,0.550,-0.987
29.61,2.375,,,
29.62,2.375,0.441,0.518,-2.001
29.63,2.370,,,
29.64,2.370,0.451,0.466,-2.833
29.65,2.375,,,
29.66,2.375,0.460,0.402,-3.527
29.67,2.375,,,
29.68,2.370,0.467,0.325,-4.156
29.69,2.375,,,
29.70,2.375,0.473,0.233,-4.638
29.71,2.370,,,
29.72,2.375,0.477,0.136,-4.955
29.73,2.375,,,
29.74,2.375,0.479,0.035,-5.174
29.75,2.375,,,
29.76,2.370,0.478,-0.075,-5.130
29.77,2.375,,,
29.78,2.370,0.476,-0.175,-4.836
29.79,2.375,,,
29.80,2.375,0.471,-0.270,-4.422
29.81,2.370,,,
29.82,2.370,0.465,-0.355,-3.848
29.83,2.370,,,
29.84,2.375,0.457,-0.426,-3.176
29.85,2.375,,,
29.86,2.375,0.447,-0.483,-2.425
29.87,2.375,,,
29.88,2.375,0.437,-0.524,-1.568
29.89,2.375,,,
29.90,2.375,0.426,-0.547,-0.595
29.91,2.370,,,
29.92,2.375,0.415,-0.549,0.416
29.93,2.375,,,
29.94,2.375,0.404,-0.530,1.395
29.95,2.375,,,
29.96,2.370,0.394,-0.490,2.246
29.97,2.375,,,
29.98,2.375,0.384,-0.439,3.036
29.99,2.370,,,
30.00,2.375,0.376,-0.369,3.794
30.01,2.370,,,
30.02,2.375,0.369,-0.286,4.429
30.03,2.375,,,
30.04,2.370,0.364,-0.190,4.925
30.05,2.375,,,
30.06,2.370,0.361,-0.085,5.197
30.07,2.375,,,
30.08,2.370,0.361,0.021,5.268
30.09,2.375,,,
30.10,2.375,0.362,0.130,5.078
30.11,2.370,,,
30.12,2.375,0.366,0.227,4.707
30.13,2.375,,,
30.14,2.370,0.371,0.319,4.255
30.15,1.022,,,
30.16,2.370,0.379,0.400,3.658
30.17,2.370,,,
30.18,2.375,0.388,0.467,2.942
30.19,2.375,,,
30.20,2.375,0.398,0.520,2.069
30.21,2.370,,,
30.22,2.375,0.409,0.552,1.061
30.23,2.375,,,
30.24,2.370,0.420,0.563,-0.008
30.25,2.375,,,
30.26,2.375,0.432,0.552,-1.072
30.27,2.375,,,
30.28,2.375,0.443,0.521,-2.121
30.29,2.370,,,
30.30,2.375,0.453,0.464,-3.012
30.31,2.375,,,
30.32,2.370,0.461,0.396,-3.665
30.33,2.375,,,
30.34,2.370,0.469,0.316,-4.185
30.35,2.370,,,
30.36,2.375,0.474,0.226,-4.576
30.37,2.370,,,
30.38,2.375,0.478,0.133,-4.919
30.39,2.370,,,
30.40,2.375,0.480,0.028,-5.130
30.41,2.375,,,
30.42,2.370,0.479,-0.079,-5.003
30.43,2.375,,,
30.44,2.375,0.476,-0.175,-4.682
30.45,2.370,,,
30.46,2.375,0.472,-0.265,-4.367
30.47,2.370,,,
30.48,2.375,0.466,-0.353,-3.887
30.49,2.375,,,
30.50,2.370,0.458,-0.425,-3.189
30.51,2.375,,,
30.52,2.370,0.449,-0.479,-2.508
30.53,2.375,,,
30.54,2.375,0.438,-0.527,-1.713
30.55,2.370,,,
30.56,2.375,0.427,-0.553,-0.682
30.57,2.370,,,
30.58,2.375,0.416,-0.554,0.367
30.59,2.375,,,
30.60,2.370,0.405,-0.536,1.350
30.61,2.370,,,
30.62,2.375,0.394,-0.500,2.292
30.63,2.370,,,
30.64,2.375,0.384,-0.444,3.171
30.65,2.370,,,
30.66,2.375,0.376,-0.369,3.867
30.67,2.380,,,
30.68,2.370,0.370,-0.287,4.422
30.69,2.375,,,
30.70,2.370,0.364,-0.192,4.884
30.71,2.375,,,
30.72,2.370,0.362,-0.089,5.164
30.73,2.375,,,
30.74,2.375,0.361,0.018,5.241
30.75,2.375,,,
30.76,2.375,0.362,0.124,5.112
30.77,2.375,,,
30.78,2.370,0.366,0.226,4.799
30.79,2.375,,,
30.80,2.370,0.372,0.319,4.314
30.81,1.006,,,
30.82,2.370,0.379,0.400,3.680
30.83,2.370,,,
30.84,2.375,0.388,0.470,2.842
30.85,2.375,,,
30.86,2.375,0.398,0.515,1.917
30.87,2.370,,,
30.88,2.375,0.409,0.546,0.983
30.89,2.375,,,
30.90,2.375,0.420,0.556,-0.022
30.91,2.370,,,
30.92,2.375,0.431,0.546,-1.054
30.93,2.375,,,
30.94,2.370,0.442,0.513,-2.032
30.95,2.375,,,
30.96,2.370,0.452,0.462,-2.878
30.97,2.375,,,
30.98,2.370,0.461,0.396,-3.583
30.99,2.375,,,
31.00,2.375,0.468,0.316,-4.112
31.01,2.370,,,
31.02,2.375,0.474,0.231,-4.573
31.03,2.370,,,
31.04,2.375,0.477,0.132,-4.920
31.05,2.375,,,
31.06,2.375,0.479,0.030,-5.063
31.07,2.375,,,
31.08,2.375,0.479,-0.074,-5.012
31.09,2.375,,,
31.10,2.375,0.476,-0.173,-4.757
31.11,2.370,,,
31.12,2.375,0.472,-0.267,-4.328
31.13,2.370,,,
31.14,2.375,0.465,-0.349,-3.749
31.15,2.370,,,
31.16,2.375,0.458,-0.416,-3.169
31.17,2.375,,,
31.18,2.375,0.448,-0.478,-2.490
31.19,2.375,,,
31.20,2.370,0.438,-0.520,-1.621
31.21,2.375,,,
31.22,2.375,0.427,-0.543,-0.692
31.23,2.375,,,
31.24,2.370,0.416,-0.548,0.272
31.25,2.375,,,
31.26,2.370,0.405,-0.533,1.266
31.27,2.375,,,
31.28,2.370,0.394,-0.496,2.219
31.29,2.375,,,
31.30,2.375,0.385,-0.443,3.081
31.31,2.370,,,
31.32,2.375,0.376,-0.371,3.827
31.33,2.370,,,
31.34,2.370,0.370,-0.287,4.422
31.35,2.375,,,
31.36,2.370,0.365,-0.192,4.864
31.37,2.375,,,
31.38,2.375,0.362,-0.090,5.130
31.39,2.370,,,
31.40,2.375,0.361,0.016,5.222
31.41,2.375,,,
31.42,2.375,0.363,0.124,5.054
31.43,2.375,,,
31.44,2.370,0.366,0.221,4.709
31.45,2.375,,,
31.46,2.370,0.372,0.313,4.288
31.47,1.017,,,
31.48,2.370,0.379,0.395,3.700
31.49,2.370,,,
31.50,2.375,0.388,0.463,2.958
31.51,2.370,,,
31.52,2.375,0.398,0.517,2.001
31.53,2.375,,,
31.54,2.370,0.409,0.544,0.983
31.55,2.370,,,
31.56,2.370,0.420,0.554,0.064
31.57,2.375,,,
31.58,2.375,0.431,0.549,-0.953
31.59,2.370,,,
31.60,2.375,0.442,0.518,-2.046
31.61,2.375,,,
31.62,2.370,0.452,0.463,-2.924
31.63,2.375,,,
31.64,2.375,0.461,0.397,-3.576
31.65,2.370,,,
31.66,2.375,0.468,0.318,-4.098
31.67,2.370,,,
31.68,2.375,0.474,0.230,-4.455
31.69,2.370,,,
31.70,2.375,0.477,0.140,-4.805
31.71,2.375,,,
31.72,2.370,0.479,0.038,-5.109
31.73,2.375,,,
31.74,2.375,0.479,-0.070,-5.118
31.75,2.375,,,
31.76,2.370,0.477,-0.172,-4.832
31.77,2.375,,,
31.78,2.375,0.472,-0.265,-4.395
31.79,2.375,,,
31.80,2.375,0.466,-0.349,-3.884
31.81,2.375,,,
31.82,2.375,0.458,-0.422,-3.274
31.83,2.375,,,
31.84,2.375,0.449,-0.482,-2.539
31.85,2.375,,,
31.86,2.375,0.438,-0.526,-1.654
31.87,2.370,,,
31.88,2.375,0.427,-0.549,-0.687
31.89,2.375,,,
31.90,2.375,0.416,-0.554,0.315
31.91,2.375,,,
31.92,2.370,0.405,-0.535,1.251
31.93,2.375,,,
31.94,2.375,0.394,-0.504,2.163
31.95,2.370,,,
31.96,2.375,0.384,-0.449,3.079
31.97,2.370,,,
31.98,2.375,0.376,-0.378,3.861
31.99,2.375,,,
32.00,2.375,0.369,-0.293,4.497
32.01,2.375,,,
32.02,2.370,0.364,-0.196,4.966
32.03,2.375,,,
32.04,2.375,0.361,-0.092,5.263
32.05,2.370,,,
32.06,2.375,0.361,0.020,5.292
32.07,2.370,,,
32.08,2.370,0.362,0.125,5.058
32.09,2.375,,,
32.10,2.375,0.366,0.223,4.727
32.11,2.375,,,
32.12,2.375,0.371,0.314,4.342
32.13,1.012,,,
32.14,2.375,0.378,0.400,3.763
32.15,2.375,,,
32.16,2.370,0.387,0.469,2.955
32.17,2.370,,,
32.18,2.375,0.397,0.519,2.067
32.19,2.375,,,
32.20,2.370,0.408,0.552,1.112
32.21,2.375,,,
32.22,2.375,0.420,0.565,0.071
32.23,2.370,,,
32.24,2.375,0.431,0.558,-1.085
32.25,2.370,,,
32.26,2.375,0.443,0.520,-2.159
32.27,2.375,,,
32.28,2.370,0.452,0.466,-2.977
32.29,2.375,,,
32.30,2.375,0.461,0.399,-3.621
32.31,2.375,,,
32.32,2.375,0.469,0.319,-4.131
32.33,2.370,,,
32.34,2.370,0.474,0.233,-4.595
32.35,2.370,,,
32.36,2.375,0.478,0.134,-4.964
32.37,2.375,,,
32.38,2.375,0.480,0.031,-5.125
32.39,2.375,,,
32.40,2.375,0.479,-0.074,-5.067
32.41,2.375,,,
32.42,2.375,0.477,-0.174,-4.834
32.43,2.375,,,
32.44,2.375,0.472,-0.270,-4.443
32.45,2.370,,,
32.46,2.375,0.466,-0.355,-3.889
32.47,2.375,,,
32.48,2.370,0.458,-0.427,-3.227
32.49,2.375,,,
32.50,2.375,0.448,-0.485,-2.474
32.51,2.370,,,
32.52,2.375,0.438,-0.528,-1.602
32.53,2.370,,,
32.54,2.375,0.427,-0.551,-0.608
32.55,2.375,,,
32.56,2.370,0.416,-0.552,0.393
32.57,2.375,,,
32.58,2.375,0.405,-0.535,1.353
32.59,2.370,,,
32.60,2.375,0.394,-0.496,2.205
32.61,2.370,,,
32.62,2.375,0.385,-0.446,3.016
32.63,2.375,,,
32.64,2.370,0.376,-0.377,3.858
32.65,2.375,,,
32.66,2.370,0.369,-0.288,4.475
32.67,2.375,,,
32.68,2.375,0.364,-0.194,4.876
32.69,2.375,,,
32.70,2.375,0.361,-0.091,5.156
32.71,2.375,,,
32.72,2.375,0.361,0.015,5.253
32.73,2.370,,,
32.74,2.375,0.362,0.122,5.150
32.75,2.370,,,
32.76,2.370,0.366,0.225,4.799
32.77,2.375,,,
32.78,2.375,0.371,0.317,4.279
32.79,1.022,,,
32.80,2.370,0.378,0.397,3.687
32.81,2.370,,,
32.82,2.370,0.387,0.466,2.991
32.83,2.375,,,
32.84,2.370,0.397,0.519,2.146
32.85,2.375,,,
32.86,2.370,0.408,0.554,1.156
32.87,2.375,,,
32.88,2.375,0.420,0.567,0.092
32.89,2.370,,,
32.90,2.375,0.431,0.558,-0.995
32.91,2.375,,,
32.92,2.375,0.442,0.528,-2.093
32.93,2.375,,,
32.94,2.370,0.453,0.471,-3.016
32.95,2.375,,,
32.96,2.375,0.461,0.402,-3.672
32.97,2.370,,,
32.98,2.370,0.469,0.322,-4.180
32.99,2.370,,,
33.00,2.375,0.475,0.232,-4.545
33.01,2.375,,,
33.02,2.370,0.478,0.140,-4.872
33.03,2.375,,,
33.04,2.370,0.480,0.037,-5.138
33.05,2.370,,,
33.06,2.370,0.480,-0.072,-5.076
33.07,2.375,,,
33.08,2.370,0.477,-0.170,-4.768
33.09,2.370,,,
33.10,2.375,0.473,-0.261,-4.468
33.11,2.370,,,
33.12,2.375,0.467,-0.351,-4.020
33.13,2.375,,,
33.14,2.370,0.459,-0.427,-3.318
33.15,2.375,,,
33.16,2.375,0.450,-0.484,-2.553
33.17,2.370,,,
33.18,2.375,0.439,-0.529,-1.732
33.19,2.375,,,
33.20,2.375,0.428,-0.555,-0.829
33.21,2.370,,,
33.22,2.370,0.417,-0.564,0.165
33.23,2.375,,,
33.24,2.375,0.405,-0.549,1.199
33.25,2.370,,,
33.26,2.375,0.394,-0.516,2.207
33.27,2.375,,,
33.28,2.375,0.384,-0.461,3.188
33.29,2.375,,,
33.30,2.370,0.376,-0.384,3.959
33.31,2.375,,,
33.32,2.375,0.369,-0.299,4.538
33.33,2.375,,,
33.34,2.370,0.363,-0.201,4.991
33.35,2.370,,,
33.36,2.375,0.361,-0.097,5.262
33.37,2.370,,,
33.38,2.370,0.359,0.012,5.349
33.39,2.375,,,
33.40,2.370,0.361,0.120,5.240
33.41,2.375,,,
33.42,2.375,0.364,0.225,4.954
33.43,2.375,,,
33.44,2.375,0.370,0.321,4.480
33.45,1.012,,,
33.46,2.370,0.377,0.406,3.852
33.47,2.375,,,
33.48,2.375,0.387,0.479,3.012
33.49,2.375,,,
33.50,2.370,0.397,0.529,2.045
33.51,2.375,,,
33.52,2.370,0.408,0.560,1.089
33.53,2.375,,,
33.54,2.375,0.420,0.575,0.010
33.55,2.370,,,
33.56,2.375,0.431,0.563,-1.154
33.57,2.375,,,
33.58,2.375,0.443,0.524,-2.117
33.59,2.375,,,
33.60,2.370,0.452,0.474,-2.878
33.61,2.375,,,
33.62,2.375,0.462,0.411,-3.666
33.63,2.370,,,
33.64,2.375,0.469,0.325,-4.327
33.65,2.370,,,
33.66,2.375,0.475,0.233,-4.752
33.67,2.375,,,
33.68,2.375,0.479,0.134,-5.043
33.69,2.375,,,
33.70,2.370,0.480,0.029,-5.173
33.71,2.375,,,
33.72,2.370,0.480,-0.075,-5.167
33.73,2.375,,,
33.74,2.375,0.477,-0.180,-4.974
33.75,2.375,,,
33.76,2.370,0.473,-0.279,-4.523
33.77,2.375,,,
33.78,2.370,0.466,-0.364,-3.899
33.79,2.375,,,
33.80,2.370,0.458,-0.436,-3.179
33.81,2.370,,,
33.82,2.375,0.448,-0.493,-2.373
33.83,2.370,,,
33.84,2.375,0.438,-0.530,-1.573
33.85,2.375,,,
33.86,2.370,0.427,-0.557,-0.691
33.87,2.375,,,
33.88,2.375,0.415,-0.561,0.325
33.89,2.375,,,
33.90,2.375,0.404,-0.544,1.357
33.91,2.370,,,
33.92,2.370,0.393,-0.506,2.349
33.93,2.370,,,
33.94,2.370,0.384,-0.448,3.229
33.95,2.375,,,
33.96,2.370,0.375,-0.375,3.991
33.97,2.370,,,
33.98,2.375,0.368,-0.285,4.533
33.99,2.375,,,
34.00,2.375,0.364,-0.191,4.915
34.01,2.375,,,
34.02,2.375,0.360,-0.087,5.199
34.03,2.375,,,
34.04,2.375,0.360,0.020,5.297
34.05,2.375,,,
34.06,2.370,0.361,0.127,5.239
34.07,2.375,,,
34.08,2.375,0.365,0.235,4.882
34.09,2.375,,,
34.10,2.375,0.371,0.325,4.333
34.11,1.022,,,
34.12,2.375,0.378,0.408,3.721
34.13,2.375,,,
34.14,2.375,0.388,0.477,2.952
34.15,2.375,,,
34.16,2.375,0.398,0.528,2.096
34.17,2.375,,,
34.18,2.370,0.409,0.563,1.111
34.19,2.375,,,
34.20,2.375,0.420,0.574,0.018
34.21,2.370,,,
34.22,2.375,0.432,0.565,-1.156
34.23,2.370,,,
34.24,2.375,0.444,0.526,-2.236
34.25,2.375,,,
34.26,2.375,0.453,0.471,-3.040
34.27,2.375,,,
34.28,2.375,0.463,0.403,-3.705
34.29,2.370,,,
34.30,2.375,0.470,0.321,-4.278
34.31,2.370,,,
34.32,2.375,0.476,0.230,-4.727
34.33,2.375,,,
34.34,2.370,0.479,0.129,-4.999
34.35,2.375,,,
34.36,2.370,0.481,0.027,-5.091
34.37,2.375,,,
34.38,2.375,0.480,-0.077,-5.021
34.39,2.370,,,
34.40,2.370,0.478,-0.175,-4.872
34.41,2.375,,,
34.42,2.370,0.473,-0.275,-4.547
34.43,2.370,,,
34.44,2.370,0.466,-0.362,-3.952
34.45,2.375,,,
34.46,2.370,0.458,-0.435,-3.233
34.47,2.375,,,
34.48,2.375,0.449,-0.492,-2.453
34.49,2.370,,,
34.50,2.375,0.439,-0.532,-1.678
34.51,2.370,,,
34.52,2.375,0.427,-0.561,-0.769
34.53,2.375,,,
34.54,2.375,0.416,-0.565,0.278
34.55,2.375,,,
34.56,2.375,0.404,-0.550,1.307
34.57,2.370,,,
34.58,2.370,0.393,-0.513,2.314
34.59,2.375,,,
34.60,2.370,0.384,-0.456,3.229
34.61,2.375,,,
34.62,2.375,0.375,-0.383,4.056
34.63,2.375,,,
34.64,2.375,0.368,-0.289,4.659
34.65,2.375,,,
34.66,2.370,0.363,-0.192,5.016
34.67,2.375,,,
34.68,2.375,0.360,-0.089,5.295
34.69,2.375,,,
34.70,2.375,0.360,0.022,5.407
34.71,2.375,,,
34.72,2.370,0.361,0.134,5.216
34.73,2.375,,,
34.74,2.375,0.365,0.235,4.819
34.75,2.375,,,
34.76,2.370,0.371,0.326,4.373
34.77,1.017,,,
34.78,2.370,0.378,0.411,3.800
34.79,2.375,,,
34.80,2.370,0.387,0.483,2.971
34.81,2.375,,,
34.82,2.375,0.398,0.532,1.997
34.83,2.370,,,
34.84,2.375,0.409,0.563,0.986
34.85,2.370,,,
34.86,2.375,0.421,0.574,-0.129
34.87,2.375,,,
34.88,2.375,0.432,0.557,-1.223
34.89,2.375,,,
34.90,2.370,0.443,0.522,-2.175
34.91,2.375,,,
34.92,2.375,0.454,0.469,-3.027
34.93,2.370,,,
34.94,2.370,0.462,0.399,-3.749
34.95,2.370,,,
34.96,2.375,0.470,0.316,-4.305
34.97,2.375,,,
34.98,2.370,0.475,0.225,-4.699
34.99,2.375,,,
35.00,2.370,0.479,0.126,-4.967
35.01,2.375,,,
35.02,2.375,0.480,0.024,-5.090
35.03,2.375,,,
35.04,2.375,0.480,-0.078,-5.104
35.05,2.370,,,
35.06,2.375,0.477,-0.184,-4.899
35.07,2.375,,,
35.08,2.370,0.472,-0.279,-4.433
35.09,2.370,,,
35.10,2.375,0.466,-0.362,-3.892
35.11,2.375,,,
35.12,2.375,0.458,-0.437,-3.230
35.13,2.375,,,
35.14,2.370,0.448,-0.494,-2.424
35.15,2.370,,,
35.16,2.375,0.438,-0.535,-1.545
35.17,2.375,,,
35.18,2.370,0.426,-0.557,-0.594
35.19,2.375,,,
35.20,2.375,0.415,-0.560,0.412
35.21,2.370,,,
35.22,2.375,0.404,-0.540,1.412
35.23,2.370,,,
35.24,2.375,0.393,-0.502,2.346
35.25,2.375,,,
35.26,2.370,0.383,-0.446,3.226
35.27,2.375,,,
35.28,2.370,0.375,-0.371,4.008
35.29,2.375,,,
35.30,2.370,0.368,-0.283,4.625
35.31,2.375,,,
35.32,2.375,0.363,-0.181,4.973
35.33,2.370,,,
35.34,2.375,0.361,-0.080,5.102
35.35,2.375,,,
35.36,2.370,0.360,0.021,5.221
35.37,2.375,,,
35.38,2.370,0.362,0.129,5.254
35.39,2.375,,,
35.40,2.375,0.365,0.239,4.913
35.41,2.370,,,
35.42,2.370,0.371,0.330,4.323
35.43,1.022,,,
35.44,2.370,0.379,0.412,3.684
35.45,2.375,,,
35.46,2.370,0.388,0.480,2.908
35.47,2.375,,,
35.48,2.375,0.398,0.530,2.005
35.49,2.370,,,
35.50,2.375,0.410,0.562,0.988
35.51,2.370,,,
35.52,2.375,0.421,0.571,-0.102
35.53,2.370,,,
35.54,2.375,0.433,0.558,-1.213
35.55,2.370,,,
35.56,2.375,0.444,0.520,-2.192
35.57,2.375,,,
35.58,2.375,0.454,0.468,-3.037
35.59,2.375,,,
35.60,2.375,0.463,0.398,-3.794
35.61,2.370,,,
35.62,2.375,0.470,0.314,-4.374
35.63,2.375,,,
35.64,2.370,0.476,0.220,-4.808
35.65,2.370,,,
35.66,2.375,0.479,0.118,-5.047
35.67,2.375,,,
35.68,2.370,0.480,0.017,-5.173
35.69,2.370,,,
35.70,2.375,0.480,-0.091,-5.157
35.71,2.370,,,
35.72,2.375,0.477,-0.194,-4.890
35.73,2.375,,,
35.74,2.370,0.472,-0.290,-4.432
35.75,2.375,,,
35.76,2.375,0.465,-0.373,-3.816
35.77,2.370,,,
35.78,2.375,0.457,-0.443,-3.131
35.79,2.370,,,
35.80,2.375,0.447,-0.499,-2.378
35.81,2.375,,,
35.82,2.370,0.436,-0.540,-1.498
35.83,2.375,,,
35.84,2.370,0.425,-0.562,-0.486
35.85,2.375,,,
35.86,2.375,0.414,-0.559,0.497
35.87,2.370,,,
35.88,2.375,0.402,-0.542,1.474
35.89,2.370,,,
35.90,2.375,0.391,-0.502,2.507
35.91,2.370,,,
35.92,2.375,0.382,-0.438,3.359
35.93,2.375,,,
35.94,2.375,0.374,-0.364,4.055
35.95,2.370,,,
35.96,2.375,0.367,-0.275,4.652
35.97,2.370,,,
35.98,2.375,0.363,-0.175,5.067
35.99,2.370,,,
36.00,2.375,0.360,-0.069,5.301
36.01,2.375,,,
36.02,2.370,0.360,0.039,5.359
36.03,2.375,,,
36.04,2.370,0.362,0.147,5.246
36.05,2.375,,,
36.06,2.375,0.366,0.255,4.828
36.07,2.375,,,
36.08,2.370,0.372,0.344,4.192
36.09,1.032,,,
36.10,2.370,0.380,0.422,3.504
36.11,2.375,,,
36.12,2.375,0.389,0.486,2.705
36.13,2.375,,,
36.14,2.375,0.399,0.533,1.771
36.15,2.370,,,
36.16,2.375,0.411,0.558,0.773
36.17,2.370,,,
36.18,2.375,0.422,0.564,-0.238
36.19,2.370,,,
36.20,2.370,0.434,0.549,-1.268
36.21,2.375,,,
36.22,2.370,0.444,0.512,-2.226
36.23,2.375,,,
36.24,2.370,0.454,0.458,-3.065
36.25,2.370,,,
36.26,2.375,0.463,0.387,-3.754
36.27,2.375,,,
36.28,2.370,0.470,0.307,-4.363
36.29,2.375,,,
36.30,2.370,0.475,0.210,-4.811
36.31,2.375,,,
36.32,2.370,0.478,0.110,-5.021
36.33,2.375,,,
36.34,2.370,0.480,0.007,-5.093
36.35,2.370,,,
36.36,2.375,0.479,-0.097,-4.978
36.37,2.370,,,
36.38,2.375,0.476,-0.193,-4.774
36.39,2.375,,,
36.40,2.370,0.471,-0.290,-4.405
36.41,2.375,,,
36.42,2.370,0.464,-0.374,-3.798
36.43,2.370,,,
36.44,2.370,0.456,-0.443,-3.104
36.45,2.370,,,
36.46,2.375,0.446,-0.499,-2.321
36.47,2.370,,,
36.48,2.370,0.436,-0.538,-1.419
36.49,2.375,,,
36.50,2.375,0.424,-0.557,-0.425
36.51,2.370,,,
36.52,2.375,0.413,-0.555,0.593
36.53,2.370,,,
36.54,2.375,0.402,-0.533,1.573
36.55,2.370,,,
36.56,2.370,0.392,-0.492,2.493
36.57,2.375,,,
36.58,2.370,0.382,-0.433,3.379
36.59,2.370,,,
36.60,2.375,0.374,-0.353,4.066
36.61,2.370,,,
36.62,2.375,0.368,-0.267,4.562
36.63,2.370,,,
36.64,2.375,0.363,-0.170,4.982
36.65,2.375,,,
36.66,2.370,0.361,-0.065,5.223
36.67,2.375,,,
36.68,2.370,0.360,0.042,5.291
36.69,2.375,,,
36.70,2.370,0.362,0.152,5.092
36.71,2.375,,,
36.72,2.375,0.367,0.249,4.680
36.73,2.370,,,
36.74,2.370,0.372,0.339,4.206
36.75,1.006,,,
36.76,2.375,0.380,0.420,3.584
36.77,2.375,,,
36.78,2.375,0.389,0.485,2.819
36.79,2.375,,,
36.80,2.370,0.400,0.536,1.856
36.81,2.370,,,
36.82,2.370,0.411,0.561,0.766
36.83,2.375,,,
36.84,2.375,0.423,0.566,-0.288
36.85,2.380,,,
36.86,2.375,0.434,0.549,-1.314
36.87,2.375,,,
36.88,2.370,0.445,0.511,-2.251
36.89,2.375,,,
36.90,2.375,0.455,0.459,-3.126
36.91,2.370,,,
36.92,2.375,0.464,0.384,-3.863
36.93,2.370,,,
36.94,2.375,0.470,0.299,-4.336
36.95,2.375,,,
36.96,2.370,0.476,0.209,-4.675
36.97,2.375,,,
36.98,2.375,0.479,0.112,-4.958
36.99,2.370,,,
37.00,2.375,0.480,0.008,-5.083
37.01,2.370,,,
37.02,2.370,0.479,-0.095,-4.996
37.03,2.375,,,
37.04,2.370,0.476,-0.195,-4.719
37.05,2.375,,,
37.06,2.370,0.471,-0.286,-4.281
37.07,2.375,,,
37.08,2.370,0.465,-0.366,-3.792
37.09,2.370,,,
37.10,2.375,0.457,-0.440,-3.179
37.11,2.375,,,
37.12,2.375,0.447,-0.497,-2.398
37.13,2.375,,,
37.14,2.375,0.437,-0.538,-1.497
37.15,2.375,,,
37.16,2.370,0.425,-0.558,-0.489
37.17,2.370,,,
37.18,2.375,0.414,-0.558,0.528
37.19,2.370,,,
37.20,2.375,0.402,-0.537,1.539
37.21,2.375,,,
37.22,2.370,0.392,-0.494,2.428
37.23,2.375,,,
37.24,2.370,0.383,-0.439,3.241
37.25,2.375,,,
37.26,2.375,0.374,-0.364,4.008
37.27,2.370,,,
37.28,2.375,0.368,-0.276,4.621
37.29,2.370,,,
37.30,2.375,0.363,-0.177,5.077
37.31,2.375,,,
37.32,2.370,0.361,-0.068,5.274
37.33,2.375,,,
37.34,2.375,0.360,0.038,5.275
37.35,2.370,,,
37.36,2.375,0.362,0.145,5.118
37.37,2.370,,,
37.38,2.370,0.366,0.245,4.769
37.39,2.375,,,
37.40,2.365,0.372,0.338,4.242
37.41,1.022,,,
37.42,2.375,0.380,0.418,3.552
37.43,2.375,,,
37.44,2.370,0.389,0.482,2.757
37.45,2.375,,,
37.46,2.375,0.399,0.530,1.818
37.47,2.370,,,
37.48,2.375,0.411,0.556,0.812
37.49,2.375,,,
37.50,2.375,0.422,0.564,-0.248
37.51,2.370,,,
37.52,2.375,0.433,0.547,-1.324
37.53,2.375,,,
37.54,2.370,0.444,0.507,-2.216
37.55,2.370,,,
37.56,2.375,0.454,0.456,-2.980
37.57,2.370,,,
37.58,2.375,0.463,0.389,-3.741
37.59,2.370,,,
37.60,2.375,0.470,0.303,-4.305
37.61,2.370,,,
37.62,2.375,0.475,0.210,-4.550
37.63,2.375,,,
37.64,2.375,0.478,0.120,-4.727
37.65,2.370,,,
37.66,2.375,0.480,0.023,-4.926
37.67,2.370,,,
37.68,2.375,0.479,-0.078,-5.029
37.69,2.370,,,
37.70,2.375,0.477,-0.184,-4.850
37.71,2.375,,,
37.72,2.375,0.472,-0.277,-4.391
37.73,2.375,,,
37.74,2.375,0.465,-0.360,-3.820
37.75,2.375,,,
37.76,2.375,0.457,-0.431,-3.166
37.77,2.375,,,
37.78,2.375,0.448,-0.488,-2.420
37.79,2.375,,,
37.80,2.370,0.437,-0.530,-1.534
37.81,2.375,,,
37.82,2.375,0.426,-0.552,-0.545
37.83,2.375,,,
37.84,2.375,0.415,-0.553,0.471
37.85,2.375,,,
37.86,2.375,0.404,-0.531,1.419
37.87,2.370,,,
37.88,2.375,0.393,-0.495,2.313
37.89,2.375,,,
37.90,2.375,0.384,-0.438,3.131
37.91,2.375,,,
37.92,2.375,0.376,-0.368,3.858
37.93,2.370,,,
37.94,2.370,0.369,-0.283,4.514
37.95,2.370,,,
37.96,2.375,0.364,-0.185,4.984
37.97,2.375,,,
37.98,2.375,0.361,-0.080,5.246
37.99,2.375,,,
38.00,2.375,0.361,0.030,5.215
38.01,2.370,,,
38.02,2.375,0.363,0.131,5.022
38.03,2.375,,,
38.04,2.375,0.366,0.231,4.764
38.05,2.370,,,
38.06,2.365,0.372,0.325,4.322
38.07,1.027,,,
38.08,2.370,0.379,0.407,3.702
38.09,2.375,,,
38.10,2.375,0.389,0.475,2.938
38.11,2.370,,,
38.12,2.375,0.399,0.526,2.058
38.13,2.375,,,
38.14,2.375,0.410,0.561,0.975
38.15,2.375,,,
38.16,2.375,0.421,0.567,-0.186
38.17,2.375,,,
38.18,2.370,0.433,0.552,-1.258
38.19,2.375,,,
38.20,2.375,0.444,0.515,-2.210
38.21,2.375,,,
38.22,2.375,0.454,0.461,-3.012
38.23,2.375,,,
38.24,2.375,0.463,0.392,-3.695
38.25,2.375,,,
38.26,2.375,0.470,0.311,-4.246
38.27,2.375,,,
38.28,2.375,0.475,0.220,-4.638
38.29,2.375,,,
38.30,2.370,0.478,0.123,-4.867
38.31,2.375,,,
38.32,2.375,0.480,0.025,-5.062
38.33,2.375,,,
38.34,2.375,0.480,-0.082,-5.101
38.35,2.375,,,
38.36,2.375,0.477,-0.184,-4.863
38.37,2.370,,,
38.38,2.370,0.472,-0.279,-4.452
38.39,2.375,,,
38.40,2.375,0.465,-0.365,-3.865
38.41,2.370,,,
38.42,2.375,0.457,-0.436,-3.163
38.43,2.375,,,
38.44,2.375,0.448,-0.492,-2.375
38.45,2.375,,,
38.46,2.375,0.437,-0.531,-1.544
38.47,2.375,,,
38.48,2.375,0.426,-0.556,-0.613
38.49,2.370,,,
38.50,2.375,0.415,-0.557,0.412
38.51,2.375,,,
38.52,2.375,0.404,-0.539,1.403
38.53,2.375,,,
38.54,2.370,0.393,-0.501,2.364
38.55,2.375,,,
38.56,2.375,0.383,-0.443,3.262
38.57,2.370,,,
38.58,2.375,0.375,-0.368,4.031
38.59,2.370,,,
38.60,2.375,0.368,-0.279,4.596
38.61,2.375,,,
38.62,2.370,0.364,-0.182,5.001
38.63,2.375,,,
38.64,2.370,0.361,-0.075,5.213
38.65,2.375,,,
38.66,2.375,0.361,0.030,5.225
38.67,2.370,,,
38.68,2.375,0.362,0.136,5.097
38.69,2.375,,,
38.70,2.375,0.366,0.237,4.785
38.71,2.375,,,
38.72,2.365,0.372,0.329,4.318
38.73,0.996,,,
38.74,2.375,0.379,0.414,3.619
38.75,2.370,,,
38.76,2.375,0.389,0.477,2.759
38.77,2.370,,,
38.78,2.370,0.399,0.523,1.886
38.79,2.375,,,
38.80,2.375,0.410,0.554,0.898
38.81,2.375,,,
38.82,2.370,0.421,0.560,-0.145
38.83,2.375,,,
38.84,2.370,0.433,0.547,-1.121
38.85,2.370,,,
38.86,2.375,0.443,0.516,-2.101
38.87,2.370,,,
38.88,2.375,0.454,0.462,-3.001
38.89,2.370,,,
38.90,2.370,0.462,0.393,-3.726
38.91,2.370,,,
38.92,2.370,0.470,0.310,-4.275
38.93,2.375,,,
38.94,2.375,0.475,0.218,-4.615
38.95,2.370,,,
38.96,2.370,0.478,0.126,-4.936
38.97,2.375,,,
38.98,2.375,0.480,0.020,-5.159
38.99,2.375,,,
39.00,2.370,0.479,-0.086,-5.086
39.01,2.375,,,
39.02,2.375,0.476,-0.188,-4.785
39.03,2.375,,,
39.04,2.375,0.471,-0.280,-4.336
39.05,2.370,,,
39.06,2.375,0.465,-0.362,-3.796
39.07,2.370,,,
39.08,2.375,0.457,-0.434,-3.114
39.09,2.375,,,
39.10,2.370,0.447,-0.487,-2.395
39.11,2.375,,,
39.12,2.370,0.437,-0.531,-1.602
39.13,2.370,,,
39.14,2.375,0.426,-0.555,-0.619
39.15,2.370,,,
39.16,2.375,0.415,-0.558,0.466
39.17,2.370,,,
39.18,2.375,0.403,-0.536,1.541
39.19,2.375,,,
39.20,2.370,0.393,-0.492,2.431
39.21,2.375,,,
39.22,2.375,0.383,-0.437,3.214
39.23,2.375,,,
39.24,2.375,0.375,-0.364,3.956
39.25,2.370,,,
39.26,2.375,0.369,-0.276,4.559
39.27,2.375,,,
39.28,2.375,0.364,-0.178,4.959
39.29,2.375,,,
39.30,2.370,0.361,-0.075,5.170
39.31,2.375,,,
39.32,2.375,0.361,0.031,5.235
39.33,2.370,,,
39.34,2.375,0.363,0.137,5.114
39.35,2.375,,,
39.36,2.375,0.366,0.239,4.815
39.37,2.375,,,
39.38,2.365,0.372,0.333,4.345
39.39,1.022,,,
39.40,2.375,0.380,0.415,3.716
39.41,2.370,,,
39.42,2.375,0.389,0.486,2.838
39.43,2.375,,,
39.44,2.375,0.400,0.531,1.793
39.45,2.375,,,
39.46,2.370,0.411,0.556,0.778
39.47,2.375,,,
39.48,2.370,0.422,0.562,-0.224
39.49,2.375,,,
39.50,2.375,0.433,0.548,-1.232
39.51,2.370,,,
39.52,2.375,0.445,0.511,-2.171
39.53,2.370,,,
39.54,2.375,0.454,0.458,-2.964
39.55,2.375,,,
39.56,2.370,0.463,0.393,-3.717
39.57,2.375,,,
39.58,2.370,0.470,0.307,-4.298
39.59,2.375,,,
39.60,2.370,0.475,0.217,-4.653
39.61,2.375,,,
39.62,2.375,0.479,0.121,-4.965
39.63,2.375,,,
39.64,2.370,0.480,0.015,-5.106
39.65,2.370,,,
39.66,2.370,0.479,-0.088,-5.020
39.67,2.370,,,
39.68,2.375,0.477,-0.187,-4.788
39.69,2.370,,,
39.70,2.375,0.472,-0.282,-4.375
39.71,2.370,,,
39.72,2.370,0.465,-0.364,-3.860
39.73,2.375,,,
39.74,2.375,0.457,-0.438,-3.247
39.75,2.380,,,
39.76,2.375,0.447,-0.496,-2.505
39.77,2.370,,,
39.78,2.375,0.437,-0.540,-1.656
39.79,2.370,,,
39.80,2.375,0.426,-0.565,-0.626
39.81,2.370,,,
39.82,2.375,0.414,-0.566,0.477
39.83,2.370,,,
39.84,2.375,0.403,-0.545,1.519
39.85,2.375,,,
39.86,2.370,0.392,-0.504,2.492
39.87,2.375,,,
39.88,2.375,0.382,-0.444,3.388
39.89,2.375,,,
39.90,2.375,0.374,-0.365,4.071
39.91,2.370,,,
39.92,2.375,0.368,-0.279,4.594
39.93,2.370,,,
39.94,2.375,0.363,-0.180,5.043
39.95,2.375,,,
39.96,2.375,0.360,-0.073,5.264
39.97,2.375,,,
39.98,2.375,0.360,0.033,5.310
39.99,2.375,,,
40.00,2.375,0.361,0.140,5.252
40.01,2.375,,,
40.02,2.370,0.365,0.247,4.966
40.03,2.370,,,
40.04,2.360,0.371,0.345,4.351
40.05,1.027,,,
40.06,2.375,0.379,0.424,3.542
40.07,2.370,,,
40.08,2.375,0.389,0.486,2.701
40.09,2.370,,,
40.10,2.375,0.399,0.531,1.853
40.11,2.375,,,
40.12,2.370,0.410,0.562,0.939
40.13,2.375,,,
40.14,2.375,0.422,0.573,-0.173
40.15,2.375,,,
40.16,2.375,0.434,0.555,-1.318
40.17,2.370,,,
40.18,2.375,0.444,0.517,-2.287
40.19,2.370,,,
40.20,2.375,0.455,0.461,-3.090
40.21,2.375,,,
40.22,2.370,0.463,0.392,-3.766
40.23,2.375,,,
40.24,2.375,0.470,0.308,-4.315
40.25,2.370,,,
40.26,2.370,0.476,0.217,-4.733
40.27,2.370,,,
40.28,2.375,0.479,0.118,-5.066
40.29,2.375,,,
40.30,2.370,0.480,0.011,-5.210
40.31,2.375,,,
40.32,2.370,0.480,-0.096,-5.060
40.33,2.375,,,
40.34,2.370,0.476,-0.193,-4.750
40.35,2.370,,,
40.36,2.370,0.472,-0.285,-4.424
40.37,2.370,,,
40.38,2.375,0.465,-0.374,-3.905
40.39,2.370,,,
40.40,2.375,0.456,-0.444,-3.195
40.41,2.375,,,
40.42,2.370,0.447,-0.503,-2.400
40.43,2.375,,,
40.44,2.375,0.436,-0.543,-1.476
40.45,2.370,,,
40.46,2.375,0.425,-0.563,-0.483
40.47,2.375,,,
40.48,2.375,0.413,-0.562,0.536
40.49,2.375,,,
40.50,2.370,0.402,-0.541,1.518
40.51,2.375,,,
40.52,2.375,0.391,-0.502,2.511
40.53,2.370,,,
40.54,2.375,0.382,-0.438,3.376
40.55,2.370,,,
40.56,2.375,0.374,-0.364,4.084
40.57,2.375,,,
40.58,2.375,0.367,-0.274,4.705
40.59,2.375,,,
40.60,2.370,0.363,-0.171,5.061
40.61,2.375,,,
40.62,2.375,0.360,-0.069,5.238
40.63,2.370,,,
40.64,2.375,0.360,0.040,5.292
40.65,2.370,,,
40.66,2.375,0.362,0.147,5.126
40.67,2.375,,,
40.68,2.370,0.366,0.248,4.770
40.69,2.375,,,
40.70,2.360,0.372,0.339,4.279
40.71,1.062,,,
40.72,2.375,0.379,0.421,3.642
40.73,2.370,,,
40.74,2.375,0.389,0.487,2.872
40.75,2.375,,,
40.76,2.370,0.399,0.538,1.976
40.77,2.375,,,
40.78,2.370,0.411,0.569,0.921
40.79,2.375,,,
40.80,2.375,0.422,0.576,-0.206
40.81,2.370,,,
40.82,2.375,0.434,0.562,-1.382
40.83,2.370,,,
40.84,2.375,0.445,0.518,-2.404
40.85,2.375,,,
40.86,2.375,0.455,0.461,-3.169
40.87,2.375,,,
40.88,2.370,0.464,0.390,-3.830
40.89,2.375,,,
40.90,2.375,0.471,0.306,-4.362
40.91,2.370,,,
40.92,2.375,0.476,0.213,-4.763
40.93,2.375,,,
40.94,2.375,0.479,0.114,-5.035
40.95,2.375,,,
40.96,2.370,0.481,0.011,-5.231
40.97,2.375,,,
40.98,2.370,0.480,-0.100,-5.175
40.99,2.375,,,
41.00,2.375,0.477,-0.201,-4.807
41.01,2.370,,,
41.02,2.375,0.472,-0.294,-4.322
41.03,2.370,,,
41.04,2.370,0.465,-0.376,-3.717
41.05,2.375,,,
41.06,2.370,0.457,-0.442,-3.117
41.07,2.375,,,
41.08,2.370,0.447,-0.501,-2.454
41.09,2.370,,,
41.10,2.375,0.436,-0.544,-1.582
41.11,2.370,,,
41.12,2.375,0.425,-0.567,-0.580
41.13,2.375,,,
41.14,2.370,0.413,-0.568,0.462
41.15,2.375,,,
41.16,2.375,0.402,-0.548,1.469
41.17,2.375,,,
41.18,2.375,0.391,-0.509,2.459
41.19,2.375,,,
41.20,2.375,0.381,-0.449,3.426
41.21,2.370,,,
41.22,2.375,0.373,-0.370,4.279
41.23,2.375,,,
41.24,2.370,0.366,-0.274,4.878
41.25,2.375,,,
41.26,2.375,0.362,-0.170,5.215
41.27,2.375,,,
41.28,2.375,0.359,-0.062,5.338
41.29,2.370,,,
41.30,2.375,0.359,0.045,5.323
41.31,2.375,,,
41.32,2.370,0.361,0.152,5.205
41.33,2.375,,,
41.34,2.375,0.365,0.256,4.899
41.35,2.375,,,
41.36,2.355,0.371,0.352,4.388
41.37,1.068,,,
41.38,2.370,0.380,0.436,3.653
41.39,2.375,,,
41.40,2.375,0.389,0.500,2.765
41.41,2.370,,,
41.42,2.375,0.400,0.548,1.780
41.43,2.375,,,
41.44,2.370,0.411,0.572,0.739
41.45,2.375,,,
41.46,2.370,0.423,0.577,-0.321
41.47,2.370,,,
41.48,2.370,0.435,0.562,-1.473
41.49,2.370,,,
41.50,2.375,0.446,0.517,-2.514
41.51,2.375,,,
41.52,2.375,0.456,0.455,-3.244
41.53,2.375,,,
41.54,2.375,0.464,0.385,-3.834
41.55,2.370,,,
41.56,2.370,0.471,0.303,-4.451
41.57,2.370,,,
41.58,2.375,0.477,0.205,-4.964
41.59,2.370,,,
41.60,2.375,0.480,0.100,-5.224
41.61,2.370,,,
41.62,2.375,0.481,-0.007,-5.272
41.63,2.375,,,
41.64,2.370,0.479,-0.113,-5.168
41.65,2.375,,,
41.66,2.375,0.476,-0.217,-4.861
41.67,2.370,,,
41.68,2.375,0.470,-0.312,-4.319
41.69,2.375,,,
41.70,2.370,0.463,-0.390,-3.711
41.71,2.375,,,
41.72,2.370,0.455,-0.461,-3.033
41.73,2.370,,,
41.74,2.375,0.445,-0.515,-2.188
41.75,2.370,,,
41.76,2.370,0.434,-0.551,-1.203
41.77,2.375,,,
41.78,2.375,0.422,-0.564,-0.156
41.79,2.370,,,
41.80,2.370,0.411,-0.554,0.765
41.81,2.375,,,
41.82,2.370,0.400,-0.533,1.650
41.83,2.370,,,
41.84,2.375,0.389,-0.490,2.594
41.85,2.370,,,
41.86,2.375,0.380,-0.428,3.461
41.87,2.370,,,
41.88,2.375,0.372,-0.349,4.196
41.89,2.370,,,
41.90,2.375,0.366,-0.257,4.764
41.91,2.375,,,
41.92,2.375,0.361,-0.156,5.148
41.93,2.370,,,
41.94,2.375,0.360,-0.049,5.357
41.95,2.370,,,
41.96,2.375,0.359,0.061,5.390
41.97,2.375,,,
41.98,2.375,0.362,0.171,5.154
41.99,2.375,,,
42.00,2.370,0.367,0.271,4.679
42.01,2.370,,,
42.02,2.339,0.373,0.360,4.091
42.03,1.128,,,
42.04,2.375,0.381,0.437,3.383
42.05,2.375,,,
42.06,2.375,0.391,0.497,2.579
42.07,2.375,,,
42.08,2.370,0.401,0.539,1.775
42.09,2.375,,,
42.10,2.375,0.412,0.570,0.831
42.11,2.375,,,
42.12,2.370,0.424,0.578,-0.395
42.13,2.370,,,
42.14,2.375,0.436,0.554,-1.601
42.15,2.370,,,
42.16,2.375,0.447,0.509,-2.542
42.17,2.370,,,
42.18,2.370,0.457,0.449,-3.277
42.19,2.370,,,
42.20,2.370,0.465,0.376,-3.876
42.21,2.375,,,
42.22,2.375,0.472,0.294,-4.437
42.23,2.370,,,
42.24,2.375,0.477,0.197,-4.886
42.25,2.370,,,
42.26,2.375,0.480,0.095,-5.130
42.27,2.375,,,
42.28,2.375,0.481,-0.011,-5.188
42.29,2.375,,,
42.30,2.375,0.479,-0.117,-5.026
42.31,2.370,,,
42.32,2.375,0.476,-0.214,-4.746
42.33,2.375,,,
42.34,2.375,0.471,-0.308,-4.343
42.35,2.375,,,
42.36,2.370,0.464,-0.391,-3.763
42.37,2.375,,,
42.38,2.375,0.455,-0.461,-3.063
42.39,2.375,,,
42.40,2.375,0.445,-0.514,-2.294
42.41,2.370,,,
42.42,2.375,0.434,-0.554,-1.404
42.43,2.370,,,
42.44,2.375,0.422,-0.573,-0.349
42.45,2.370,,,
42.46,2.375,0.411,-0.569,0.741
42.47,2.375,,,
42.48,2.375,0.399,-0.543,1.804
42.49,2.370,,,
42.50,2.375,0.389,-0.494,2.732
42.51,2.370,,,
42.52,2.375,0.379,-0.431,3.508
42.53,2.375,,,
42.54,2.370,0.371,-0.353,4.228
42.55,2.370,,,
42.56,2.370,0.365,-0.261,4.867
42.57,2.375,,,
42.58,2.375,0.361,-0.156,5.337
42.59,2.370,,,
42.60,2.375,0.359,-0.042,5.479
42.61,2.375,,,
42.62,2.370,0.359,0.067,5.367
42.63,2.375,,,
42.64,2.370,0.361,0.174,5.125
42.65,2.375,,,
42.66,2.370,0.366,0.275,4.720
42.67,2.375,,,
42.68,2.304,0.372,0.366,4.158
42.69,1.174,,,
42.70,2.375,0.381,0.444,3.438
42.71,2.370,,,
42.72,2.375,0.390,0.505,2.593
42.73,2.375,,,
42.74,2.370,0.401,0.548,1.664
42.75,2.375,,,
42.76,2.370,0.413,0.573,0.640
42.77,2.375,,,
42.78,2.375,0.425,0.576,-0.461
42.79,2.375,,,
42.80,2.375,0.436,0.554,-1.513
42.81,2.370,,,
42.82,2.370,0.447,0.514,-2.499
42.83,2.375,,,
42.84,2.370,0.457,0.452,-3.354
42.85,2.375,,,
42.86,2.375,0.465,0.377,-4.023
42.87,2.370,,,
42.88,2.375,0.472,0.288,-4.517
42.89,2.375,,,
42.90,2.370,0.477,0.193,-4.841
42.91,2.375,,,
42.92,2.375,0.480,0.094,-5.113
42.93,2.375,,,
42.94,2.375,0.481,-0.014,-5.212
42.95,2.375,,,
42.96,2.370,0.479,-0.118,-5.097
42.97,2.375,,,
42.98,2.375,0.476,-0.221,-4.805
42.99,2.370,,,
43.00,2.375,0.470,-0.314,-4.282
43.01,2.375,,,
43.02,2.370,0.463,-0.392,-3.692
43.03,2.375,,,
43.04,2.375,0.455,-0.462,-3.039
43.05,2.375,,,
43.06,2.375,0.445,-0.517,-2.234
43.07,2.370,,,
43.08,2.375,0.434,-0.554,-1.283
43.09,2.375,,,
43.10,2.370,0.422,-0.571,-0.178
43.11,2.375,,,
43.12,2.370,0.410,-0.561,0.924
43.13,2.375,,,
43.14,2.375,0.399,-0.530,1.854
43.15,2.370,,,
43.16,2.370,0.389,-0.484,2.632
43.17,2.375,,,
43.18,2.375,0.380,-0.425,3.398
43.19,2.375,,,
43.20,2.370,0.372,-0.350,4.216
43.21,2.375,,,
43.22,2.370,0.365,-0.254,4.878
43.23,2.370,,,
43.24,2.375,0.361,-0.148,5.166
43.25,2.370,,,
43.26,2.375,0.360,-0.044,5.238
43.27,2.370,,,
43.28,2.375,0.360,0.062,5.241
43.29,2.375,,,
43.30,2.370,0.362,0.167,5.118
43.31,2.375,,,
43.32,2.370,0.366,0.269,4.825
43.33,2.375,,,
43.34,2.259,0.373,0.364,4.293
43.35,1.225,,,
43.36,2.370,0.381,0.445,3.522
43.37,2.370,,,
43.38,2.375,0.391,0.506,2.645
43.39,2.370,,,
43.40,2.370,0.402,0.552,1.667
43.41,2.375,,,
43.42,2.370,0.413,0.576,0.529
43.43,2.375,,,
43.44,2.375,0.425,0.574,-0.631
43.45,2.375,,,
43.46,2.375,0.437,0.549,-1.683
43.47,2.375,,,
43.48,2.370,0.447,0.504,-2.565
43.49,2.375,,,
43.50,2.370,0.457,0.443,-3.262
43.51,2.375,,,
43.52,2.375,0.465,0.371,-3.846
43.53,2.370,,,
43.54,2.375,0.472,0.290,-4.441
43.55,2.370,,,
43.56,2.375,0.477,0.192,-4.928
43.57,2.375,,,
43.58,2.370,0.480,0.088,-5.124
43.59,2.370,,,
43.60,2.370,0.481,-0.016,-5.117
43.61,2.375,,,
43.62,2.375,0.479,-0.118,-5.005
43.63,2.370,,,
43.64,2.375,0.476,-0.217,-4.807
43.65,2.370,,,
43.66,2.375,0.471,-0.314,-4.402
43.67,2.375,,,
43.68,2.375,0.463,-0.400,-3.669
43.69,2.375,,,
43.70,2.375,0.454,-0.462,-2.825
43.71,2.370,,,
43.72,2.375,0.444,-0.508,-2.132
43.73,2.370,,,
43.74,2.370,0.434,-0.549,-1.387
43.75,2.375,,,
43.76,2.370,0.422,-0.569,-0.414
43.77,2.375,,,
43.78,2.375,0.411,-0.567,0.660
43.79,2.375,,,
43.80,2.375,0.399,-0.543,1.780
43.81,2.370,,,
43.82,2.375,0.389,-0.493,2.771
43.83,2.370,,,
43.84,2.375,0.379,-0.430,3.619
43.85,2.375,,,
43.86,2.375,0.371,-0.347,4.365
43.87,2.375,,,
43.88,2.375,0.365,-0.251,4.897
43.89,2.370,,,
43.90,2.375,0.361,-0.148,5.227
43.91,2.375,,,
43.92,2.375,0.359,-0.040,5.377
43.93,2.375,,,
43.94,2.370,0.359,0.069,5.379
43.95,2.375,,,
43.96,2.370,0.362,0.180,5.137
43.97,2.375,,,
43.98,2.375,0.367,0.278,4.703
43.99,2.370,,,
44.00,2.284,0.373,0.369,4.147
44.01,1.189,,,
44.02,2.375,0.382,0.448,3.351
44.03,2.375,,,
44.04,2.370,0.391,0.504,2.469
44.05,2.375,,,
44.06,2.370,0.402,0.547,1.539
44.07,2.375,,,
44.08,2.375,0.414,0.568,0.508
44.09,2.370,,,
44.10,2.375,0.425,0.568,-0.550
44.11,2.370,,,
44.12,2.375,0.437,0.545,-1.568
44.13,2.375,,,
44.14,2.370,0.447,0.503,-2.474
44.15,2.375,,,
44.16,2.375,0.457,0.444,-3.258
44.17,2.375,,,
44.18,2.370,0.465,0.371,-3.904
44.19,2.370,,,
44.20,2.375,0.472,0.288,-4.503
44.21,2.375,,,
44.22,2.370,0.477,0.189,-4.980
44.23,2.375,,,
44.24,2.375,0.480,0.084,-5.211
44.25,2.375,,,
44.26,2.375,0.480,-0.023,-5.236
44.27,2.375,,,
44.28,2.375,0.479,-0.129,-5.022
44.29,2.370,,,
44.30,2.375,0.475,-0.227,-4.615
44.31,2.375,,,
44.32,2.370,0.469,-0.315,-4.129
44.33,2.375,,,
44.34,2.370,0.462,-0.392,-3.618
44.35,2.375,,,
44.36,2.375,0.454,-0.462,-2.967
44.37,2.370,,,
44.38,2.375,0.444,-0.514,-2.128
44.39,2.375,,,
44.40,2.375,0.433,-0.548,-1.189
44.41,2.375,,,
44.42,2.370,0.421,-0.562,-0.181
44.43,2.375,,,
44.44,2.375,0.410,-0.556,0.847
44.45,2.370,,,
44.46,2.375,0.399,-0.529,1.857
44.47,2.370,,,
44.48,2.375,0.388,-0.479,2.721
44.49,2.370,,,
44.50,2.375,0.379,-0.417,3.458
44.51,2.375,,,
44.52,2.375,0.372,-0.341,4.171
44.53,2.375,,,
44.54,2.370,0.366,-0.249,4.761
44.55,2.375,,,
44.56,2.375,0.361,-0.147,5.153
44.57,2.370,,,
44.58,2.375,0.360,-0.039,5.334
44.59,2.375,,,
44.60,2.370,0.360,0.070,5.277
44.61,2.375,,,
44.62,2.370,0.363,0.174,5.062
44.63,2.375,,,
44.64,2.375,0.367,0.273,4.755
44.65,2.370,,,
44.66,2.162,0.374,0.369,4.195
44.67,1.321,,,
44.68,2.370,0.382,0.446,3.388
44.69,2.375,,,
44.70,2.370,0.392,0.505,2.493
44.71,2.375,,,
44.72,2.370,0.402,0.546,1.548
44.73,2.375,,,
44.74,2.375,0.414,0.569,0.496
44.75,2.375,,,
44.76,2.375,0.426,0.567,-0.601
44.77,2.375,,,
44.78,2.370,0.437,0.543,-1.584
44.79,2.375,,,
44.80,2.370,0.448,0.502,-2.478
44.81,2.375,,,
44.82,2.375,0.457,0.442,-3.265
44.83,2.375,,,
44.84,2.375,0.465,0.371,-3.993
44.85,2.375,,,
44.86,2.370,0.472,0.280,-4.601
44.87,2.375,,,
44.88,2.375,0.477,0.182,-4.962
44.89,2.375,,,
44.90,2.375,0.480,0.079,-5.147
44.91,2.375,,,
44.92,2.370,0.480,-0.027,-5.104
44.93,2.375,,,
44.94,2.375,0.478,-0.126,-4.937
44.95,2.370,,,
44.96,2.375,0.475,-0.226,-4.663
44.97,2.375,,,
44.98,2.370,0.469,-0.317,-4.167
44.99,2.375,,,
45.00,2.375,0.462,-0.394,-3.591
45.01,2.370,,,
45.02,2.370,0.453,-0.461,-2.949
45.03,2.375,,,
45.04,2.375,0.443,-0.513,-2.199
45.05,2.370,,,
45.06,2.375,0.433,-0.552,-1.298
45.07,2.375,,,
45.08,2.370,0.421,-0.568,-0.234
45.09,2.375,,,
45.10,2.375,0.410,-0.561,0.815
45.11,2.370,,,
45.12,2.375,0.398,-0.534,1.810
45.13,2.370,,,
45.14,2.375,0.388,-0.489,2.792
45.15,2.375,,,
45.16,2.375,0.378,-0.422,3.710
45.17,2.375,,,
45.18,2.375,0.371,-0.336,4.396
45.19,2.370,,,
45.20,2.375,0.365,-0.243,4.866
45.21,2.375,,,
45.22,2.370,0.361,-0.140,5.204
45.23,2.370,,,
45.24,2.370,0.359,-0.032,5.374
45.25,2.375,,,
45.26,2.370,0.359,0.078,5.380
45.27,2.375,,,
45.28,2.375,0.362,0.188,5.115
45.29,2.375,,,
45.30,2.375,0.367,0.286,4.632
45.31,2.370,,,
45.32,2.127,0.374,0.375,4.014
45.33,1.371,,,
45.34,2.375,0.382,0.448,3.276
45.35,2.375,,,
45.36,2.370,0.392,0.507,2.460
45.37,2.375,,,
45.38,2.375,0.403,0.548,1.531
45.39,2.375,,,
45.40,2.375,0.414,0.570,0.512
45.41,2.375,,,
45.42,2.375,0.426,0.572,-0.628
45.43,2.375,,,
45.44,2.370,0.438,0.544,-1.715
45.45,2.375,,,
45.46,2.370,0.448,0.499,-2.609
45.47,2.375,,,
45.48,2.370,0.458,0.438,-3.400
45.49,2.375,,,
45.50,2.375,0.466,0.361,-4.070
45.51,2.375,,,
45.52,2.375,0.472,0.272,-4.551
45.53,2.375,,,
45.54,2.370,0.477,0.177,-4.877
45.55,2.375,,,
45.56,2.375,0.480,0.076,-5.102
45.57,2.370,,,
45.58,2.375,0.480,-0.031,-5.101
45.59,2.375,,,
45.60,2.375,0.478,-0.130,-4.967
45.61,2.375,,,
45.62,2.375,0.475,-0.231,-4.702
45.63,2.375,,,
45.64,2.370,0.469,-0.323,-4.200
45.65,2.375,,,
45.66,2.375,0.462,-0.402,-3.535
45.67,2.370,,,
45.68,2.375,0.452,-0.465,-2.769
45.69,2.375,,,
45.70,2.375,0.443,-0.513,-1.952
45.71,2.375,,,
45.72,2.370,0.432,-0.546,-1.030
45.73,2.375,,,
45.74,2.370,0.421,-0.554,-0.104
45.75,2.375,,,
45.76,2.375,0.409,-0.550,0.827
45.77,2.370,,,
45.78,2.375,0.398,-0.522,1.808
45.79,2.375,,,
45.80,2.370,0.388,-0.475,2.689
45.81,2.370,,,
45.82,2.370,0.379,-0.415,3.556
45.83,2.375,,,
45.84,2.375,0.371,-0.332,4.309
45.85,2.375,,,
45.86,2.375,0.366,-0.238,4.801
45.87,2.375,,,
45.88,2.375,0.362,-0.137,5.126
45.89,2.375,,,
45.90,2.370,0.360,-0.031,5.299
45.91,2.375,,,
45.92,2.370,0.360,0.077,5.300
45.93,2.375,,,
45.94,2.370,0.363,0.186,5.016
45.95,2.375,,,
45.96,2.375,0.368,0.281,4.535
45.97,2.370,,,
45.98,2.091,0.374,0.368,3.993
45.99,1.397,,,
46.00,2.375,0.383,0.442,3.349
46.01,2.375,,,
46.02,2.370,0.392,0.504,2.561
46.03,2.375,,,
46.04,2.375,0.403,0.549,1.541
46.05,2.370,,,
46.06,2.370,0.415,0.567,0.423
46.07,2.375,,,
46.08,2.370,0.426,0.565,-0.659
46.09,2.375,,,
46.10,2.375,0.438,0.540,-1.684
46.11,2.375,,,
46.12,2.375,0.448,0.496,-2.604
46.13,2.375,,,
46.14,2.370,0.458,0.434,-3.384
46.15,2.370,,,
46.16,2.375,0.466,0.358,-3.996
46.17,2.375,,,
46.18,2.375,0.472,0.271,-4.434
46.19,2.375,,,
46.20,2.370,0.477,0.179,-4.758
46.21,2.375,,,
46.22,2.375,0.480,0.080,-5.008
46.23,2.370,,,
46.24,2.375,0.480,-0.025,-5.060
46.25,2.370,,,
46.26,2.375,0.479,-0.126,-4.897
46.27,2.370,,,
46.28,2.375,0.475,-0.223,-4.563
46.29,2.375,,,
46.30,2.370,0.469,-0.309,-4.156
46.31,2.375,,,
46.32,2.375,0.462,-0.392,-3.609
46.33,2.370,,,
46.34,2.375,0.453,-0.457,-2.896
46.35,2.370,,,
46.36,2.375,0.444,-0.508,-2.150
46.37,2.375,,,
46.38,2.370,0.433,-0.545,-1.274
46.39,2.375,,,
46.40,2.370,0.422,-0.559,-0.334
46.41,2.375,,,
46.42,2.375,0.410,-0.559,0.665
46.43,2.370,,,
46.44,2.375,0.399,-0.535,1.740
46.45,2.375,,,
46.46,2.370,0.389,-0.488,2.752
46.47,2.375,,,
46.48,2.370,0.379,-0.422,3.613
46.49,2.375,,,
46.50,2.370,0.372,-0.341,4.296
46.51,2.370,,,
46.52,2.375,0.365,-0.249,4.882
46.53,2.370,,,
46.54,2.375,0.361,-0.141,5.212
46.55,2.375,,,
46.56,2.370,0.360,-0.035,5.262
46.57,2.375,,,
46.58,2.375,0.360,0.070,5.207
46.59,2.375,,,
46.60,2.375,0.363,0.174,5.028
46.61,2.370,,,
46.62,2.375,0.367,0.275,4.656
46.63,2.375,,,
46.64,2.096,0.374,0.364,4.089
46.65,1.392,,,
46.66,2.370,0.382,0.440,3.379
46.67,2.375,,,
46.68,2.370,0.392,0.503,2.465
46.69,2.375,,,
46.70,2.375,0.402,0.540,1.482
46.71,2.375,,,
46.72,2.375,0.413,0.561,0.544
46.73,2.375,,,
46.74,2.375,0.425,0.563,-0.452
46.75,2.375,,,
46.76,2.375,0.436,0.544,-1.495
46.77,2.375,,,
46.78,2.375,0.447,0.503,-2.533
46.79,2.375,,,
46.80,2.370,0.457,0.439,-3.397
46.81,2.375,,,
46.82,2.375,0.465,0.363,-4.000
46.83,2.375,,,
46.84,2.375,0.471,0.277,-4.444
46.85,2.370,,,
46.86,2.375,0.476,0.184,-4.817
46.87,2.375,,,
46.88,2.375,0.479,0.085,-5.176
46.89,2.375,,,
46.90,2.375,0.480,-0.028,-5.259
46.91,2.375,,,
46.92,2.370,0.478,-0.132,-5.013
46.93,2.375,,,
46.94,2.370,0.474,-0.229,-4.663
46.95,2.375,,,
46.96,2.370,0.468,-0.320,-4.175
46.97,2.375,,,
46.98,2.370,0.461,-0.399,-3.527
46.99,2.375,,,
47.00,2.375,0.452,-0.462,-2.792
47.01,2.375,,,
47.02,2.370,0.443,-0.511,-1.996
47.03,2.375,,,
47.04,2.375,0.431,-0.545,-1.058
47.05,2.375,,,
47.06,2.370,0.420,-0.553,-0.122
47.07,2.375,,,
47.08,2.375,0.409,-0.550,0.806
47.09,2.375,,,
47.10,2.370,0.398,-0.523,1.800
47.11,2.375,,,
47.12,2.370,0.388,-0.477,2.740
47.13,2.375,,,
47.14,2.370,0.379,-0.412,3.605
47.15,2.375,,,
47.16,2.375,0.371,-0.330,4.306
47.17,2.370,,,
47.18,2.375,0.365,-0.237,4.821
47.19,2.370,,,
47.20,2.375,0.362,-0.132,5.076
47.21,2.375,,,
47.22,2.375,0.360,-0.031,5.167
47.23,2.375,,,
47.24,2.375,0.360,0.075,5.165
47.25,2.370,,,
47.26,2.375,0.363,0.179,4.965
47.27,2.370,,,
47.28,2.375,0.367,0.276,4.622
47.29,2.375,,,
47.30,1.985,0.374,0.365,4.150
47.31,1.519,,,
47.32,2.370,0.382,0.444,3.530
47.33,2.375,,,
47.34,2.375,0.392,0.512,2.592
47.35,2.370,,,
47.36,2.375,0.403,0.553,1.390
47.37,2.370,,,
47.38,2.375,0.415,0.567,0.223
47.39,2.370,,,
47.40,2.375,0.426,0.558,-0.784
47.41,2.370,,,
47.42,2.375,0.437,0.533,-1.662
47.43,2.370,,,
47.44,2.375,0.448,0.491,-2.476
47.45,2.370,,,
47.46,2.375,0.457,0.433,-3.218
47.47,2.375,,,
47.48,2.370,0.465,0.363,-3.936
47.49,2.375,,,
47.50,2.375,0.472,0.273,-4.509
47.51,2.375,,,
47.52,2.375,0.476,0.179,-4.876
47.53,2.375,,,
47.54,2.375,0.479,0.077,-5.119
47.55,2.370,,,
47.56,2.375,0.479,-0.031,-5.112
47.57,2.375,,,
47.58,2.370,0.478,-0.130,-4.966
47.59,2.375,,,
47.60,2.370,0.474,-0.231,-4.671
47.61,2.375,,,
47.62,2.375,0.468,-0.321,-4.139
47.63,2.375,,,
47.64,2.375,0.461,-0.397,-3.530
47.65,2.370,,,
47.66,2.375,0.452,-0.464,-2.784
47.67,2.375,,,
47.68,2.370,0.442,-0.511,-1.923
47.69,2.375,,,
47.70,2.375,0.432,-0.540,-1.115
47.71,2.375,,,
47.72,2.375,0.421,-0.555,-0.339
47.73,2.370,,,
47.74,2.375,0.409,-0.555,0.549
47.75,2.370,,,
47.76,2.375,0.398,-0.539,1.712
47.77,2.375,,,
47.78,2.370,0.387,-0.490,2.996
47.79,2.375,,,
47.80,2.375,0.378,-0.411,3.899
47.81,2.370,,,
47.82,2.375,0.371,-0.327,4.434
47.83,2.370,,,
47.84,2.375,0.365,-0.232,4.827
47.85,2.375,,,
47.86,2.370,0.361,-0.132,5.094
47.87,2.375,,,
47.88,2.370,0.360,-0.027,5.268
47.89,2.370,,,
47.90,2.370,0.360,0.081,5.264
47.91,2.375,,,
47.92,2.375,0.363,0.187,5.052
47.93,2.370,,,
47.94,2.375,0.368,0.288,4.566
47.95,2.375,,,
47.96,2.000,0.375,0.373,3.886
47.97,1.488,,,
47.98,2.375,0.383,0.443,3.177
47.99,2.375,,,
48.00,2.375,0.393,0.501,2.375
48.01,2.370,,,
48.02,2.375,0.403,0.541,1.453
48.03,2.370,,,
48.04,2.375,0.415,0.560,0.444
48.05,2.375,,,
48.06,2.375,0.426,0.559,-0.587
48.07,2.370,,,
48.08,2.370,0.437,0.539,-1.681
48.09,2.375,,,
48.10,2.375,0.448,0.490,-2.690
48.11,2.375,,,
48.12,2.375,0.457,0.425,-3.408
48.13,2.375,,,
48.14,2.370,0.465,0.351,-3.952
48.15,2.375,,,
48.16,2.370,0.471,0.266,-4.409
48.17,2.375,,,
48.18,2.375,0.476,0.173,-4.768
48.19,2.370,,,
48.20,2.375,0.478,0.074,-5.015
48.21,2.370,,,
48.22,2.375,0.479,-0.029,-5.139
48.23,2.375,,,
48.24,2.370,0.477,-0.136,-5.005
48.25,2.375,,,
48.26,2.370,0.473,-0.233,-4.619
48.27,2.375,,,
48.28,2.375,0.468,-0.322,-4.110
48.29,2.370,,,
48.30,2.375,0.460,-0.401,-3.450
48.31,2.375,,,
48.32,2.370,0.451,-0.460,-2.766
48.33,2.375,,,
48.34,2.370,0.442,-0.512,-2.021
48.35,2.375,,,
48.36,2.375,0.431,-0.546,-1.022
48.37,2.370,,,
48.38,2.375,0.419,-0.555,0.076
48.39,2.370,,,
48.40,2.375,0.408,-0.540,1.027
48.41,2.375,,,
48.42,2.370,0.398,-0.510,1.817
48.43,2.370,,,
48.44,2.375,0.388,-0.469,2.647
48.45,2.375,,,
48.46,2.375,0.378,-0.405,3.496
48.47,2.370,,,
48.48,2.375,0.371,-0.326,4.220
48.49,2.375,,,
48.50,2.375,0.365,-0.235,4.834
48.51,2.375,,,
48.52,2.370,0.361,-0.128,5.161
48.53,2.375,,,
48.54,2.370,0.360,-0.024,5.220
48.55,2.375,,,
48.56,2.370,0.360,0.082,5.167
48.57,2.370,,,
48.58,2.375,0.363,0.185,4.962
48.59,2.370,,,
48.60,2.375,0.368,0.282,4.648
48.61,2.375,,,
48.62,1.888,0.375,0.373,4.175
48.63,1.605,,,
48.64,2.375,0.383,0.453,3.447
48.65,2.370,,,
48.66,2.375,0.393,0.518,2.368
48.67,2.375,,,
48.68,2.375,0.404,0.550,1.166
48.69,2.375,,,
48.70,2.370,0.415,0.560,0.160
48.71,2.375,,,
48.72,2.370,0.427,0.554,-0.743
48.73,2.375,,,
48.74,2.375,0.438,0.531,-1.650
48.75,2.370,,,
48.76,2.375,0.448,0.489,-2.578
48.77,2.375,,,
48.78,2.375,0.458,0.425,-3.372
48.79,2.375,,,
48.80,2.370,0.466,0.350,-3.943
48.81,2.375,,,
48.82,2.375,0.472,0.266,-4.380
48.83,2.375,,,
48.84,2.375,0.476,0.174,-4.706
48.85,2.375,,,
48.86,2.375,0.479,0.078,-5.010
48.87,2.375,,,
48.88,2.370,0.480,-0.030,-5.107
48.89,2.375,,,
48.90,2.370,0.478,-0.132,-4.902
48.91,2.375,,,
48.92,2.375,0.474,-0.228,-4.582
48.93,2.370,,,
48.94,2.375,0.469,-0.318,-4.081
48.95,2.375,,,
48.96,2.370,0.461,-0.392,-3.488
48.97,2.375,,,
48.98,2.370,0.453,-0.458,-2.878
48.99,2.375,,,
49.00,2.375,0.443,-0.509,-2.157
49.01,2.375,,,
49.02,2.375,0.432,-0.546,-1.287
49.03,2.370,,,
49.04,2.370,0.421,-0.564,-0.246
49.05,2.370,,,
49.06,2.370,0.409,-0.558,0.866
49.07,2.375,,,
49.08,2.370,0.398,-0.528,1.930
49.09,2.370,,,
49.10,2.370,0.388,-0.477,2.815
49.11,2.375,,,
49.12,2.375,0.379,-0.414,3.590
49.13,2.370,,,
49.14,2.375,0.371,-0.333,4.291
49.15,2.375,,,
49.16,2.370,0.365,-0.240,4.835
49.17,2.375,,,
49.18,2.370,0.361,-0.136,5.196
49.19,2.375,,,
49.20,2.370,0.360,-0.028,5.333
49.21,2.375,,,
49.22,2.375,0.360,0.080,5.275
49.23,2.370,,,
49.24,2.375,0.363,0.187,4.970
49.25,2.375,,,
49.26,2.370,0.368,0.281,4.520
49.27,2.375,,,
49.28,1.873,0.374,0.369,3.992
49.29,1.625,,,
49.30,2.375,0.383,0.443,3.297
49.31,2.370,,,
49.32,2.375,0.392,0.501,2.509
49.33,2.370,,,
49.34,2.375,0.403,0.547,1.522
49.35,2.375,,,
49.36,2.375,0.415,0.566,0.361
49.37,2.375,,,
49.38,2.375,0.426,0.560,-0.737
49.39,2.370,,,
49.40,2.375,0.437,0.533,-1.689
49.41,2.370,,,
49.42,2.375,0.447,0.491,-2.523
49.43,2.375,,,
49.44,2.375,0.457,0.432,-3.293
49.45,2.375,,,
49.46,2.370,0.465,0.357,-3.946
49.47,2.375,,,
49.48,2.375,0.472,0.274,-4.548
49.49,2.375,,,
49.50,2.375,0.476,0.172,-4.967
49.51,2.370,,,
49.52,2.375,0.478,0.071,-5.132
49.53,2.375,,,
49.54,2.375,0.479,-0.035,-5.139
49.55,2.375,,,
49.56,2.370,0.477,-0.140,-4.885
49.57,2.375,,,
49.58,2.370,0.473,-0.233,-4.474
49.59,2.375,,,
49.60,2.370,0.468,-0.319,-4.000
49.61,2.370,,,
49.62,2.375,0.460,-0.393,-3.486
49.63,2.370,,,
49.64,2.375,0.452,-0.461,-2.845
49.65,2.375,,,
49.66,2.375,0.442,-0.510,-2.019
49.67,2.375,,,
49.68,2.375,0.431,-0.543,-1.073
49.69,2.370,,,
49.70,2.375,0.420,-0.554,-0.057
49.71,2.370,,,
49.72,2.370,0.409,-0.545,0.934
49.73,2.375,,,
49.74,2.370,0.398,-0.517,1.921
49.75,2.370,,,
49.76,2.370,0.388,-0.468,2.862
49.77,2.375,,,
49.78,2.375,0.379,-0.400,3.653
49.79,2.375,,,
49.80,2.375,0.371,-0.317,4.216
49.81,2.370,,,
49.82,2.375,0.366,-0.229,4.638
49.83,2.375,,,
49.84,2.375,0.362,-0.131,4.975
49.85,2.375,,,
49.86,2.375,0.361,-0.028,5.143
49.87,2.370,,,
49.88,2.375,0.361,0.077,5.166
49.89,2.370,,,
49.90,2.375,0.364,0.182,5.015
49.91,2.375,,,
49.92,2.370,0.368,0.282,4.628
49.93,2.375,,,
49.94,1.823,0.375,0.370,4.034
49.95,1.665,,,
49.96,2.375,0.383,0.443,3.380
49.97,2.370,,,
49.98,2.375,0.393,0.509,2.519
49.99,2.370,,,
50.00,2.375,0.404,0.552,1.280
50.01,2.375,,,
50.02,2.370,0.416,0.558,0.090
50.03,2.375,,,
50.04,2.375,0.427,0.549,-0.828
50.05,2.370,,,
50.06,2.375,0.438,0.524,-1.655
50.07,2.375,,,
50.08,2.375,0.448,0.482,-2.407
50.09,2.370,,,
50.10,2.375,0.457,0.428,-3.118
50.11,2.375,,,
50.12,2.375,0.465,0.354,-3.596
50.13,2.375,,,
50.14,,0.472,0.276,-3.623
50.16,,0.476,0.202,-3.296
50.18,,0.478,0.150,-2.929
