"Time","Potential","Position","Velocity","Acceleration"
0.01,0.064,,,
0.02,0.064,0.344,0.003,-0.168
0.03,0.064,,,
0.04,0.064,0.344,0.000,-0.134
0.05,0.064,,,
0.06,0.064,0.344,-0.004,-0.045
0.07,0.064,,,
0.08,0.064,0.344,-0.003,0.090
0.09,0.064,,,
0.10,0.064,0.344,0.003,0.076
0.11,0.064,,,
0.12,0.064,0.344,0.001,-0.007
0.13,0.064,,,
0.14,0.064,0.344,0.000,0.006
0.15,0.064,,,
0.16,0.064,0.344,0.003,-0.021
0.17,0.064,,,
0.18,0.064,0.344,-0.001,-0.030
0.19,0.064,,,
0.20,0.064,0.344,0.000,0.039
0.21,0.064,,,
0.22,0.064,0.344,0.003,0.017
0.23,0.064,,,
0.24,0.064,0.344,0.000,0.010
0.25,0.064,,,
0.26,0.064,0.344,0.001,0.069
0.27,0.064,,,
0.28,0.064,0.344,0.004,0.052
0.29,0.064,,,
0.30,0.064,0.344,0.004,0.030
0.31,0.064,,,
0.32,0.064,0.344,0.005,0.038
0.33,0.064,,,
0.34,0.064,0.344,0.005,0.061
0.35,0.064,,,
0.36,0.064,0.344,0.007,0.113
0.37,0.064,,,
0.38,0.064,0.345,0.011,0.090
0.39,0.064,,,
0.40,0.064,0.345,0.010,0.071
0.41,0.064,,,
0.42,0.064,0.345,0.012,0.118
0.43,0.064,,,
0.44,0.064,0.345,0.017,0.085
0.45,0.064,,,
0.46,0.064,0.346,0.015,0.084
0.47,0.059,,,
0.48,0.064,0.346,0.017,0.192
0.49,0.064,,,
0.50,0.064,0.346,0.026,0.174
0.51,0.064,,,
0.52,0.064,0.347,0.026,0.075
0.53,0.064,,,
0.54,0.064,0.347,0.027,0.027
0.55,0.064,,,
0.56,0.064,0.348,0.027,-0.031
0.57,0.064,,,
0.58,0.064,0.349,0.026,-0.103
0.59,0.064,,,
0.60,0.064,0.349,0.024,-0.227
0.61,0.064,,,
0.62,0.064,0.350,0.017,-0.360
0.63,0.064,,,
0.64,0.064,0.350,0.008,-0.380
0.65,0.064,,,
0.66,0.064,0.350,0.001,-0.349
0.67,0.064,,,
0.68,0.064,0.350,-0.006,-0.317
0.69,0.064,,,
0.70,0.064,0.350,-0.012,-0.253
0.71,0.064,,,
0.72,0.064,0.349,-0.015,-0.235
0.73,0.059,,,
0.74,0.064,0.349,-0.022,-0.167
0.75,0.064,,,
0.76,0.064,0.348,-0.025,0.052
0.77,0.064,,,
0.78,0.064,0.348,-0.020,0.245
0.79,0.064,,,
0.80,0.064,0.348,-0.012,0.272
0.81,0.064,,,
0.82,0.064,0.347,-0.008,0.242
0.83,0.064,,,
0.84,0.064,0.347,-0.002,0.194
0.85,0.064,,,
0.86,0.064,0.347,0.001,0.116
0.87,0.064,,,
0.88,0.064,0.347,0.002,0.084
0.89,0.064,,,
0.90,0.064,0.348,0.003,0.088
0.91,0.064,,,
0.92,0.064,0.347,0.005,0.107
0.93,0.064,,,
0.94,0.064,0.348,0.010,0.038
0.95,0.064,,,
0.96,0.064,0.348,0.007,-0.038
0.97,0.064,,,
0.98,0.064,0.348,0.006,-0.007
0.99,0.064,,,
1.00,0.064,0.348,0.006,0.034
1.01,0.064,,,
1.02,0.064,0.348,0.007,0.084
1.03,0.064,,,
1.04,0.064,0.348,0.011,0.047
1.05,0.064,,,
1.06,0.064,0.349,0.010,-0.073
1.07,0.064,,,
1.08,0.064,0.349,0.006,-0.106
1.09,0.064,,,
1.10,0.064,0.349,0.006,-0.138
1.11,0.059,,,
1.12,0.059,0.349,0.001,-0.171
1.13,0.064,,,
1.14,0.064,0.349,-0.003,-0.103
1.15,0.064,,,
1.16,0.064,0.349,-0.003,-0.006
1.17,0.064,,,
1.18,0.064,0.349,-0.003,0.087
1.19,0.064,,,
1.20,0.064,0.349,0.002,0.079
1.21,0.064,,,
1.22,0.064,0.349,0.001,0.018
1.23,0.064,,,
1.24,0.064,0.349,0.001,0.048
1.25,0.064,,,
1.26,0.064,0.349,0.004,0.043
1.27,0.064,,,
1.28,0.064,0.349,0.003,0.028
1.29,0.064,,,
1.30,0.064,0.349,0.004,0.052
1.31,0.064,,,
1.32,0.064,0.349,0.008,-0.057
1.33,0.064,,,
1.34,0.064,0.349,0.002,-0.160
1.35,0.064,,,
1.36,0.064,0.349,-0.002,-0.100
1.37,0.064,,,
1.38,0.064,0.349,-0.003,0.015
1.39,0.064,,,
1.40,0.064,0.349,-0.001,0.097
1.41,0.064,,,
1.42,0.064,0.349,0.002,0.100
1.43,0.064,,,
1.44,0.064,0.349,0.004,0.051
1.45,0.064,,,
1.46,0.064,0.349,0.007,-0.102
1.47,0.064,,,
1.48,0.064,0.350,-0.001,-0.195
1.49,0.064,,,
1.50,0.064,0.349,-0.006,-0.078
1.51,0.064,,,
1.52,0.064,0.349,-0.005,0.059
1.53,0.064,,,
1.54,0.064,0.349,-0.001,0.109
1.55,0.064,,,
1.56,0.064,0.349,0.003,0.011
1.57,0.064,,,
1.58,0.064,0.349,-0.002,-0.059
1.59,0.064,,,
1.60,0.064,0.349,-0.003,0.030
1.61,0.064,,,
1.62,0.064,0.349,0.002,0.031
1.63,0.064,,,
1.64,0.064,0.349,-0.001,-0.021
1.65,0.064,,,
1.66,0.064,0.349,-0.001,-0.010
1.67,0.064,,,
1.68,0.064,0.349,0.001,-0.071
1.69,0.064,,,
1.70,0.064,0.349,-0.004,-0.110
1.71,0.064,,,
1.72,0.069,0.349,-0.005,-0.078
1.73,0.064,,,
1.74,0.064,0.349,-0.007,-0.038
1.75,0.064,,,
1.76,0.064,0.349,-0.007,0.039
1.77,0.064,,,
1.78,0.064,0.349,-0.006,0.111
1.79,0.064,,,
1.80,0.064,0.348,-0.003,0.154
1.81,0.064,,,
1.82,0.064,0.349,0.004,0.054
1.83,0.064,,,
1.84,0.064,0.349,-0.001,-0.042
1.85,0.064,,,
1.86,0.064,0.348,-0.001,0.007
1.87,0.064,,,
1.88,0.064,0.349,0.000,0.056
1.89,0.064,,,
1.90,0.064,0.348,0.002,0.065
1.91,0.064,,,
1.92,0.064,0.349,0.005,-0.049
1.93,0.064,,,
1.94,0.064,0.349,-0.001,-0.143
1.95,0.064,,,
1.96,0.064,0.349,-0.004,-0.063
1.97,0.064,,,
1.98,0.064,0.349,-0.004,0.053
1.99,0.064,,,
2.00,0.064,0.348,-0.001,0.115
2.01,0.064,,,
2.02,0.064,0.348,0.003,0.070
2.03,0.064,,,
2.04,0.064,0.349,0.003,-0.047
2.05,0.064,,,
2.06,0.064,0.349,0.000,-0.118
2.07,0.064,,,
2.08,0.064,0.349,-0.005,-0.043
2.09,0.064,,,
2.10,0.064,0.348,-0.003,0.083
2.11,0.064,,,
2.12,0.064,0.348,0.002,0.066
2.13,0.064,,,
2.14,0.064,0.349,0.001,0.000
2.15,0.064,,,
2.16,0.064,0.348,0.001,-0.026
2.17,0.064,,,
2.18,0.064,0.349,0.001,-0.074
2.19,0.064,,,
2.20,0.064,0.349,-0.002,-0.100
2.21,0.064,,,
2.22,0.064,0.349,-0.006,-0.010
2.23,0.064,,,
2.24,0.064,0.348,-0.003,0.103
2.25,0.064,,,
2.26,0.064,0.348,0.001,0.118
2.27,0.064,,,
2.28,0.064,0.348,0.000,0.225
2.29,0.064,,,
2.30,0.064,0.348,0.006,0.552
2.31,0.064,,,
2.32,0.064,0.348,0.018,1.017
2.33,0.064,,,
2.34,0.064,0.349,0.048,1.280
2.35,0.064,,,
2.36,0.064,0.350,0.087,0.775
2.37,0.064,,,
2.38,0.064,0.353,0.087,0.098
2.39,0.064,,,
2.40,0.064,0.354,0.061,1.059
2.41,0.064,,,
2.42,0.064,0.355,0.086,4.002
2.43,0.064,,,
2.44,0.064,0.356,0.210,6.838
2.45,0.064,,,
2.46,0.064,0.360,0.449,4.994
2.47,0.064,,,
2.48,0.064,0.377,0.537,-2.658
2.49,0.064,,,
2.50,0.064,0.388,0.323,-8.905
2.51,0.064,,,
2.52,0.064,0.392,0.009,-6.524
2.53,0.064,,,
2.54,0.064,0.384,-0.093,3.823
2.55,0.064,,,
2.56,0.064,0.381,0.171,13.770
2.57,0.064,,,
2.58,0.064,0.388,0.590,16.102
2.59,0.064,,,
2.60,0.064,0.403,1.035,6.937
2.61,0.064,,,
2.62,0.064,0.439,1.018,-9.289
2.63,0.064,,,
2.64,0.064,0.454,0.494,-17.653
2.65,0.064,,,
2.66,0.064,0.455,0.081,-14.722
2.67,0.064,,,
2.68,0.064,0.453,-0.120,-9.130
2.69,0.064,,,
2.70,0.064,0.449,-0.227,-5.543
2.71,0.064,,,
2.72,0.064,0.444,-0.308,-3.920
2.73,0.064,,,
2.74,0.064,0.436,-0.377,-2.985
2.75,0.064,,,
2.76,0.064,0.428,-0.429,-2.091
2.77,0.064,,,
2.78,0.064,0.419,-0.463,-1.097
2.79,0.064,,,
2.80,0.064,0.409,-0.473,-0.110
2.81,0.064,,,
2.82,0.064,0.400,-0.466,0.813
2.83,0.064,,,
2.84,0.064,0.391,-0.439,1.673
2.85,0.064,,,
2.86,0.064,0.382,-0.398,2.445
2.87,0.064,,,
2.88,0.064,0.374,-0.340,3.143
2.89,0.064,,,
2.90,0.064,0.368,-0.270,3.719
2.91,0.059,,,
2.92,0.064,0.363,-0.189,4.148
2.93,0.064,,,
2.94,0.064,0.361,-0.100,4.327
2.95,0.064,,,
2.96,0.064,0.359,-0.014,4.350
2.97,0.064,,,
2.98,0.064,0.360,0.075,4.290
2.99,0.064,,,
3.00,0.064,0.363,0.160,4.057
3.01,0.064,,,
3.02,0.064,0.366,0.240,3.650
3.03,0.064,,,
3.04,0.059,0.372,0.311,2.995
3.05,0.064,,,
3.06,0.064,0.379,0.361,2.234
3.07,0.064,,,
3.08,0.064,0.387,0.400,1.483
3.09,0.064,,,
3.10,0.064,0.395,0.421,0.685
3.11,0.064,,,
3.12,0.064,0.404,0.428,-0.155
3.13,0.064,,,
3.14,0.069,0.413,0.416,-1.024
3.15,0.064,,,
3.16,0.064,0.421,0.385,-1.774
3.17,0.064,,,
3.18,0.064,0.428,0.343,-2.410
3.19,0.064,,,
3.20,0.064,0.435,0.288,-3.026
3.21,0.064,,,
3.22,0.064,0.440,0.222,-3.598
3.23,0.064,,,
3.24,0.064,0.444,0.141,-3.962
3.25,0.064,,,
3.26,0.064,0.446,0.059,-4.082
3.27,0.064,,,
3.28,0.064,0.446,-0.025,-4.039
3.29,0.064,,,
3.30,0.064,0.445,-0.105,-3.820
3.31,0.064,,,
3.32,0.064,0.442,-0.180,-3.476
3.33,0.064,,,
3.34,0.064,0.437,-0.247,-2.997
3.35,0.064,,,
3.36,0.064,0.432,-0.299,-2.491
3.37,0.064,,,
3.38,0.064,0.425,-0.348,-1.874
3.39,0.064,,,
3.40,0.064,0.418,-0.378,-1.090
3.41,0.064,,,
3.42,0.064,0.410,-0.391,-0.292
3.43,0.064,,,
3.44,0.064,0.402,-0.389,0.504
3.45,0.064,,,
3.46,0.064,0.394,-0.371,1.255
3.47,0.064,,,
3.48,0.064,0.387,-0.339,1.966
3.49,0.064,,,
3.50,0.064,0.380,-0.289,2.508
3.51,0.064,,,
3.52,0.064,0.375,-0.236,2.919
3.53,0.064,,,
3.54,0.064,0.371,-0.173,3.310
3.55,0.064,,,
3.56,0.064,0.368,-0.102,3.599
3.57,0.064,,,
3.58,0.064,0.367,-0.026,3.746
3.59,0.064,,,
3.60,0.064,0.367,0.051,3.704
3.61,0.064,,,
3.62,0.064,0.369,0.125,3.479
3.63,0.064,,,
3.64,0.064,0.372,0.194,3.039
3.65,0.064,,,
3.66,0.064,0.377,0.247,2.528
3.67,0.064,,,
3.68,0.064,0.382,0.294,2.018
3.69,0.064,,,
3.70,0.064,0.389,0.330,1.420
3.71,0.064,,,
3.72,0.064,0.395,0.352,0.753
3.73,0.064,,,
3.74,0.064,0.403,0.362,-0.036
3.75,0.064,,,
3.76,0.064,0.410,0.350,-0.770
3.77,0.064,,,
3.78,0.064,0.417,0.329,-1.388
3.79,0.064,,,
3.80,0.064,0.424,0.295,-2.025
3.81,0.064,,,
3.82,0.064,0.429,0.247,-2.584
3.83,0.064,,,
3.84,0.064,0.434,0.189,-2.967
3.85,0.064,,,
3.86,0.064,0.437,0.126,-3.187
3.87,0.064,,,
3.88,0.064,0.439,0.060,-3.309
3.89,0.064,,,
3.90,0.064,0.439,-0.009,-3.321
3.91,0.064,,,
3.92,0.064,0.438,-0.075,-3.213
3.93,0.064,,,
3.94,0.064,0.436,-0.138,-3.012
3.95,0.064,,,
3.96,0.064,0.433,-0.198,-2.675
3.97,0.064,,,
3.98,0.064,0.428,-0.249,-2.124
3.99,0.064,,,
4.00,0.064,0.423,-0.283,-1.510
4.01,0.064,,,
4.02,0.064,0.417,-0.309,-0.911
4.03,0.064,,,
4.04,0.064,0.410,-0.321,-0.278
4.05,0.064,,,
4.06,0.064,0.404,-0.318,0.271
4.07,0.064,,,
4.08,0.064,0.397,-0.310,0.843
4.09,0.064,,,
4.10,0.064,0.391,-0.286,1.450
4.11,0.064,,,
4.12,0.064,0.386,-0.251,1.983
4.13,0.064,,,
4.14,0.064,0.381,-0.205,2.436
4.15,0.064,,,
4.16,0.064,0.377,-0.151,2.749
4.17,0.064,,,
4.18,0.064,0.375,-0.094,2.968
4.19,0.064,,,
4.20,0.064,0.374,-0.031,3.098
4.21,0.064,,,
4.22,0.064,0.373,0.033,3.083
4.23,0.064,,,
4.24,0.064,0.375,0.096,2.848
4.25,0.064,,,
4.26,0.064,0.377,0.148,2.528
4.27,0.064,,,
4.28,0.064,0.381,0.197,2.177
4.29,0.064,,,
4.30,0.064,0.385,0.237,1.721
4.31,0.064,,,
4.32,0.064,0.390,0.266,1.246
4.33,0.064,,,
4.34,0.064,0.396,0.287,0.738
4.35,0.064,,,
4.36,0.064,0.402,0.296,0.191
4.37,0.064,,,
4.38,0.064,0.408,0.297,-0.470
4.39,0.064,,,
4.40,0.064,0.414,0.277,-1.099
4.41,0.064,,,
4.42,0.064,0.419,0.250,-1.576
4.43,0.064,,,
4.44,0.064,0.424,0.215,-2.058
4.45,0.064,,,
4.46,0.064,0.428,0.166,-2.442
4.47,0.064,,,
4.48,0.064,0.431,0.113,-2.608
4.49,0.064,,,
4.50,0.064,0.433,0.060,-2.686
4.51,0.064,,,
4.52,0.064,0.434,0.007,-2.798
4.53,0.064,,,
4.54,0.064,0.433,-0.054,-2.789
4.55,0.064,,,
4.56,0.064,0.431,-0.108,-2.583
4.57,0.064,,,
4.58,0.064,0.429,-0.159,-2.263
4.59,0.064,,,
4.60,0.064,0.425,-0.200,-1.856
4.61,0.064,,,
4.62,0.064,0.421,-0.233,-1.402
4.63,0.064,,,
4.64,0.064,0.415,-0.257,-0.891
4.65,0.064,,,
4.66,0.064,0.410,-0.270,-0.335
4.67,0.064,,,
4.68,0.064,0.404,-0.271,0.236
4.69,0.064,,,
4.70,0.064,0.399,-0.258,0.684
4.71,0.064,,,
4.72,0.064,0.394,-0.243,1.110
4.73,0.064,,,
4.74,0.069,0.389,-0.215,1.587
4.75,0.064,,,
4.76,0.064,0.385,-0.178,1.974
4.77,0.064,,,
4.78,0.064,0.382,-0.135,2.276
4.79,0.064,,,
4.80,0.064,0.380,-0.086,2.483
4.81,0.064,,,
4.82,0.064,0.378,-0.034,2.586
4.83,0.064,,,
4.84,0.064,0.378,0.019,2.586
4.85,0.064,,,
4.86,0.064,0.379,0.071,2.489
4.87,0.059,,,
4.88,0.064,0.381,0.122,2.208
4.89,0.064,,,
4.90,0.064,0.384,0.161,1.850
4.91,0.059,,,
4.92,0.064,0.388,0.196,1.496
4.93,0.064,,,
4.94,0.064,0.392,0.222,1.075
4.95,0.064,,,
4.96,0.064,0.397,0.239,0.650
4.97,0.064,,,
4.98,0.064,0.402,0.248,0.201
4.99,0.064,,,
5.00,0.064,0.407,0.247,-0.287
5.01,0.064,,,
5.02,0.064,0.412,0.238,-0.852
5.03,0.064,,,
5.04,0.064,0.417,0.212,-1.353
5.05,0.064,,,
5.06,0.064,0.420,0.181,-1.691
5.07,0.064,,,
5.08,0.064,0.424,0.143,-1.949
5.09,0.064,,,
5.10,0.064,0.426,0.102,-2.148
5.11,0.064,,,
5.12,0.064,0.428,0.057,-2.314
5.13,0.064,,,
5.14,0.064,0.429,0.008,-2.388
5.15,0.064,,,
5.16,0.064,0.428,-0.041,-2.304
5.17,0.064,,,
5.18,0.064,0.427,-0.087,-2.070
5.19,0.064,,,
5.20,0.064,0.425,-0.123,-1.863
5.21,0.064,,,
5.22,0.064,0.422,-0.161,-1.631
5.23,0.064,,,
5.24,0.064,0.418,-0.191,-1.259
5.25,0.064,,,
5.26,0.064,0.414,-0.212,-0.836
5.27,0.064,,,
5.28,0.064,0.410,-0.225,-0.358
5.29,0.064,,,
5.30,0.064,0.405,-0.227,0.135
5.31,0.064,,,
5.32,0.064,0.400,-0.220,0.612
5.33,0.064,,,
5.34,0.064,0.396,-0.200,0.966
5.35,0.064,,,
5.36,0.064,0.392,-0.180,1.259
5.37,0.064,,,
5.38,0.064,0.389,-0.151,1.577
5.39,0.064,,,
5.40,0.064,0.386,-0.116,1.829
5.41,0.064,,,
5.42,0.064,0.384,-0.076,2.015
5.43,0.064,,,
5.44,0.064,0.383,-0.034,2.109
5.45,0.064,,,
5.46,0.064,0.383,0.010,2.108
5.47,0.064,,,
5.48,0.064,0.384,0.052,2.021
5.49,0.064,,,
5.50,0.064,0.385,0.092,1.843
5.51,0.059,,,
5.52,0.064,0.387,0.127,1.604
5.53,0.064,,,
5.54,0.064,0.390,0.156,1.346
5.55,0.064,,,
5.56,0.064,0.394,0.183,0.980
5.57,0.064,,,
5.58,0.064,0.398,0.196,0.554
5.59,0.064,,,
5.60,0.064,0.402,0.203,0.206
5.61,0.064,,,
5.62,0.064,0.406,0.206,-0.210
5.63,0.064,,,
5.64,0.064,0.410,0.196,-0.697
5.65,0.064,,,
5.66,0.064,0.414,0.176,-1.102
5.67,0.059,,,
5.68,0.064,0.417,0.149,-1.353
5.69,0.064,,,
5.70,0.064,0.420,0.122,-1.550
5.71,0.064,,,
5.72,0.064,0.422,0.088,-1.749
5.73,0.064,,,
5.74,0.064,0.423,0.050,-1.854
5.75,0.064,,,
5.76,0.064,0.424,0.013,-1.901
5.77,0.064,,,
5.78,0.064,0.424,-0.027,-1.886
5.79,0.064,,,
5.80,0.064,0.423,-0.065,-1.765
5.81,0.064,,,
5.82,0.064,0.421,-0.099,-1.561
5.83,0.064,,,
5.84,0.064,0.419,-0.128,-1.309
5.85,0.064,,,
5.86,0.064,0.416,-0.152,-1.012
5.87,0.064,,,
5.88,0.064,0.413,-0.167,-0.745
5.89,0.064,,,
5.90,0.064,0.409,-0.183,-0.425
5.91,0.064,,,
5.92,0.064,0.405,-0.186,-0.021
5.93,0.064,,,
5.94,0.064,0.402,-0.183,0.357
5.95,0.064,,,
5.96,0.064,0.398,-0.172,0.731
5.97,0.064,,,
5.98,0.064,0.395,-0.153,1.053
5.99,0.064,,,
6.00,0.064,0.392,-0.129,1.336
6.01,0.064,,,
6.02,0.064,0.389,-0.097,1.510
6.03,0.064,,,
6.04,0.064,0.388,-0.068,1.641
6.05,0.064,,,
6.06,0.064,0.387,-0.033,1.799
6.07,0.064,,,
6.08,0.064,0.386,0.007,1.778
6.09,0.064,,,
6.10,0.064,0.387,0.040,1.653
6.11,0.064,,,
6.12,0.064,0.388,0.073,1.520
6.13,0.064,,,
6.14,0.064,0.390,0.102,1.339
6.15,0.064,,,
6.16,0.064,0.392,0.127,1.146
6.17,0.064,,,
6.18,0.064,0.395,0.148,0.905
6.19,0.064,,,
6.20,0.064,0.398,0.165,0.568
6.21,0.064,,,
6.22,0.064,0.402,0.171,0.198
6.23,0.064,,,
6.24,0.064,0.405,0.172,-0.158
6.25,0.064,,,
6.26,0.064,0.409,0.167,-0.559
6.27,0.064,,,
6.28,0.064,0.412,0.148,-0.875
6.29,0.064,,,
6.30,0.064,0.415,0.129,-1.071
6.31,0.064,,,
6.32,0.064,0.417,0.105,-1.247
6.33,0.064,,,
6.34,0.064,0.419,0.079,-1.400
6.35,0.064,,,
6.36,0.064,0.420,0.049,-1.554
6.37,0.064,,,
6.38,0.064,0.421,0.015,-1.617
6.39,0.064,,,
6.40,0.064,0.421,-0.016,-1.616
6.41,0.064,,,
6.42,0.064,0.420,-0.050,-1.553
6.43,0.064,,,
6.44,0.064,0.419,-0.081,-1.371
6.45,0.064,,,
6.46,0.064,0.417,-0.105,-1.186
6.47,0.064,,,
6.48,0.064,0.415,-0.128,-0.993
6.49,0.064,,,
6.50,0.064,0.412,-0.147,-0.664
6.51,0.064,,,
6.52,0.064,0.409,-0.156,-0.262
6.53,0.064,,,
6.54,0.064,0.406,-0.156,0.076
6.55,0.064,,,
6.56,0.064,0.402,-0.152,0.364
6.57,0.064,,,
6.58,0.064,0.399,-0.140,0.558
6.59,0.064,,,
6.60,0.064,0.397,-0.130,0.756
6.61,0.064,,,
6.62,0.064,0.394,-0.111,1.025
6.63,0.064,,,
6.64,0.064,0.392,-0.088,1.249
6.65,0.064,,,
6.66,0.064,0.391,-0.060,1.386
6.67,0.064,,,
6.68,0.064,0.390,-0.031,1.445
6.69,0.064,,,
6.70,0.064,0.389,-0.002,1.470
6.71,0.064,,,
6.72,0.064,0.390,0.028,1.438
6.73,0.064,,,
6.74,0.064,0.390,0.056,1.358
6.75,0.064,,,
6.76,0.064,0.392,0.085,1.163
6.77,0.064,,,
6.78,0.064,0.394,0.104,0.910
6.79,0.064,,,
6.80,0.064,0.396,0.120,0.684
6.81,0.064,,,
6.82,0.064,0.399,0.132,0.446
6.83,0.064,,,
6.84,0.064,0.401,0.139,0.185
6.85,0.064,,,
6.86,0.064,0.405,0.140,-0.103
6.87,0.064,,,
6.88,0.064,0.407,0.134,-0.373
6.89,0.064,,,
6.90,0.064,0.410,0.124,-0.600
6.91,0.064,,,
6.92,0.064,0.412,0.109,-0.767
6.93,0.064,,,
6.94,0.064,0.414,0.095,-1.008
6.95,0.064,,,
6.96,0.064,0.416,0.069,-1.242
6.97,0.064,,,
6.98,0.064,0.417,0.042,-1.325
6.99,0.064,,,
7.00,0.064,0.418,0.015,-1.344
7.01,0.064,,,
7.02,0.064,0.418,-0.012,-1.317
7.03,0.064,,,
7.04,0.064,0.417,-0.038,-1.252
7.05,0.064,,,
7.06,0.064,0.416,-0.063,-1.145
7.07,0.064,,,
7.08,0.064,0.415,-0.085,-0.981
7.09,0.064,,,
7.10,0.064,0.413,-0.103,-0.777
7.11,0.064,,,
7.12,0.064,0.411,-0.117,-0.539
7.13,0.064,,,
7.14,0.064,0.408,-0.124,-0.301
7.15,0.064,,,
7.16,0.064,0.406,-0.129,-0.066
7.17,0.069,,,
7.18,0.064,0.403,-0.129,0.238
7.19,0.064,,,
7.20,0.064,0.400,-0.117,0.451
7.21,0.064,,,
7.22,0.064,0.398,-0.109,0.616
7.23,0.064,,,
7.24,0.064,0.396,-0.094,0.845
7.25,0.064,,,
7.26,0.064,0.394,-0.074,1.009
7.27,0.064,,,
7.28,0.064,0.393,-0.053,1.128
7.29,0.064,,,
7.30,0.064,0.392,-0.029,1.233
7.31,0.064,,,
7.32,0.064,0.392,-0.003,1.304
7.33,0.064,,,
7.34,0.064,0.392,0.026,1.200
7.35,0.064,,,
7.36,0.064,0.393,0.046,1.022
7.37,0.064,,,
7.38,0.064,0.394,0.065,0.912
7.39,0.059,,,
7.40,0.064,0.395,0.083,0.797
7.41,0.064,,,
7.42,0.064,0.397,0.098,0.629
7.43,0.064,,,
7.44,0.064,0.399,0.108,0.431
7.45,0.064,,,
7.46,0.064,0.401,0.115,0.229
7.47,0.064,,,
7.48,0.064,0.404,0.118,-0.010
7.49,0.064,,,
7.50,0.064,0.406,0.115,-0.265
7.51,0.064,,,
7.52,0.064,0.409,0.107,-0.509
7.53,0.064,,,
7.54,0.064,0.411,0.094,-0.700
7.55,0.064,,,
7.56,0.064,0.413,0.078,-0.832
7.57,0.064,,,
7.58,0.064,0.414,0.060,-0.922
7.59,0.064,,,
7.60,0.064,0.415,0.043,-1.063
7.61,0.064,,,
7.62,0.064,0.416,0.017,-1.175
7.63,0.064,,,
7.64,0.064,0.416,-0.007,-1.170
7.65,0.064,,,
7.66,0.064,0.415,-0.030,-1.112
7.67,0.064,,,
7.68,0.064,0.414,-0.052,-0.974
7.69,0.064,,,
7.70,0.064,0.413,-0.070,-0.801
7.71,0.064,,,
7.72,0.064,0.412,-0.085,-0.607
7.73,0.064,,,
7.74,0.064,0.410,-0.092,-0.488
7.75,0.064,,,
7.76,0.064,0.408,-0.104,-0.368
7.77,0.064,,,
7.78,0.064,0.405,-0.110,-0.131
7.79,0.064,,,
7.80,0.064,0.403,-0.109,0.101
7.81,0.064,,,
7.82,0.064,0.401,-0.107,0.371
7.83,0.064,,,
7.84,0.064,0.399,-0.094,0.635
7.85,0.064,,,
7.86,0.064,0.397,-0.078,0.741
7.87,0.064,,,
7.88,0.064,0.396,-0.064,0.813
7.89,0.064,,,
7.90,0.064,0.395,-0.046,0.919
7.91,0.064,,,
7.92,0.064,0.394,-0.027,0.988
7.93,0.064,,,
7.94,0.064,0.394,-0.006,1.020
7.95,0.064,,,
7.96,0.064,0.394,0.014,1.018
7.97,0.064,,,
7.98,0.064,0.394,0.034,1.003
7.99,0.064,,,
8.00,0.064,0.395,0.057,0.866
8.01,0.064,,,
8.02,0.064,0.397,0.070,0.657
8.03,0.064,,,
8.04,0.064,0.398,0.082,0.484
8.05,0.064,,,
8.06,0.064,0.400,0.090,0.323
8.07,0.064,,,
8.08,0.064,0.402,0.095,0.168
8.09,0.064,,,
8.10,0.064,0.404,0.097,-0.020
8.11,0.064,,,
8.12,0.064,0.406,0.094,-0.206
8.13,0.064,,,
8.14,0.064,0.408,0.088,-0.372
8.15,0.064,,,
8.16,0.064,0.409,0.079,-0.501
8.17,0.064,,,
8.18,0.064,0.411,0.070,-0.698
8.19,0.064,,,
8.20,0.064,0.412,0.051,-0.876
8.21,0.064,,,
8.22,0.064,0.413,0.032,-0.906
8.23,0.064,,,
8.24,0.064,0.413,0.014,-0.896
8.25,0.064,,,
8.26,0.064,0.413,-0.004,-0.894
8.27,0.064,,,
8.28,0.064,0.413,-0.022,-0.864
8.29,0.064,,,
8.30,0.064,0.412,-0.039,-0.774
8.31,0.064,,,
8.32,0.064,0.412,-0.054,-0.658
8.33,0.064,,,
8.34,0.064,0.410,-0.066,-0.515
8.35,0.064,,,
8.36,0.064,0.409,-0.073,-0.421
8.37,0.064,,,
8.38,0.064,0.407,-0.083,-0.306
8.39,0.064,,,
8.40,0.064,0.405,-0.087,-0.110
8.41,0.064,,,
8.42,0.064,0.404,-0.087,0.039
8.43,0.064,,,
8.44,0.064,0.402,-0.085,0.171
8.45,0.064,,,
8.46,0.064,0.400,-0.081,0.365
8.47,0.064,,,
8.48,0.064,0.399,-0.071,0.601
8.49,0.064,,,
8.50,0.064,0.397,-0.056,0.785
8.51,0.064,,,
8.52,0.064,0.396,-0.038,0.852
8.53,0.064,,,
8.54,0.064,0.396,-0.019,0.774
8.55,0.064,,,
8.56,0.064,0.396,-0.007,0.707
8.57,0.064,,,
8.58,0.064,0.396,0.005,0.799
8.59,0.064,,,
8.60,0.064,0.396,0.025,0.896
8.61,0.064,,,
8.62,0.064,0.397,0.046,0.764
8.63,0.064,,,
8.64,0.064,0.398,0.057,0.538
8.65,0.064,,,
8.66,0.064,0.399,0.065,0.406
8.67,0.064,,,
8.68,0.064,0.400,0.073,0.298
8.69,0.064,,,
8.70,0.064,0.402,0.077,0.218
8.71,0.064,,,
8.72,0.064,0.404,0.082,0.115
8.73,0.064,,,
8.74,0.064,0.405,0.083,-0.064
8.75,0.064,,,
8.76,0.064,0.407,0.081,-0.318
8.77,0.064,,,
8.78,0.064,0.409,0.069,-0.521
8.79,0.064,,,
8.80,0.064,0.410,0.058,-0.620
8.81,0.064,,,
8.82,0.064,0.411,0.044,-0.696
8.83,0.064,,,
8.84,0.064,0.411,0.030,-0.747
8.85,0.064,,,
8.86,0.064,0.412,0.013,-0.758
8.87,0.064,,,
8.88,0.064,0.412,-0.001,-0.738
8.89,0.064,,,
8.90,0.064,0.412,-0.015,-0.736
8.91,0.064,,,
8.92,0.064,0.411,-0.031,-0.719
8.93,0.064,,,
8.94,0.059,0.411,-0.045,-0.634
8.95,0.064,,,
8.96,0.064,0.409,-0.057,-0.495
8.97,0.064,,,
8.98,0.064,0.408,-0.066,-0.335
8.99,0.064,,,
9.00,0.064,0.407,-0.071,-0.147
9.01,0.064,,,
9.02,0.064,0.405,-0.069,-0.056
9.03,0.064,,,
9.04,0.064,0.404,-0.073,0.002
9.05,0.064,,,
9.06,0.064,0.402,-0.072,0.166
9.07,0.064,,,
9.08,0.064,0.401,-0.067,0.348
9.09,0.064,,,
9.10,0.064,0.400,-0.057,0.507
9.11,0.064,,,
9.12,0.064,0.399,-0.044,0.554
9.13,0.064,,,
9.14,0.064,0.398,-0.035,0.563
9.15,0.064,,,
9.16,0.064,0.397,-0.022,0.598
9.17,0.064,,,
9.18,0.064,0.397,-0.010,0.615
9.19,0.064,,,
9.20,0.064,0.397,0.001,0.693
9.21,0.064,,,
9.22,0.064,0.397,0.018,0.744
9.23,0.064,,,
9.24,0.064,0.398,0.033,0.686
9.25,0.064,,,
9.26,0.064,0.398,0.046,0.596
9.27,0.064,,,
9.28,0.064,0.400,0.059,0.412
9.29,0.064,,,
9.30,0.064,0.401,0.062,0.218
9.31,0.064,,,
9.32,0.064,0.402,0.066,0.105
9.33,0.064,,,
9.34,0.064,0.404,0.066,0.005
9.35,0.064,,,
9.36,0.064,0.405,0.066,-0.100
9.37,0.064,,,
9.38,0.064,0.406,0.063,-0.224
9.39,0.064,,,
9.40,0.064,0.407,0.057,-0.341
9.41,0.064,,,
9.42,0.064,0.409,0.049,-0.430
9.43,0.064,,,
9.44,0.064,0.409,0.039,-0.481
9.45,0.064,,,
9.46,0.064,0.410,0.031,-0.598
9.47,0.064,,,
9.48,0.064,0.411,0.015,-0.698
9.49,0.064,,,
9.50,0.064,0.411,0.001,-0.698
9.51,0.064,,,
9.52,0.064,0.411,-0.014,-0.665
9.53,0.064,,,
9.54,0.064,0.410,-0.026,-0.587
9.55,0.064,,,
9.56,0.064,0.410,-0.037,-0.503
9.57,0.064,,,
9.58,0.064,0.409,-0.047,-0.395
9.59,0.064,,,
9.60,0.064,0.408,-0.053,-0.289
9.61,0.064,,,
9.62,0.064,0.406,-0.058,-0.184
9.63,0.064,,,
9.64,0.064,0.405,-0.061,-0.043
9.65,0.064,,,
9.66,0.064,0.404,-0.060,0.104
9.67,0.064,,,
9.68,0.064,0.403,-0.055,0.173
9.69,0.064,,,
9.70,0.064,0.402,-0.052,0.193
9.71,0.064,,,
9.72,0.064,0.401,-0.049,0.270
9.73,0.064,,,
9.74,0.064,0.400,-0.043,0.412
9.75,0.064,,,
9.76,0.064,0.399,-0.031,0.521
9.77,0.064,,,
9.78,0.064,0.399,-0.021,0.576
9.79,0.064,,,
9.80,0.064,0.398,-0.008,0.603
9.81,0.064,,,
9.82,0.064,0.398,0.004,0.584
9.83,0.064,,,
9.84,0.064,0.398,0.015,0.548
9.85,0.064,,,
9.86,0.064,0.399,0.026,0.498
9.87,0.064,,,
9.88,0.064,0.399,0.035,0.444
9.89,0.064,,,
9.90,0.064,0.400,0.044,0.378
9.91,0.064,,,
9.92,0.064,0.401,0.050,0.308
9.93,0.064,,,
9.94,0.064,0.402,0.059,0.134
9.95,0.064,,,
9.96,0.064,0.404,0.056,-0.044
9.97,0.064,,,
9.98,0.064,0.405,0.054,-0.096
9.99,0.064,,,
10.00,0.064,0.406,0.052,-0.159
10.01,0.064,,,
10.02,0.064,0.407,0.049,-0.262
10.03,0.064,,,
10.04,0.064,0.408,0.042,-0.373
10.05,0.064,,,
10.06,0.064,0.408,0.033,-0.436
10.07,0.064,,,
10.08,0.064,0.409,0.024,-0.465
10.09,0.064,,,
10.10,0.064,0.409,0.014,-0.484
10.11,0.064,,,
10.12,0.064,0.410,0.006,-0.550
10.13,0.064,,,
10.14,0.064,0.410,-0.009,-0.590
10.15,0.064,,,
10.16,0.064,0.409,-0.020,-0.544
10.17,0.064,,,
10.18,0.064,0.409,-0.030,-0.470
10.19,0.064,,,
10.20,0.064,0.408,-0.040,-0.341
10.21,0.064,,,
10.22,0.064,0.407,-0.044,-0.223
10.23,0.064,,,
10.24,0.064,0.406,-0.047,-0.155
10.25,0.064,,,
10.26,0.064,0.405,-0.051,-0.056
10.27,0.064,,,
10.28,0.064,0.404,-0.050,0.065
10.29,0.064,,,
10.30,0.064,0.403,-0.046,0.076
10.31,0.064,,,
10.32,0.064,0.402,-0.048,0.125
10.33,0.064,,,
10.34,0.064,0.401,-0.043,0.270
10.35,0.064,,,
10.36,0.064,0.401,-0.036,0.364
10.37,0.064,,,
10.38,0.064,0.400,-0.028,0.418
10.39,0.064,,,
10.40,0.064,0.400,-0.019,0.464
10.41,0.064,,,
10.42,0.064,0.399,-0.009,0.499
10.43,0.064,,,
10.44,0.064,0.399,0.001,0.496
10.45,0.064,,,
10.46,0.064,0.399,0.011,0.482
10.47,0.064,,,
10.48,0.064,0.400,0.021,0.452
10.49,0.064,,,
10.50,0.064,0.400,0.029,0.418
10.51,0.064,,,
10.52,0.064,0.401,0.039,0.307
10.53,0.064,,,
10.54,0.064,0.402,0.042,0.166
10.55,0.064,,,
10.56,0.064,0.402,0.045,0.082
10.57,0.064,,,
10.58,0.064,0.403,0.045,0.014
10.59,0.064,,,
10.60,0.064,0.404,0.045,-0.033
10.61,0.064,,,
10.62,0.064,0.405,0.044,-0.097
10.63,0.064,,,
10.64,0.064,0.406,0.042,-0.199
10.65,0.059,,,
10.66,0.064,0.407,0.036,-0.284
10.67,0.064,,,
10.68,0.064,0.407,0.029,-0.311
10.69,0.064,,,
10.70,0.064,0.408,0.025,-0.400
10.71,0.064,,,
10.72,0.064,0.409,0.013,-0.503
10.73,0.064,,,
10.74,0.064,0.409,0.002,-0.497
10.75,0.064,,,
10.76,0.064,0.409,-0.007,-0.445
10.77,0.064,,,
10.78,0.064,0.408,-0.016,-0.365
10.79,0.064,,,
10.80,0.064,0.408,-0.020,-0.350
10.81,0.064,,,
10.82,0.064,0.408,-0.030,-0.341
10.83,0.064,,,
10.84,0.064,0.407,-0.035,-0.277
10.85,0.064,,,
10.86,0.064,0.406,-0.041,-0.208
10.87,0.064,,,
10.88,0.064,0.405,-0.044,-0.091
10.89,0.064,,,
10.90,0.064,0.404,-0.045,0.044
10.91,0.064,,,
10.92,0.064,0.403,-0.042,0.140
10.93,0.064,,,
10.94,0.064,0.403,-0.039,0.201
10.95,0.064,,,
10.96,0.064,0.402,-0.035,0.290
10.97,0.064,,,
10.98,0.064,0.401,-0.025,0.307
10.99,0.064,,,
11.00,0.064,0.401,-0.022,0.295
11.01,0.064,,,
11.02,0.064,0.400,-0.015,0.336
11.03,0.064,,,
11.04,0.064,0.400,-0.008,0.377
11.05,0.064,,,
11.06,0.064,0.400,0.001,0.393
11.07,0.064,,,
11.08,0.064,0.400,0.008,0.369
11.09,0.064,,,
11.10,0.064,0.400,0.015,0.348
11.11,0.064,,,
11.12,0.064,0.401,0.022,0.329
11.13,0.064,,,
11.14,0.064,0.401,0.029,0.285
11.15,0.064,,,
11.16,0.064,0.402,0.034,0.199
11.17,0.064,,,
11.18,0.064,0.403,0.037,0.112
11.19,0.064,,,
11.20,0.064,0.403,0.038,0.045
11.21,0.064,,,
11.22,0.064,0.404,0.039,-0.016
11.23,0.064,,,
11.24,0.064,0.405,0.037,-0.065
11.25,0.064,,,
11.26,0.064,0.406,0.036,-0.121
11.27,0.064,,,
11.28,0.064,0.406,0.035,-0.278
11.29,0.064,,,
11.30,0.064,0.407,0.024,-0.379
11.31,0.064,,,
11.32,0.064,0.407,0.017,-0.368
11.33,0.064,,,
11.34,0.064,0.408,0.010,-0.367
11.35,0.064,,,
11.36,0.064,0.408,0.002,-0.325
11.37,0.064,,,
11.38,0.064,0.408,-0.003,-0.295
11.39,0.064,,,
11.40,0.064,0.408,-0.009,-0.291
11.41,0.059,,,
11.42,0.064,0.407,-0.014,-0.341
11.43,0.064,,,
11.44,0.064,0.407,-0.024,-0.345
11.45,0.064,,,
11.46,0.064,0.406,-0.030,-0.248
11.47,0.064,,,
11.48,0.064,0.406,-0.033,-0.168
11.49,0.064,,,
11.50,0.064,0.405,-0.037,-0.067
11.51,0.064,,,
11.52,0.064,0.404,-0.036,0.032
11.53,0.064,,,
11.54,0.069,0.404,-0.034,0.069
11.55,0.064,,,
11.56,0.064,0.403,-0.033,0.105
11.57,0.064,,,
11.58,0.064,0.402,-0.031,0.169
11.59,0.064,,,
11.60,0.064,0.402,-0.027,0.243
11.61,0.064,,,
11.62,0.064,0.401,-0.021,0.311
11.63,0.064,,,
11.64,0.064,0.401,-0.014,0.340
11.65,0.064,,,
11.66,0.064,0.401,-0.007,0.351
11.67,0.064,,,
11.68,0.064,0.401,0.000,0.362
11.69,0.064,,,
11.70,0.064,0.401,0.008,0.366
11.71,0.064,,,
11.72,0.064,0.401,0.017,0.294
11.73,0.064,,,
11.74,0.064,0.401,0.019,0.214
11.75,0.064,,,
11.76,0.064,0.402,0.024,0.176
11.77,0.064,,,
11.78,0.064,0.402,0.027,0.129
11.79,0.064,,,
11.80,0.064,0.403,0.029,0.084
11.81,0.064,,,
11.82,0.064,0.404,0.030,0.036
11.83,0.064,,,
11.84,0.064,0.404,0.030,0.002
11.85,0.064,,,
11.86,0.064,0.405,0.030,-0.040
11.87,0.059,,,
11.88,0.064,0.405,0.029,-0.092
11.89,0.064,,,
11.90,0.064,0.406,0.027,-0.176
11.91,0.064,,,
11.92,0.064,0.406,0.021,-0.235
11.93,0.064,,,
11.94,0.064,0.407,0.018,-0.289
11.95,0.064,,,
11.96,0.064,0.407,0.010,-0.345
11.97,0.064,,,
11.98,0.064,0.407,0.003,-0.342
11.99,0.064,,,
12.00,0.064,0.407,-0.004,-0.327
12.01,0.064,,,
12.02,0.064,0.407,-0.010,-0.304
12.03,0.064,,,
12.04,0.064,0.407,-0.016,-0.270
12.05,0.064,,,
12.06,0.064,0.406,-0.021,-0.227
12.07,0.064,,,
12.08,0.064,0.406,-0.025,-0.174
12.09,0.064,,,
12.10,0.064,0.405,-0.029,-0.081
12.11,0.064,,,
12.12,0.064,0.405,-0.029,0.006
12.13,0.064,,,
12.14,0.064,0.404,-0.027,0.037
12.15,0.059,,,
12.16,0.064,0.404,-0.026,0.005
12.17,0.064,,,
12.18,0.064,0.403,-0.029,0.051
12.19,0.064,,,
12.20,0.064,0.402,-0.025,0.147
12.21,0.064,,,
12.22,0.064,0.402,-0.022,0.197
12.23,0.064,,,
12.24,0.064,0.402,-0.017,0.241
12.25,0.064,,,
12.26,0.064,0.402,-0.012,0.245
12.27,0.064,,,
12.28,0.064,0.401,-0.007,0.242
12.29,0.064,,,
12.30,0.064,0.401,-0.002,0.262
12.31,0.064,,,
12.32,0.064,0.401,0.003,0.291
12.33,0.064,,,
12.34,0.064,0.401,0.010,0.293
12.35,0.064,,,
12.36,0.064,0.401,0.015,0.261
12.37,0.064,,,
12.38,0.064,0.402,0.022,0.167
12.39,0.064,,,
12.40,0.064,0.402,0.022,0.081
12.41,0.064,,,
12.42,0.064,0.403,0.022,0.111
12.43,0.064,,,
12.44,0.064,0.403,0.026,0.150
12.45,0.064,,,
12.46,0.064,0.404,0.032,0.033
12.47,0.064,,,
12.48,0.064,0.405,0.028,-0.114
12.49,0.064,,,
12.50,0.064,0.405,0.025,-0.157
12.51,0.064,,,
12.52,0.064,0.406,0.023,-0.226
12.53,0.064,,,
12.54,0.064,0.406,0.015,-0.269
12.55,0.064,,,
12.56,0.064,0.406,0.009,-0.201
12.57,0.064,,,
12.58,0.064,0.406,0.009,-0.194
12.59,0.064,,,
12.60,0.064,0.407,0.003,-0.257
12.61,0.064,,,
12.62,0.064,0.406,-0.003,-0.237
12.63,0.064,,,
12.64,0.064,0.406,-0.007,-0.185
12.65,0.064,,,
12.66,0.064,0.406,-0.011,-0.144
12.67,0.064,,,
12.68,0.064,0.406,-0.011,-0.188
12.69,0.064,,,
12.70,0.064,0.406,-0.018,-0.232
12.71,0.064,,,
12.72,0.064,0.405,-0.023,-0.156
12.73,0.064,,,
12.74,0.064,0.405,-0.025,-0.056
12.75,0.064,,,
12.76,0.064,0.404,-0.025,0.025
12.77,0.064,,,
12.78,0.064,0.404,-0.022,0.015
12.79,0.064,,,
12.80,0.064,0.403,-0.024,-0.009
12.81,0.064,,,
12.82,0.064,0.403,-0.025,0.087
12.83,0.064,,,
12.84,0.064,0.402,-0.021,0.215
12.85,0.064,,,
12.86,0.064,0.402,-0.014,0.248
12.87,0.064,,,
12.88,0.064,0.402,-0.011,0.258
12.89,0.064,,,
12.90,0.064,0.402,-0.003,0.230
12.91,0.064,,,
12.92,0.064,0.402,-0.001,0.188
12.93,0.064,,,
12.94,0.064,0.401,0.003,0.227
12.95,0.064,,,
12.96,0.064,0.402,0.009,0.246
12.97,0.064,,,
12.98,0.064,0.402,0.013,0.240
12.99,0.064,,,
13.00,0.064,0.402,0.020,0.158
13.01,0.064,,,
13.02,0.064,0.403,0.020,0.037
13.03,0.064,,,
13.04,0.064,0.403,0.018,0.047
13.05,0.064,,,
13.06,0.064,0.403,0.022,0.084
13.07,0.064,,,
13.08,0.064,0.404,0.023,0.057
13.09,0.064,,,
13.10,0.064,0.404,0.024,0.012
13.11,0.064,,,
13.12,0.064,0.405,0.026,-0.121
13.13,0.064,,,
13.14,0.064,0.406,0.018,-0.218
13.15,0.064,,,
13.16,0.064,0.406,0.014,-0.199
13.17,0.064,,,
13.18,0.064,0.406,0.011,-0.200
13.19,0.064,,,
13.20,0.064,0.406,0.007,-0.239
13.21,0.064,,,
13.22,0.064,0.406,0.001,-0.250
13.23,0.064,,,
13.24,0.064,0.406,-0.005,-0.179
13.25,0.064,,,
13.26,0.064,0.406,-0.006,-0.117
13.27,0.064,,,
13.28,0.064,0.406,-0.007,-0.151
13.29,0.064,,,
13.30,0.064,0.406,-0.012,-0.176
13.31,0.064,,,
13.32,0.064,0.405,-0.016,-0.104
13.33,0.064,,,
13.34,0.064,0.405,-0.015,-0.105
13.35,0.064,,,
13.36,0.064,0.405,-0.020,-0.125
13.37,0.059,,,
13.38,0.064,0.404,-0.022,-0.060
13.39,0.064,,,
13.40,0.064,0.404,-0.023,0.010
13.41,0.064,,,
13.42,0.064,0.403,-0.021,0.077
13.43,0.064,,,
13.44,0.064,0.403,-0.019,0.126
13.45,0.064,,,
13.46,0.064,0.403,-0.017,0.195
13.47,0.064,,,
13.48,0.064,0.402,-0.009,0.166
13.49,0.064,,,
13.50,0.064,0.402,-0.010,0.134
13.51,0.064,,,
13.52,0.064,0.402,-0.006,0.186
13.53,0.064,,,
13.54,0.064,0.402,-0.001,0.192
13.55,0.064,,,
13.56,0.064,0.402,0.002,0.177
13.57,0.064,,,
13.58,0.064,0.402,0.005,0.171
13.59,0.064,,,
13.60,0.064,0.402,0.009,0.178
13.61,0.064,,,
13.62,0.064,0.403,0.013,0.167
13.63,0.064,,,
13.64,0.064,0.403,0.016,0.128
13.65,0.064,,,
13.66,0.064,0.403,0.018,0.099
13.67,0.064,,,
13.68,0.064,0.403,0.020,0.062
13.69,0.064,,,
13.70,0.064,0.404,0.022,-0.067
13.71,0.064,,,
13.72,0.064,0.404,0.016,-0.116
13.73,0.064,,,
13.74,0.064,0.405,0.015,-0.063
13.75,0.064,,,
13.76,0.064,0.405,0.015,-0.068
13.77,0.064,,,
13.78,0.064,0.405,0.013,-0.087
13.79,0.064,,,
13.80,0.064,0.406,0.012,-0.149
13.81,0.064,,,
13.82,0.064,0.406,0.007,-0.213
13.83,0.064,,,
13.84,0.064,0.406,0.001,-0.175
13.85,0.064,,,
13.86,0.064,0.406,-0.001,-0.098
13.87,0.064,,,
13.88,0.064,0.406,0.000,-0.148
13.89,0.064,,,
13.90,0.064,0.406,-0.006,-0.214
13.91,0.064,,,
13.92,0.064,0.405,-0.010,-0.188
13.93,0.064,,,
13.94,0.064,0.405,-0.014,-0.142
13.95,0.064,,,
13.96,0.064,0.405,-0.016,-0.071
13.97,0.064,,,
13.98,0.064,0.405,-0.017,-0.006
13.99,0.064,,,
14.00,0.064,0.404,-0.017,0.043
14.01,0.064,,,
14.02,0.064,0.404,-0.013,0.001
14.03,0.064,,,
14.04,0.064,0.404,-0.016,-0.049
14.05,0.064,,,
14.06,0.064,0.403,-0.019,0.083
14.07,0.064,,,
14.08,0.064,0.403,-0.012,0.186
14.09,0.064,,,
14.10,0.064,0.403,-0.007,0.088
14.11,0.064,,,
14.12,0.064,0.403,-0.011,0.058
14.13,0.064,,,
14.14,0.064,0.402,-0.007,0.132
14.15,0.064,,,
14.16,0.064,0.402,-0.004,0.162
14.17,0.064,,,
14.18,0.064,0.402,0.000,0.172
14.19,0.064,,,
14.20,0.064,0.402,0.003,0.181
14.21,0.064,,,
14.22,0.064,0.402,0.007,0.199
14.23,0.064,,,
14.24,0.064,0.403,0.011,0.194
14.25,0.064,,,
14.26,0.064,0.403,0.015,0.164
14.27,0.064,,,
14.28,0.064,0.403,0.020,0.039
14.29,0.064,,,
14.30,0.064,0.404,0.016,-0.058
14.31,0.064,,,
14.32,0.064,0.404,0.015,-0.032
14.33,0.064,,,
14.34,0.064,0.404,0.015,-0.007
14.35,0.064,,,
14.36,0.064,0.404,0.015,-0.013
14.37,0.064,,,
14.38,0.064,0.405,0.017,-0.128
14.39,0.064,,,
14.40,0.064,0.405,0.010,-0.235
14.41,0.064,,,
14.42,0.064,0.405,0.003,-0.159
14.43,0.064,,,
14.44,0.064,0.405,0.002,-0.036
14.45,0.064,,,
14.46,0.064,0.405,0.006,-0.070
14.47,0.064,,,
14.48,0.064,0.406,0.001,-0.178
14.49,0.064,,,
14.50,0.064,0.405,-0.005,-0.144
14.51,0.064,,,
14.52,0.064,0.405,-0.006,-0.058
14.53,0.064,,,
14.54,0.064,0.405,-0.005,-0.072
14.55,0.064,,,
14.56,0.064,0.405,-0.007,-0.160
14.57,0.064,,,
14.58,0.064,0.405,-0.014,-0.144
14.59,0.064,,,
14.60,0.069,0.404,-0.014,-0.057
14.61,0.064,,,
14.62,0.064,0.404,-0.015,-0.025
14.63,0.064,,,
14.64,0.064,0.404,-0.015,0.004
14.65,0.064,,,
14.66,0.064,0.404,-0.015,0.058
14.67,0.059,,,
14.68,0.064,0.403,-0.013,0.112
14.69,0.064,,,
14.70,0.064,0.403,-0.010,0.119
14.71,0.064,,,
14.72,0.064,0.403,-0.008,0.126
14.73,0.064,,,
14.74,0.064,0.403,-0.003,0.075
14.75,0.064,,,
14.76,0.064,0.403,-0.005,0.019
14.77,0.064,,,
14.78,0.064,0.403,-0.006,0.126
14.79,0.064,,,
14.80,0.064,0.402,0.000,0.239
14.81,0.064,,,
14.82,0.064,0.403,0.008,0.170
14.83,0.064,,,
14.84,0.064,0.403,0.007,0.081
14.85,0.064,,,
14.86,0.064,0.403,0.009,0.081
14.87,0.064,,,
14.88,0.069,0.403,0.011,0.064
14.89,0.064,,,
14.90,0.064,0.403,0.012,0.032
14.91,0.064,,,
14.92,0.064,0.404,0.012,0.003
14.93,0.064,,,
14.94,0.064,0.404,0.012,-0.019
14.95,0.064,,,
14.96,0.064,0.404,0.011,-0.023
14.97,0.064,,,
14.98,0.064,0.404,0.011,-0.021
14.99,0.064,,,
15.00,0.064,0.405,0.010,-0.017
15.01,0.064,,,
15.02,0.064,0.405,0.010,-0.004
15.03,0.064,,,
15.04,0.064,0.405,0.012,-0.089
15.05,0.064,,,
15.06,0.064,0.405,0.006,-0.157
15.07,0.064,,,
15.08,0.064,0.405,0.003,-0.112
15.09,0.064,,,
15.10,0.064,0.405,0.003,-0.142
15.11,0.064,,,
15.12,0.064,0.405,-0.002,-0.197
15.13,0.064,,,
15.14,0.064,0.405,-0.007,-0.152
15.15,0.064,,,
15.16,0.064,0.405,-0.008,-0.091
15.17,0.064,,,
15.18,0.064,0.405,-0.010,-0.066
15.19,0.064,,,
15.20,0.064,0.405,-0.011,-0.031
15.21,0.064,,,
15.22,0.064,0.405,-0.011,0.006
15.23,0.064,,,
15.24,0.064,0.404,-0.011,0.052
15.25,0.064,,,
15.26,0.064,0.404,-0.007,0.009
15.27,0.064,,,
15.28,0.064,0.404,-0.010,-0.049
15.29,0.064,,,
15.30,0.064,0.404,-0.011,-0.010
15.31,0.064,,,
15.32,0.064,0.403,-0.011,0.047
15.33,0.064,,,
15.34,0.064,0.403,-0.009,0.087
15.35,0.064,,,
15.36,0.064,0.403,-0.007,0.084
15.37,0.064,,,
15.38,0.064,0.403,-0.007,0.127
15.39,0.064,,,
15.40,0.064,0.403,-0.002,0.185
15.41,0.064,,,
15.42,0.064,0.403,0.002,0.164
15.43,0.064,,,
15.44,0.064,0.403,0.005,0.114
15.45,0.064,,,
15.46,0.064,0.403,0.006,0.088
15.47,0.064,,,
15.48,0.064,0.403,0.009,0.043
15.49,0.064,,,
15.50,0.064,0.403,0.008,0.016
15.51,0.064,,,
15.52,0.064,0.403,0.009,0.026
15.53,0.064,,,
15.54,0.064,0.404,0.009,0.018
15.55,0.064,,,
15.56,0.064,0.404,0.009,0.030
15.57,0.069,,,
15.58,0.064,0.404,0.010,0.042
15.59,0.064,,,
15.60,0.064,0.404,0.011,0.038
15.61,0.064,,,
15.62,0.064,0.405,0.014,-0.064
15.63,0.064,,,
15.64,0.064,0.405,0.008,-0.159
15.65,0.064,,,
15.66,0.064,0.405,0.005,-0.136
15.67,0.064,,,
15.68,0.064,0.405,0.003,-0.099
15.69,0.064,,,
15.70,0.064,0.405,0.001,-0.068
15.71,0.064,,,
15.72,0.064,0.405,0.000,-0.050
15.73,0.064,,,
15.74,0.064,0.405,-0.001,-0.022
15.75,0.064,,,
15.76,0.064,0.405,0.001,-0.079
15.77,0.064,,,
15.78,0.064,0.405,-0.004,-0.158
15.79,0.064,,,
15.80,0.064,0.405,-0.007,-0.137
15.81,0.064,,,
15.82,0.064,0.405,-0.009,-0.100
15.83,0.064,,,
15.84,0.064,0.404,-0.011,-0.060
15.85,0.064,,,
15.86,0.064,0.404,-0.012,-0.022
15.87,0.064,,,
15.88,0.064,0.404,-0.013,0.054
15.89,0.064,,,
15.90,0.064,0.404,-0.010,0.128
15.91,0.064,,,
15.92,0.064,0.404,-0.006,0.113
15.93,0.064,,,
15.94,0.064,0.404,-0.003,0.005
15.95,0.064,,,
15.96,0.064,0.404,-0.007,-0.028
15.97,0.064,,,
15.98,0.064,0.403,-0.006,0.035
15.99,0.064,,,
16.00,0.064,0.403,-0.005,0.071
16.01,0.064,,,
16.02,0.064,0.403,-0.003,0.086
16.03,0.064,,,
16.04,0.064,0.403,-0.001,0.063
16.05,0.064,,,
16.06,0.064,0.403,-0.002,0.113
16.07,0.064,,,
16.08,0.064,0.403,0.003,0.190
16.09,0.064,,,
16.10,0.064,0.403,0.009,0.111
16.11,0.064,,,
16.12,0.064,0.403,0.007,0.021
16.13,0.064,,,
16.14,0.064,0.403,0.007,0.036
16.15,0.064,,,
16.16,0.064,0.404,0.009,0.067
16.17,0.064,,,
16.18,0.069,0.404,0.010,0.076
16.19,0.064,,,
16.20,0.064,0.404,0.014,-0.009
16.21,0.064,,,
16.22,0.064,0.404,0.010,-0.097
16.23,0.064,,,
16.24,0.064,0.404,0.008,-0.105
16.25,0.064,,,
16.26,0.064,0.405,0.006,-0.096
16.27,0.064,,,
16.28,0.064,0.405,0.004,-0.076
16.29,0.064,,,
16.30,0.064,0.405,0.003,-0.076
16.31,0.064,,,
16.32,0.064,0.405,0.001,-0.085
16.33,0.064,,,
16.34,0.064,0.405,-0.001,-0.083
16.35,0.064,,,
16.36,0.064,0.405,-0.002,-0.080
16.37,0.064,,,
16.38,0.059,0.405,-0.004,-0.074
16.39,0.064,,,
16.40,0.064,0.405,-0.006,-0.011
16.41,0.064,,,
16.42,0.064,0.404,-0.002,-0.047
16.43,0.064,,,
16.44,0.064,0.405,-0.007,-0.132
16.45,0.064,,,
16.46,0.064,0.404,-0.012,-0.023
16.47,0.064,,,
16.48,0.064,0.404,-0.008,0.093
16.49,0.064,,,
16.50,0.064,0.404,-0.004,0.048
16.51,0.064,,,
16.52,0.064,0.404,-0.006,-0.025
16.53,0.064,,,
16.54,0.064,0.404,-0.007,-0.013
16.55,0.064,,,
16.56,0.064,0.404,-0.007,0.052
16.57,0.064,,,
16.58,0.064,0.403,-0.005,0.097
16.59,0.064,,,
16.60,0.064,0.403,-0.001,0.023
16.61,0.064,,,
16.62,0.064,0.403,-0.004,-0.046
16.63,0.064,,,
16.64,0.064,0.403,-0.006,0.040
16.65,0.064,,,
16.66,0.064,0.403,-0.002,0.139
16.67,0.064,,,
16.68,0.064,0.403,0.001,0.160
16.69,0.064,,,
16.70,0.064,0.403,0.004,0.146
16.71,0.064,,,
16.72,0.064,0.403,0.009,0.043
16.73,0.064,,,
16.74,0.064,0.404,0.005,-0.019
16.75,0.064,,,
16.76,0.064,0.403,0.006,0.027
16.77,0.064,,,
16.78,0.064,0.404,0.007,0.042
16.79,0.064,,,
16.80,0.064,0.404,0.009,0.003
16.81,0.064,,,
16.82,0.064,0.404,0.007,-0.032
16.83,0.064,,,
16.84,0.064,0.404,0.006,-0.029
16.85,0.064,,,
16.86,0.064,0.404,0.006,-0.020
16.87,0.064,,,
16.88,0.064,0.404,0.005,0.013
16.89,0.064,,,
16.90,0.064,0.405,0.008,-0.011
16.91,0.064,,,
16.92,0.064,0.405,0.005,-0.067
16.93,0.064,,,
16.94,0.064,0.405,0.004,-0.097
16.95,0.064,,,
16.96,0.064,0.405,0.001,-0.108
16.97,0.064,,,
16.98,0.064,0.405,0.000,-0.088
16.99,0.064,,,
17.00,0.064,0.405,-0.002,-0.080
17.01,0.064,,,
17.02,0.064,0.405,-0.004,-0.073
17.03,0.064,,,
17.04,0.064,0.405,-0.005,-0.059
17.05,0.064,,,
17.06,0.064,0.404,-0.006,-0.026
17.07,0.064,,,
17.08,0.064,0.404,-0.006,0.007
17.09,0.064,,,
17.10,0.064,0.404,-0.006,0.045
17.11,0.064,,,
17.12,0.064,0.404,-0.003,0.011
17.13,0.064,,,
17.14,0.064,0.404,-0.006,-0.028
17.15,0.064,,,
17.16,0.064,0.404,-0.006,-0.003
17.17,0.064,,,
17.18,0.064,0.404,-0.005,0.001
17.19,0.069,,,
17.20,0.064,0.404,-0.006,0.010
17.21,0.064,,,
17.22,0.064,0.404,-0.005,0.023
17.23,0.064,,,
17.24,0.064,0.403,-0.004,0.031
17.25,0.064,,,
17.26,0.064,0.404,-0.004,0.060
17.27,0.064,,,
17.28,0.064,0.403,-0.003,0.129
17.29,0.064,,,
17.30,0.064,0.403,0.002,0.156
17.31,0.064,,,
17.32,0.064,0.403,0.006,0.072
17.33,0.064,,,
17.34,0.064,0.404,0.004,0.000
17.35,0.064,,,
17.36,0.064,0.404,0.004,0.004
17.37,0.064,,,
17.38,0.064,0.404,0.004,0.037
17.39,0.064,,,
17.40,0.064,0.404,0.004,0.102
17.41,0.064,,,
17.42,0.064,0.404,0.010,0.066
17.43,0.064,,,
17.44,0.064,0.404,0.009,-0.044
17.45,0.064,,,
17.46,0.064,0.404,0.007,-0.082
17.47,0.064,,,
17.48,0.064,0.405,0.004,-0.068
17.49,0.064,,,
17.50,0.064,0.404,0.004,-0.034
17.51,0.064,,,
17.52,0.064,0.405,0.004,-0.022
17.53,0.064,,,
17.54,0.064,0.405,0.002,0.026
17.55,0.064,,,
17.56,0.064,0.405,0.006,-0.006
17.57,0.064,,,
17.58,0.064,0.405,0.003,-0.110
17.59,0.064,,,
17.60,0.064,0.405,0.000,-0.130
17.61,0.064,,,
17.62,0.064,0.405,-0.003,-0.086
17.63,0.064,,,
17.64,0.064,0.405,-0.003,-0.043
17.65,0.064,,,
17.66,0.064,0.405,-0.003,-0.062
17.67,0.064,,,
17.68,0.064,0.405,-0.006,-0.063
17.69,0.064,,,
17.70,0.064,0.405,-0.007,-0.025
17.71,0.064,,,
17.72,0.064,0.404,-0.007,0.001
17.73,0.064,,,
17.74,0.064,0.404,-0.007,0.013
17.75,0.064,,,
17.76,0.064,0.404,-0.006,0.024
17.77,0.064,,,
17.78,0.064,0.404,-0.005,0.019
17.79,0.064,,,
17.80,0.064,0.404,-0.005,0.020
17.81,0.064,,,
17.82,0.064,0.404,-0.006,0.067
17.83,0.064,,,
17.84,0.064,0.403,-0.003,0.132
17.85,0.064,,,
17.86,0.064,0.404,0.002,0.085
17.87,0.064,,,
17.88,0.064,0.404,0.001,0.004
17.89,0.064,,,
17.90,0.064,0.404,0.000,0.019
17.91,0.064,,,
17.92,0.064,0.404,0.002,0.013
17.93,0.064,,,
17.94,0.064,0.404,0.001,0.004
17.95,0.064,,,
17.96,0.064,0.404,0.002,0.010
17.97,0.064,,,
17.98,0.064,0.404,0.000,0.067
17.99,0.064,,,
18.00,0.064,0.404,0.005,0.097
18.01,0.064,,,
18.02,0.064,0.404,0.007,0.015
18.03,0.064,,,
18.04,0.064,0.404,0.005,-0.031
18.05,0.064,,,
18.06,0.064,0.404,0.004,-0.022
18.07,0.064,,,
18.08,0.064,0.404,0.004,-0.025
18.09,0.064,,,
18.10,0.064,0.404,0.003,-0.017
18.11,0.064,,,
18.12,0.064,0.404,0.003,0.004
18.13,0.064,,,
18.14,0.064,0.404,0.004,-0.004
18.15,0.064,,,
18.16,0.064,0.404,0.003,-0.029
18.17,0.064,,,
18.18,0.064,0.405,0.002,-0.035
18.19,0.064,,,
18.20,0.064,0.404,0.001,0.008
18.21,0.064,,,
18.22,0.064,0.405,0.004,-0.033
18.23,0.064,,,
18.24,0.064,0.405,0.000,-0.115
18.25,0.064,,,
18.26,0.064,0.405,-0.002,-0.102
18.27,0.064,,,
18.28,0.064,0.405,-0.004,-0.058
18.29,0.064,,,
18.30,0.064,0.404,-0.004,-0.028
18.31,0.064,,,
18.32,0.064,0.405,-0.005,-0.021
18.33,0.064,,,
18.34,0.064,0.404,-0.005,-0.002
18.35,0.064,,,
18.36,0.064,0.404,-0.005,0.029
18.37,0.064,,,
18.38,0.064,0.404,-0.004,0.060
18.39,0.064,,,
18.40,0.064,0.404,0.000,-0.012
18.41,0.064,,,
18.42,0.064,0.404,-0.005,-0.077
18.43,0.064,,,
18.44,0.064,0.404,-0.008,0.045
18.45,0.064,,,
18.46,0.064,0.404,-0.003,0.149
18.47,0.064,,,
18.48,0.064,0.404,0.003,0.065
18.49,0.064,,,
18.50,0.064,0.404,-0.001,-0.003
18.51,0.064,,,
18.52,0.064,0.404,0.000,0.044
18.53,0.064,,,
18.54,0.064,0.404,0.002,0.044
18.55,0.064,,,
18.56,0.064,0.404,0.001,0.045
18.57,0.064,,,
18.58,0.064,0.404,0.004,0.038
18.59,0.064,,,
18.60,0.064,0.404,0.004,0.007
18.61,0.064,,,
18.62,0.064,0.404,0.004,0.009
18.63,0.064,,,
18.64,0.064,0.404,0.004,0.001
18.65,0.064,,,
18.66,0.064,0.404,0.004,0.000
18.67,0.064,,,
18.68,0.064,0.404,0.004,-0.009
18.69,0.064,,,
18.70,0.064,0.404,0.004,-0.048
18.71,0.064,,,
18.72,0.064,0.405,0.001,-0.036
18.73,0.064,,,
18.74,0.064,0.404,0.002,0.011
18.75,0.064,,,
18.76,0.064,0.405,0.003,0.001
18.77,0.064,,,
18.78,0.064,0.404,0.002,-0.043
18.79,0.064,,,
18.80,0.064,0.405,0.001,-0.070
18.81,0.064,,,
18.82,0.064,0.404,-0.001,-0.058
18.83,0.064,,,
18.84,0.064,0.405,-0.002,-0.025
18.85,0.064,,,
18.86,0.064,0.404,-0.002,-0.005
18.87,0.064,,,
18.88,0.064,0.405,-0.002,-0.007
18.89,0.064,,,
18.90,0.064,0.404,-0.003,0.017
18.91,0.064,,,
18.92,0.064,0.404,0.000,-0.013
18.93,0.064,,,
18.94,0.064,0.404,-0.003,-0.047
18.95,0.064,,,
18.96,0.064,0.404,-0.003,-0.025
18.97,0.064,,,
18.98,0.064,0.404,-0.003,-0.030
18.99,0.064,,,
19.00,0.064,0.404,-0.004,-0.025
19.01,0.064,,,
19.02,0.064,0.404,-0.005,-0.001
19.03,0.064,,,
19.04,0.064,0.404,-0.005,0.054
19.05,0.064,,,
19.06,0.064,0.404,0.000,0.011
19.07,0.064,,,
19.08,0.064,0.404,-0.004,-0.036
19.09,0.064,,,
19.10,0.064,0.404,-0.006,0.086
19.11,0.064,,,
19.12,0.064,0.404,0.000,0.158
19.13,0.064,,,
19.14,0.064,0.404,0.004,0.058
19.15,0.064,,,
19.16,0.064,0.404,0.002,-0.023
19.17,0.064,,,
19.18,0.064,0.404,0.001,-0.016
19.19,0.064,,,
19.20,0.064,0.404,0.001,-0.003
19.21,0.064,,,
19.22,0.064,0.404,0.001,0.015
19.23,0.064,,,
19.24,0.064,0.404,0.002,0.024
19.25,0.064,,,
19.26,0.064,0.404,0.002,0.036
19.27,0.064,,,
19.28,0.064,0.404,0.003,0.052
19.29,0.064,,,
19.30,0.064,0.404,0.004,0.076
19.31,0.064,,,
19.32,0.064,0.404,0.008,0.008
19.33,0.064,,,
19.34,0.064,0.404,0.004,-0.071
19.35,0.064,,,
19.36,0.064,0.404,0.004,-0.068
19.37,0.064,,,
19.38,0.064,0.405,0.002,-0.071
19.39,0.064,,,
19.40,0.064,0.404,0.000,-0.054
19.41,0.064,,,
19.42,0.064,0.405,0.000,-0.023
19.43,0.064,,,
19.44,0.064,0.404,0.000,0.000
19.45,0.064,,,
19.46,0.064,0.405,0.000,-0.001
19.47,0.064,,,
19.48,0.064,0.404,0.000,-0.024
19.49,0.064,,,
19.50,0.064,0.405,-0.001,-0.045
19.51,0.064,,,
19.52,0.064,0.404,-0.003,-0.011
19.53,0.064,,,
19.54,0.064,0.404,0.000,-0.045
19.55,0.064,,,
19.56,0.064,0.405,-0.004,-0.096
19.57,0.064,,,
19.58,0.064,0.404,-0.008,0.014
19.59,0.064,,,
19.60,0.064,0.404,-0.003,0.101
19.61,0.064,,,
19.62,0.064,0.404,0.001,0.024
19.63,0.064,,,
19.64,0.064,0.404,-0.003,-0.027
19.65,0.064,,,
19.66,0.064,0.404,-0.003,0.006
19.67,0.064,,,
19.68,0.064,0.404,-0.002,0.016
19.69,0.064,,,
19.70,0.064,0.404,-0.002,0.022
19.71,0.064,,,
19.72,0.064,0.404,0.000,-0.016
19.73,0.064,,,
19.74,0.064,0.404,-0.003,-0.028
19.75,0.064,,,
19.76,0.064,0.404,-0.004,0.068
19.77,0.064,,,
19.78,0.064,0.404,0.000,0.137
19.79,0.064,,,
19.80,0.064,0.404,0.005,0.058
19.81,0.064,,,
19.82,0.064,0.404,0.002,-0.009
19.83,0.064,,,
19.84,0.064,0.404,0.003,0.002
19.85,0.064,,,
19.86,0.064,0.404,0.003,-0.008
19.87,0.064,,,
19.88,0.064,0.404,0.002,-0.012
19.89,0.064,,,
19.90,0.064,0.404,0.002,-0.011
19.91,0.064,,,
19.92,0.064,0.404,0.002,-0.003
19.93,0.064,,,
19.94,0.064,0.404,0.002,0.023
19.95,0.064,,,
19.96,0.064,0.404,0.003,0.059
19.97,0.064,,,
19.98,0.064,0.404,0.006,-0.011
19.99,0.064,,,
20.00,0.064,0.405,0.002,-0.072
20.01,0.064,,,
20.02,0.064,0.404,0.001,-0.038
20.03,0.064,,,
20.04,0.064,0.405,0.001,-0.022
20.05,0.064,,,
20.06,0.064,0.404,0.001,-0.022
20.07,0.064,,,
20.08,0.064,0.405,0.000,-0.037
20.09,0.064,,,
20.10,0.064,0.404,-0.001,-0.057
20.11,0.064,,,
20.12,0.064,0.405,-0.002,-0.067
20.13,0.064,,,
20.14,0.064,0.404,-0.004,-0.053
20.15,0.064,,,
20.16,0.064,0.404,-0.004,-0.033
20.17,0.064,,,
20.18,0.064,0.404,-0.006,0.038
20.19,0.064,,,
20.20,0.064,0.404,-0.002,0.064
20.21,0.064,,,
20.22,0.064,0.404,-0.001,-0.027
20.23,0.064,,,
20.24,0.064,0.404,-0.005,-0.045
20.25,0.064,,,
20.26,0.064,0.404,-0.005,0.021
20.27,0.064,,,
20.28,0.064,0.404,-0.003,0.066
20.29,0.064,,,
20.30,0.064,0.404,-0.002,0.092
20.31,0.064,,,
20.32,0.064,0.404,0.002,0.046
20.33,0.064,,,
20.34,0.064,0.404,0.000,0.021
20.35,0.064,,,
20.36,0.064,0.404,0.002,0.038
20.37,0.064,,,
20.38,0.064,0.404,0.004,-0.042
20.39,0.064,,,
20.40,0.064,0.404,-0.001,-0.060
20.41,0.064,,,
20.42,0.064,0.404,-0.001,-0.001
20.43,0.064,,,
20.44,0.064,0.404,0.000,0.019
20.45,0.064,,,
20.46,0.064,0.404,0.000,0.029
20.47,0.064,,,
20.48,0.064,0.404,0.001,0.032
20.49,0.064,,,
20.50,0.064,0.404,0.002,0.022
20.51,0.064,,,
20.52,0.064,0.404,0.002,0.002
20.53,0.064,,,
20.54,0.064,0.404,0.002,-0.003
20.55,0.064,,,
20.56,0.064,0.404,0.002,-0.006
20.57,0.064,,,
20.58,0.064,0.404,0.002,-0.011
20.59,0.064,,,
20.60,0.064,0.404,0.001,-0.005
20.61,0.064,,,
20.62,0.064,0.404,0.000,0.052
20.63,0.064,,,
20.64,0.064,0.404,0.004,0.058
20.65,0.064,,,
20.66,0.064,0.404,0.005,-0.053
20.67,0.064,,,
20.68,0.064,0.404,0.000,-0.088
20.69,0.064,,,
20.70,0.064,0.404,0.000,-0.052
20.71,0.064,,,
20.72,0.064,0.404,-0.001,-0.041
20.73,0.064,,,
20.74,0.064,0.404,-0.002,-0.016
20.75,0.064,,,
20.76,0.064,0.404,-0.001,-0.004
20.77,0.064,,,
20.78,0.064,0.404,-0.002,-0.015
20.79,0.064,,,
20.80,0.059,0.404,-0.002,-0.018
20.81,0.064,,,
20.82,0.064,0.404,-0.002,-0.011
20.83,0.064,,,
20.84,0.064,0.404,-0.003,0.015
20.85,0.064,,,
20.86,0.064,0.404,-0.003,0.076
20.87,0.064,,,
20.88,0.064,0.404,0.002,0.047
20.89,0.064,,,
20.90,0.064,0.404,0.001,-0.059
20.91,0.064,,,
20.92,0.064,0.404,-0.002,-0.076
20.93,0.064,,,
20.94,0.064,0.404,-0.005,0.012
20.95,0.064,,,
20.96,0.064,0.404,-0.002,0.113
20.97,0.064,,,
20.98,0.064,0.404,0.003,0.061
20.99,0.064,,,
21.00,0.064,0.404,0.001,-0.029
21.01,0.064,,,
21.02,0.064,0.404,0.000,-0.031
21.03,0.064,,,
21.04,0.064,0.404,-0.001,0.004
21.05,0.064,,,
21.06,0.064,0.404,0.001,0.026
21.07,0.064,,,
21.08,0.064,0.404,0.001,0.013
21.09,0.064,,,
21.10,0.064,0.404,0.001,0.017
21.11,0.064,,,
21.12,0.064,0.404,0.002,0.022
21.13,0.064,,,
21.14,0.064,0.404,0.002,0.001
21.15,0.064,,,
21.16,0.064,0.404,0.002,-0.015
21.17,0.064,,,
21.18,0.064,0.404,0.001,-0.005
21.19,0.064,,,
21.20,0.064,0.404,0.001,0.024
21.21,0.064,,,
21.22,0.064,0.404,0.001,0.067
21.23,0.064,,,
21.24,0.064,0.404,0.006,0.021
21.25,0.064,,,
21.26,0.064,0.404,0.003,-0.067
21.27,0.064,,,
21.28,0.064,0.404,0.001,-0.071
21.29,0.064,,,
21.30,0.064,0.405,0.000,-0.042
21.31,0.064,,,
21.32,0.064,0.404,0.000,-0.023
21.33,0.064,,,
21.34,0.059,0.405,0.000,-0.039
21.35,0.064,,,
21.36,0.064,0.404,-0.002,-0.049
21.37,0.064,,,
21.38,0.064,0.404,-0.003,-0.012
21.39,0.064,,,
21.40,0.064,0.404,-0.004,0.087
21.41,0.064,,,
21.42,0.064,0.404,0.003,0.061
21.43,0.064,,,
21.44,0.064,0.404,0.001,-0.056
21.45,0.064,,,
21.46,0.064,0.404,-0.003,-0.035
21.47,0.064,,,
21.48,0.064,0.404,-0.002,0.029
21.49,0.064,,,
21.50,0.064,0.404,0.000,0.017
21.51,0.064,,,
21.52,0.064,0.404,0.000,-0.020
21.53,0.064,,,
21.54,0.064,0.404,-0.001,-0.035
21.55,0.064,,,
21.56,0.064,0.404,-0.002,-0.031
21.57,0.064,,,
21.58,0.064,0.404,-0.003,-0.004
21.59,0.064,,,
21.60,0.064,0.404,-0.003,0.035
21.61,0.064,,,
21.62,0.064,0.404,-0.001,0.056
21.63,0.064,,,
21.64,0.064,0.404,0.000,0.040
21.65,0.064,,,
21.66,0.064,0.404,0.000,0.037
21.67,0.064,,,
21.68,0.064,0.404,0.003,0.006
21.69,0.064,,,
21.70,0.064,0.404,0.000,0.015
21.71,0.064,,,
21.72,0.064,0.404,0.003,0.043
21.73,0.064,,,
21.74,0.064,0.404,0.003,-0.010
21.75,0.064,,,
21.76,0.064,0.404,0.002,-0.039
21.77,0.064,,,
21.78,0.064,0.404,0.001,-0.037
21.79,0.064,,,
21.80,0.064,0.404,0.000,-0.034
21.81,0.064,,,
21.82,0.064,0.404,-0.001,-0.018
21.83,0.064,,,
21.84,0.064,0.404,-0.001,0.008
21.85,0.064,,,
21.86,0.064,0.404,0.000,0.013
21.87,0.064,,,
21.88,0.064,0.404,0.000,0.023
21.89,0.064,,,
21.90,0.064,0.404,0.001,0.044
21.91,0.064,,,
21.92,0.064,0.404,0.002,0.044
21.93,0.064,,,
21.94,0.064,0.404,0.005,-0.061
21.95,0.064,,,
21.96,0.064,0.405,-0.001,-0.138
21.97,0.064,,,
21.98,0.064,0.404,-0.005,-0.030
21.99,0.064,,,
22.00,0.064,0.404,-0.002,0.065
22.01,0.064,,,
22.02,0.064,0.404,0.001,0.024
22.03,0.064,,,
22.04,0.064,0.404,-0.001,-0.026
22.05,0.064,,,
22.06,0.064,0.404,-0.002,-0.005
22.07,0.064,,,
22.08,0.064,0.404,-0.001,0.023
22.09,0.064,,,
22.10,0.064,0.404,0.000,0.025
22.11,0.064,,,
22.12,0.064,0.404,0.001,-0.023
22.13,0.064,,,
22.14,0.064,0.404,-0.002,-0.047
22.15,0.064,,,
22.16,0.064,0.404,-0.002,-0.008
22.17,0.064,,,
22.18,0.064,0.404,-0.002,0.041
22.19,0.064,,,
22.20,0.064,0.404,0.001,0.033
22.21,0.064,,,
22.22,0.064,0.404,0.000,-0.007
22.23,0.064,,,
22.24,0.064,0.404,0.000,-0.019
22.25,0.064,,,
22.26,0.064,0.404,-0.002,0.000
22.27,0.064,,,
22.28,0.064,0.404,-0.001,0.067
22.29,0.064,,,
22.30,0.064,0.404,0.001,0.106
22.31,0.064,,,
22.32,0.064,0.404,0.005,0.064
22.33,0.064,,,
22.34,0.064,0.404,0.006,-0.069
22.35,0.064,,,
22.36,0.064,0.404,0.000,-0.103
22.37,0.064,,,
22.38,0.064,0.404,0.000,-0.030
22.39,0.064,,,
22.40,0.064,0.404,-0.001,0.020
22.41,0.064,,,
22.42,0.064,0.404,0.000,0.073
22.43,0.064,,,
22.44,0.064,0.404,0.005,0.014
22.45,0.064,,,
22.46,0.064,0.404,0.002,-0.091
22.47,0.064,,,
22.48,0.064,0.404,-0.002,-0.066
22.49,0.064,,,
22.50,0.064,0.404,-0.001,-0.009
22.51,0.064,,,
22.52,0.064,0.404,-0.001,0.011
22.53,0.064,,,
22.54,0.064,0.404,-0.001,0.017
22.55,0.064,,,
22.56,0.064,0.404,-0.001,0.007
22.57,0.064,,,
22.58,0.064,0.404,-0.001,0.008
22.59,0.064,,,
22.60,0.064,0.404,0.000,0.012
22.61,0.064,,,
22.62,0.064,0.404,0.000,0.017
22.63,0.064,,,
22.64,0.064,0.404,0.002,-0.027
22.65,0.064,,,
22.66,0.064,0.404,-0.002,-0.022
22.67,0.064,,,
22.68,0.064,0.404,-0.001,0.057
22.69,0.064,,,
22.70,0.064,0.404,0.003,0.020
22.71,0.064,,,
22.72,0.064,0.404,0.000,-0.039
22.73,0.064,,,
22.74,0.064,0.404,0.000,-0.050
22.75,0.064,,,
22.76,0.064,0.404,-0.002,-0.051
22.77,0.064,,,
22.78,0.064,0.404,-0.003,-0.023
22.79,0.064,,,
22.80,0.064,0.404,-0.003,0.002
22.81,0.064,,,
22.82,0.064,0.404,-0.003,0.030
22.83,0.064,,,
22.84,0.064,0.404,-0.001,0.040
22.85,0.064,,,
22.86,0.064,0.404,0.000,0.022
22.87,0.064,,,
22.88,0.064,0.404,-0.001,0.015
22.89,0.064,,,
22.90,0.064,0.404,0.000,0.033
22.91,0.064,,,
22.92,0.064,0.404,0.002,0.001
22.93,0.064,,,
22.94,0.064,0.404,-0.001,-0.008
22.95,0.064,,,
22.96,0.064,0.404,0.000,0.042
22.97,0.064,,,
22.98,0.064,0.404,0.002,0.051
22.99,0.064,,,
23.00,0.064,0.404,0.002,0.061
23.01,0.064,,,
23.02,0.069,0.404,0.006,-0.006
23.03,0.064,,,
23.04,0.064,0.404,0.002,-0.078
23.05,0.064,,,
23.06,0.064,0.404,0.000,-0.049
23.07,0.064,,,
23.08,0.064,0.404,0.000,-0.019
23.09,0.064,,,
23.10,0.064,0.404,0.000,-0.014
23.11,0.064,,,
23.12,0.064,0.404,0.000,-0.009
23.13,0.064,,,
23.14,0.064,0.404,0.000,0.001
23.15,0.064,,,
23.16,0.064,0.404,0.000,0.002
23.17,0.064,,,
23.18,0.064,0.404,-0.001,0.027
23.19,0.064,,,
23.20,0.064,0.404,0.002,-0.002
23.21,0.064,,,
23.22,0.064,0.404,0.000,-0.064
23.23,0.064,,,
23.24,0.064,0.404,-0.002,-0.040
23.25,0.064,,,
23.26,0.064,0.404,-0.002,-0.003
23.27,0.064,,,
23.28,0.064,0.404,-0.002,0.028
23.29,0.064,,,
23.30,0.064,0.404,-0.001,0.069
23.31,0.064,,,
23.32,0.064,0.404,0.003,0.002
23.33,0.064,,,
23.34,0.064,0.404,-0.001,-0.060
23.35,0.064,,,
23.36,0.064,0.404,-0.002,-0.019
23.37,0.064,,,
23.38,0.064,0.404,-0.001,0.009
23.39,0.064,,,
23.40,0.064,0.404,-0.001,-0.004
23.41,0.064,,,
23.42,0.064,0.404,-0.001,-0.025
23.43,0.064,,,
23.44,0.064,0.404,-0.003,0.001
23.45,0.064,,,
23.46,0.064,0.404,-0.002,0.044
23.47,0.064,,,
23.48,0.064,0.404,-0.001,0.076
23.49,0.064,,,
23.50,0.064,0.404,0.003,0.037
23.51,0.064,,,
23.52,0.064,0.404,0.001,-0.008
23.53,0.064,,,
23.54,0.064,0.404,0.001,-0.010
23.55,0.064,,,
23.56,0.064,0.404,0.001,-0.024
23.57,0.064,,,
23.58,0.064,0.404,0.001,-0.041
23.59,0.064,,,
23.60,0.064,0.404,-0.001,-0.051
23.61,0.064,,,
23.62,0.064,0.404,-0.003,0.026
23.63,0.064,,,
23.64,0.064,0.404,0.000,0.099
23.65,0.064,,,
23.66,0.064,0.404,0.004,0.043
23.67,0.064,,,
23.68,0.064,0.404,0.001,-0.004
23.69,0.064,,,
23.70,0.064,0.404,0.001,0.037
23.71,0.064,,,
23.72,0.064,0.404,0.005,-0.009
23.73,0.069,,,
23.74,0.064,0.404,0.002,-0.078
23.75,0.064,,,
23.76,0.064,0.404,0.000,-0.053
23.77,0.064,,,
23.78,0.064,0.404,-0.001,-0.012
23.79,0.064,,,
23.80,0.064,0.404,0.000,0.003
23.81,0.064,,,
23.82,0.059,0.404,-0.001,0.018
23.83,0.064,,,
23.84,0.064,0.404,0.000,0.041
23.85,0.064,,,
23.86,0.064,0.404,0.003,-0.042
23.87,0.064,,,
23.88,0.064,0.404,-0.001,-0.111
23.89,0.064,,,
23.90,0.064,0.404,-0.005,-0.007
23.91,0.064,,,
23.92,0.064,0.404,-0.002,0.107
23.93,0.064,,,
23.94,0.064,0.404,0.003,0.051
23.95,0.064,,,
23.96,0.064,0.404,0.001,-0.048
23.97,0.064,,,
23.98,0.064,0.404,-0.001,-0.060
23.99,0.064,,,
24.00,0.064,0.404,-0.003,-0.019
24.01,0.064,,,
24.02,0.064,0.404,-0.001,0.014
24.03,0.064,,,
24.04,0.064,0.404,-0.001,-0.002
24.05,0.064,,,
24.06,0.064,0.404,-0.002,-0.008
24.07,0.064,,,
24.08,0.064,0.404,-0.002,0.009
24.09,0.064,,,
24.10,0.064,0.404,-0.001,0.024
24.11,0.064,,,
24.12,0.064,0.404,0.000,0.022
24.13,0.064,,,
24.14,0.064,0.404,0.000,0.022
24.15,0.064,,,
24.16,0.064,0.404,0.000,0.039
24.17,0.064,,,
24.18,0.064,0.404,0.001,0.066
24.19,0.064,,,
24.20,0.064,0.404,0.005,-0.006
24.21,0.064,,,
24.22,0.064,0.404,0.001,-0.073
24.23,0.064,,,
24.24,0.059,0.404,0.000,-0.041
24.25,0.064,,,
24.26,0.064,0.404,-0.001,-0.005
24.27,0.064,,,
24.28,0.064,0.404,0.000,0.016
24.29,0.064,,,
24.30,0.064,0.404,0.000,0.006
24.31,0.064,,,
24.32,0.064,0.404,0.000,0.009
24.33,0.064,,,
24.34,0.064,0.404,0.000,0.028
24.35,0.064,,,
24.36,0.064,0.404,0.001,0.056
24.37,0.064,,,
24.38,0.064,0.404,0.004,0.019
24.39,0.064,,,
24.40,0.064,0.404,0.002,-0.034
24.41,0.064,,,
24.42,0.064,0.404,0.002,-0.041
24.43,0.064,,,
24.44,0.064,0.404,0.000,-0.033
24.45,0.064,,,
24.46,0.064,0.404,0.000,-0.004
24.47,0.064,,,
24.48,0.064,0.404,0.001,-0.043
24.49,0.064,,,
24.50,0.064,0.404,-0.002,-0.063
24.51,0.064,,,
24.52,0.064,0.404,-0.004,0.029
24.53,0.064,,,
24.54,0.064,0.404,-0.001,0.107
24.55,0.064,,,
24.56,0.064,0.404,0.004,0.033
24.57,0.064,,,
24.58,0.064,0.404,0.001,-0.058
24.59,0.064,,,
24.60,0.064,0.404,-0.001,-0.053
24.61,0.064,,,
24.62,0.064,0.404,-0.002,-0.025
24.63,0.064,,,
24.64,0.064,0.404,-0.001,-0.004
24.65,0.064,,,
24.66,0.064,0.404,-0.001,-0.007
24.67,0.064,,,
24.68,0.064,0.404,-0.002,-0.001
24.69,0.064,,,
24.70,0.064,0.404,-0.002,0.016
24.71,0.064,,,
24.72,0.064,0.404,-0.001,0.026
24.73,0.064,,,
24.74,0.064,0.404,-0.001,0.047
24.75,0.064,,,
24.76,0.064,0.404,0.001,0.071
24.77,0.064,,,
24.78,0.064,0.404,0.004,0.007
24.79,0.064,,,
24.80,0.064,0.404,0.000,-0.040
24.81,0.064,,,
24.82,0.064,0.404,0.001,-0.015
24.83,0.064,,,
24.84,0.064,0.404,0.001,-0.012
24.85,0.064,,,
24.86,0.064,0.404,0.000,-0.016
24.87,0.064,,,
24.88,0.064,0.404,-0.001,-0.005
24.89,0.064,,,
24.90,0.064,0.404,0.000,0.029
24.91,0.064,,,
24.92,0.064,0.404,0.001,0.045
24.93,0.064,,,
24.94,0.064,0.404,0.002,0.045
24.95,0.064,,,
24.96,0.064,0.404,0.004,-0.022
24.97,0.064,,,
24.98,0.064,0.404,0.001,-0.081
24.99,0.064,,,
25.00,0.064,0.404,-0.001,-0.074
25.01,0.064,,,
25.02,0.064,0.404,-0.002,-0.062
25.03,0.064,,,
25.04,0.064,0.404,-0.005,0.026
25.05,0.064,,,
25.06,0.064,0.404,-0.001,0.117
25.07,0.064,,,
25.08,0.064,0.404,0.004,0.050
25.09,0.064,,,
25.10,0.064,0.404,0.001,-0.030
25.11,0.064,,,
25.12,0.064,0.404,0.001,-0.046
25.13,0.064,,,
25.14,0.064,0.404,-0.001,-0.045
25.15,0.064,,,
25.16,0.064,0.404,-0.002,-0.012
25.17,0.064,,,
25.18,0.064,0.404,-0.001,0.016
25.19,0.064,,,
25.20,0.064,0.404,-0.001,0.033
25.21,0.064,,,
25.22,0.064,0.404,0.000,0.030
25.23,0.064,,,
25.24,0.064,0.404,0.000,0.043
25.25,0.064,,,
25.26,0.059,0.404,0.003,-0.010
25.27,0.064,,,
25.28,0.064,0.404,-0.001,-0.053
25.29,0.064,,,
25.30,0.064,0.404,0.000,-0.023
25.31,0.064,,,
25.32,0.064,0.404,-0.001,-0.018
25.33,0.064,,,
25.34,0.064,0.404,-0.001,-0.013
25.35,0.064,,,
25.36,0.064,0.404,-0.002,0.004
25.37,0.064,,,
25.38,0.064,0.404,-0.001,0.034
25.39,0.064,,,
25.40,0.064,0.404,0.000,0.039
25.41,0.064,,,
25.42,0.064,0.404,0.001,0.031
25.43,0.064,,,
25.44,0.064,0.404,0.002,0.014
25.45,0.064,,,
25.46,0.064,0.404,0.000,0.031
25.47,0.064,,,
25.48,0.064,0.404,0.004,0.016
25.49,0.064,,,
25.50,0.064,0.404,0.002,-0.042
25.51,0.064,,,
25.52,0.064,0.404,0.001,-0.043
25.53,0.064,,,
25.54,0.064,0.404,0.000,-0.016
25.55,0.064,,,
25.56,0.064,0.404,0.000,0.026
25.57,0.064,,,
25.58,0.064,0.404,0.002,-0.011
25.59,0.064,,,
25.60,0.064,0.404,0.000,-0.063
25.61,0.064,,,
25.62,0.064,0.404,-0.003,0.003
25.63,0.064,,,
25.64,0.064,0.404,-0.001,0.089
25.65,0.064,,,
25.66,0.064,0.404,0.004,0.024
25.67,0.064,,,
25.68,0.064,0.404,0.000,-0.050
25.69,0.064,,,
25.70,0.064,0.404,0.000,-0.018
25.71,0.064,,,
25.72,0.064,0.404,0.000,-0.008
25.73,0.064,,,
25.74,0.064,0.404,0.000,-0.018
25.75,0.064,,,
25.76,0.064,0.404,0.000,-0.038
25.77,0.064,,,
25.78,0.064,0.404,-0.002,-0.046
25.79,0.064,,,
25.80,0.064,0.404,-0.004,0.007
25.81,0.064,,,
25.82,0.064,0.404,-0.002,0.086
25.83,0.064,,,
25.84,0.064,0.404,0.003,0.033
25.85,0.064,,,
25.86,0.064,0.404,0.000,-0.054
25.87,0.064,,,
25.88,0.064,0.404,-0.002,-0.021
25.89,0.064,,,
25.90,0.064,0.404,-0.001,0.034
25.91,0.064,,,
25.92,0.064,0.404,0.001,0.019
25.93,0.064,,,
25.94,0.064,0.404,0.000,-0.017
25.95,0.064,,,
25.96,0.064,0.404,-0.001,0.000
25.97,0.064,,,
25.98,0.064,0.404,-0.001,0.035
25.99,0.064,,,
26.00,0.064,0.404,0.000,0.075
26.01,0.064,,,
26.02,0.064,0.404,0.005,0.018
26.03,0.064,,,
26.04,0.064,0.404,0.002,-0.060
26.05,0.064,,,
26.06,0.064,0.404,0.000,-0.058
26.07,0.064,,,
26.08,0.064,0.404,-0.001,-0.020
26.09,0.064,,,
26.10,0.064,0.404,-0.001,0.026
26.11,0.064,,,
26.12,0.064,0.404,0.001,0.022
26.13,0.064,,,
26.14,0.064,0.404,0.000,0.012
26.15,0.064,,,
26.16,0.064,0.404,0.001,0.026
26.17,0.064,,,
26.18,0.064,0.404,0.001,0.055
26.19,0.064,,,
26.20,0.064,0.404,0.005,0.002
26.21,0.064,,,
26.22,0.064,0.404,0.001,-0.059
26.23,0.064,,,
26.24,0.064,0.404,0.001,-0.047
26.25,0.064,,,
26.26,0.064,0.405,-0.001,-0.023
26.27,0.064,,,
26.28,0.064,0.404,0.000,-0.001
26.29,0.064,,,
26.30,0.064,0.405,0.000,-0.018
26.31,0.064,,,
26.32,0.064,0.404,-0.001,-0.027
26.33,0.064,,,
26.34,0.064,0.404,-0.001,-0.017
26.35,0.064,,,
26.36,0.064,0.404,-0.002,-0.001
26.37,0.064,,,
26.38,0.059,0.404,-0.002,0.024
26.39,0.064,,,
26.40,0.064,0.404,-0.001,0.040
26.41,0.064,,,
26.42,0.064,0.404,0.000,0.051
26.43,0.064,,,
26.44,0.064,0.404,0.001,0.065
26.45,0.064,,,
26.46,0.064,0.404,0.005,-0.015
26.47,0.064,,,
26.48,0.064,0.405,0.000,-0.071
26.49,0.064,,,
26.50,0.064,0.404,0.000,-0.027
26.51,0.064,,,
26.52,0.064,0.404,0.000,-0.003
26.53,0.064,,,
26.54,0.064,0.404,0.000,0.010
26.55,0.064,,,
26.56,0.064,0.404,0.000,0.015
26.57,0.064,,,
26.58,0.064,0.404,0.000,0.041
26.59,0.064,,,
26.60,0.064,0.404,0.003,-0.008
26.61,0.064,,,
26.62,0.064,0.404,0.000,-0.069
26.63,0.064,,,
26.64,0.059,0.404,-0.002,-0.042
26.65,0.064,,,
26.66,0.064,0.404,-0.003,0.033
26.67,0.064,,,
26.68,0.064,0.404,0.001,0.064
26.69,0.064,,,
26.70,0.064,0.405,0.002,0.002
26.71,0.064,,,
26.72,0.064,0.404,0.000,-0.020
26.73,0.064,,,
26.74,0.064,0.404,0.000,-0.009
26.75,0.064,,,
26.76,0.064,0.404,0.000,-0.016
26.77,0.064,,,
26.78,0.064,0.404,-0.001,-0.010
26.79,0.064,,,
26.80,0.064,0.404,0.000,0.004
26.81,0.064,,,
26.82,0.064,0.404,0.000,0.007
26.83,0.064,,,
26.84,0.059,0.404,-0.001,0.037
26.85,0.064,,,
26.86,0.064,0.404,0.002,0.046
26.87,0.064,,,
26.88,0.064,0.404,0.002,0.026
26.89,0.064,,,
26.90,0.064,0.404,0.004,-0.037
26.91,0.064,,,
26.92,0.064,0.405,0.000,-0.076
26.93,0.064,,,
26.94,0.064,0.404,-0.001,-0.032
26.95,0.064,,,
26.96,0.064,0.405,-0.001,0.002
26.97,0.064,,,
26.98,0.064,0.404,-0.001,0.022
26.99,0.064,,,
27.00,0.064,0.404,0.000,0.011
27.01,0.064,,,
27.02,0.064,0.404,0.000,-0.004
27.03,0.064,,,
27.04,0.064,0.405,-0.001,0.017
27.05,0.064,,,
27.06,0.064,0.404,0.000,0.062
27.07,0.064,,,
27.08,0.064,0.404,0.004,0.006
27.09,0.064,,,
27.10,0.064,0.405,0.000,-0.053
27.11,0.064,,,
27.12,0.064,0.404,0.000,-0.029
27.13,0.064,,,
27.14,0.064,0.405,0.000,-0.025
27.15,0.064,,,
27.16,0.064,0.404,-0.001,-0.021
27.17,0.064,,,
27.18,0.064,0.405,-0.002,-0.004
27.19,0.064,,,
27.20,0.064,0.404,-0.001,0.020
27.21,0.064,,,
27.22,0.064,0.404,-0.001,0.026
27.23,0.064,,,
27.24,0.064,0.404,-0.001,0.059
27.25,0.064,,,
27.26,0.064,0.404,0.003,0.024
27.27,0.064,,,
27.28,0.064,0.405,0.001,-0.046
27.29,0.064,,,
27.30,0.064,0.404,0.000,-0.037
27.31,0.064,,,
27.32,0.064,0.404,-0.001,-0.009
27.33,0.064,,,
27.34,0.064,0.404,-0.001,0.018
27.35,0.064,,,
27.36,0.064,0.404,0.000,0.025
27.37,0.064,,,
27.38,0.064,0.404,0.001,0.019
27.39,0.064,,,
27.40,0.064,0.404,0.002,-0.027
27.41,0.064,,,
27.42,0.064,0.404,-0.001,-0.043
27.43,0.064,,,
27.44,0.064,0.404,-0.002,0.030
27.45,0.064,,,
27.46,0.064,0.404,0.001,0.086
27.47,0.064,,,
27.48,0.064,0.404,0.004,0.020
27.49,0.064,,,
27.50,0.064,0.405,0.001,-0.055
27.51,0.064,,,
27.52,0.064,0.404,0.000,-0.057
27.53,0.064,,,
27.54,0.064,0.405,-0.001,-0.051
27.55,0.064,,,
27.56,0.064,0.404,-0.003,0.019
27.57,0.064,,,
27.58,0.064,0.404,0.001,0.055
27.59,0.064,,,
27.60,0.064,0.404,0.002,-0.007
27.61,0.064,,,
27.62,0.064,0.405,-0.001,-0.028
27.63,0.064,,,
27.64,0.064,0.404,-0.001,-0.002
27.65,0.064,,,
27.66,0.064,0.405,-0.001,0.026
27.67,0.064,,,
27.68,0.064,0.404,0.000,0.073
27.69,0.064,,,
27.70,0.064,0.404,0.004,0.018
27.71,0.064,,,
27.72,0.064,0.405,0.001,-0.069
27.73,0.064,,,
27.74,0.064,0.404,0.000,-0.068
27.75,0.064,,,
27.76,0.064,0.405,-0.002,-0.037
27.77,0.064,,,
27.78,0.064,0.404,-0.002,0.011
27.79,0.064,,,
27.80,0.064,0.405,-0.001,0.031
27.81,0.064,,,
27.82,0.064,0.404,0.000,0.022
27.83,0.064,,,
27.84,0.064,0.405,0.000,0.012
27.85,0.064,,,
27.86,0.064,0.404,0.000,0.014
27.87,0.064,,,
27.88,0.064,0.405,0.001,0.007
27.89,0.064,,,
27.90,0.064,0.404,-0.001,0.040
27.91,0.064,,,
27.92,0.064,0.404,0.003,0.034
27.93,0.064,,,
27.94,0.064,0.405,0.002,-0.016
27.95,0.064,,,
27.96,0.064,0.404,0.001,-0.006
27.97,0.064,,,
27.98,0.064,0.405,0.003,-0.057
27.99,0.064,,,
28.00,0.064,0.405,-0.002,-0.078
28.01,0.064,,,
28.02,0.064,0.404,-0.002,-0.013
28.03,0.064,,,
28.04,0.059,0.405,-0.002,0.028
28.05,0.064,,,
28.06,0.064,0.404,-0.001,0.056
28.07,0.064,,,
28.08,0.064,0.405,0.001,0.038
28.09,0.064,,,
28.10,0.064,0.404,0.001,0.015
28.11,0.064,,,
28.12,0.064,0.404,0.002,-0.022
28.13,0.064,,,
28.14,0.064,0.405,0.000,-0.052
28.15,0.064,,,
28.16,0.064,0.404,-0.001,-0.036
28.17,0.064,,,
28.18,0.064,0.405,-0.001,-0.022
28.19,0.064,,,
28.20,0.064,0.404,-0.002,0.025
28.21,0.064,,,
28.22,0.064,0.404,-0.001,0.077
28.23,0.064,,,
28.24,0.064,0.404,0.002,0.072
28.25,0.064,,,
28.26,0.064,0.405,0.004,-0.026
28.27,0.064,,,
28.28,0.064,0.405,-0.001,-0.068
28.29,0.064,,,
28.30,0.064,0.404,0.000,-0.024
28.31,0.064,,,
28.32,0.064,0.405,0.000,-0.013
28.33,0.064,,,
28.34,0.064,0.404,-0.001,-0.013
28.35,0.064,,,
28.36,0.064,0.405,-0.001,-0.007
28.37,0.064,,,
28.38,0.064,0.404,-0.001,0.008
28.39,0.064,,,
28.40,0.064,0.405,-0.001,0.010
28.41,0.064,,,
28.42,0.064,0.404,-0.001,0.023
28.43,0.064,,,
28.44,0.064,0.405,0.000,0.049
28.45,0.064,,,
28.46,0.064,0.404,0.001,0.069
28.47,0.064,,,
28.48,0.064,0.405,0.005,0.004
28.49,0.064,,,
28.50,0.064,0.405,0.001,-0.061
28.51,0.064,,,
28.52,0.064,0.404,0.000,-0.048
28.53,0.064,,,
28.54,0.064,0.405,-0.001,-0.030
28.55,0.064,,,
28.56,0.064,0.404,0.000,-0.015
28.57,0.064,,,
28.58,0.064,0.405,-0.001,-0.015
28.59,0.064,,,
28.60,0.064,0.404,-0.002,0.008
28.61,0.064,,,
28.62,0.064,0.405,-0.001,0.027
28.63,0.064,,,
28.64,0.064,0.404,0.000,0.018
28.65,0.064,,,
28.66,0.064,0.405,0.000,0.000
28.67,0.064,,,
28.68,0.064,0.404,0.000,-0.005
28.69,0.064,,,
28.70,0.064,0.405,0.000,0.000
28.71,0.064,,,
28.72,0.064,0.404,0.000,0.023
28.73,0.064,,,
28.74,0.064,0.405,0.001,0.046
28.75,0.064,,,
28.76,0.064,0.404,0.001,0.055
28.77,0.064,,,
28.78,0.064,0.405,0.005,-0.021
28.79,0.064,,,
28.80,0.064,0.405,0.000,-0.087
28.81,0.064,,,
28.82,0.064,0.405,-0.001,-0.055
28.83,0.064,,,
28.84,0.064,0.405,-0.002,-0.016
28.85,0.064,,,
28.86,0.064,0.404,-0.001,0.013
28.87,0.064,,,
28.88,0.064,0.405,0.000,0.008
28.89,0.064,,,
28.90,0.064,0.404,-0.001,0.022
28.91,0.064,,,
28.92,0.064,0.405,0.000,0.052
28.93,0.064,,,
28.94,0.064,0.404,0.001,0.065
28.95,0.064,,,
28.96,0.064,0.405,0.005,-0.014
28.97,0.064,,,
28.98,0.064,0.405,0.000,-0.082
28.99,0.064,,,
29.00,0.064,0.405,-0.001,-0.045
29.01,0.064,,,
29.02,0.064,0.405,-0.002,0.001
29.03,0.064,,,
29.04,0.064,0.404,0.000,0.028
29.05,0.064,,,
29.06,0.064,0.405,0.001,-0.006
29.07,0.064,,,
29.08,0.064,0.404,-0.001,-0.026
29.09,0.064,,,
29.10,0.064,0.405,-0.001,-0.005
29.11,0.064,,,
29.12,0.064,0.404,-0.002,0.044
29.13,0.064,,,
29.14,0.064,0.404,0.002,0.009
29.15,0.064,,,
29.16,0.064,0.405,-0.001,-0.038
29.17,0.064,,,
29.18,0.064,0.404,-0.001,0.004
29.19,0.064,,,
29.20,0.064,0.405,0.000,0.022
29.21,0.064,,,
29.22,0.064,0.404,0.000,0.015
29.23,0.064,,,
29.24,0.064,0.405,0.001,-0.008
29.25,0.064,,,
29.26,0.064,0.404,-0.001,-0.001
29.27,0.064,,,
29.28,0.064,0.405,0.000,0.042
29.29,0.064,,,
29.30,0.064,0.404,0.001,0.079
29.31,0.064,,,
29.32,0.064,0.405,0.005,0.028
29.33,0.064,,,
29.34,0.064,0.405,0.003,-0.080
29.35,0.064,,,
29.36,0.064,0.405,-0.001,-0.072
29.37,0.064,,,
29.38,0.064,0.405,-0.001,-0.010
29.39,0.064,,,
29.40,0.064,0.405,0.000,-0.002
29.41,0.064,,,
29.42,0.064,0.405,0.000,-0.009
29.43,0.064,,,
29.44,0.064,0.405,-0.001,0.000
29.45,0.064,,,
29.46,0.064,0.404,0.000,0.011
29.47,0.064,,,
29.48,0.064,0.405,0.000,0.012
29.49,0.064,,,
29.50,0.064,0.404,-0.001,0.038
29.51,0.064,,,
29.52,0.064,0.405,0.003,-0.006
29.53,0.064,,,
29.54,0.064,0.405,-0.001,-0.041
29.55,0.064,,,
29.56,0.064,0.404,0.000,-0.011
29.57,0.064,,,
29.58,0.064,0.405,-0.001,-0.010
29.59,0.064,,,
29.60,0.064,0.404,-0.001,-0.004
29.61,0.064,,,
29.62,0.064,0.405,0.000,-0.012
29.63,0.064,,,
29.64,0.059,0.404,-0.002,-0.009
29.65,0.064,,,
29.66,0.064,0.405,-0.001,0.021
29.67,0.064,,,
29.68,0.064,0.404,0.000,0.039
29.69,0.064,,,
29.70,0.064,0.405,0.000,0.042
29.71,0.064,,,
29.72,0.064,0.404,0.001,0.055
29.73,0.064,,,
29.74,0.064,0.405,0.004,-0.013
29.75,0.064,,,
29.76,0.064,0.405,0.000,-0.075
29.77,0.064,,,
29.78,0.064,0.405,-0.001,-0.044
29.79,0.064,,,
29.80,0.064,0.405,-0.001,-0.009
29.81,0.064,,,
29.82,0.064,0.404,-0.001,0.008
29.83,0.064,,,
29.84,0.064,0.405,-0.001,0.007
29.85,0.064,,,
29.86,0.064,0.404,0.000,0.013
29.87,0.064,,,
29.88,0.064,0.405,0.000,0.022
29.89,0.064,,,
29.90,0.064,0.404,-0.001,0.075
29.91,0.064,,,
29.92,0.064,0.405,0.005,0.024
29.93,0.064,,,
29.94,0.064,0.405,0.001,-0.075
29.95,0.064,,,
29.96,0.064,0.405,-0.001,-0.062
29.97,0.064,,,
29.98,0.064,0.405,-0.001,-0.029
29.99,0.064,,,
30.00,0.064,0.405,-0.002,0.024
30.01,0.064,,,
30.02,0.064,0.405,0.000,0.067
30.03,0.069,,,
30.04,0.064,0.405,0.001,0.069
30.05,0.064,,,
30.06,0.064,0.405,0.004,-0.008
30.07,0.064,,,
30.08,0.064,0.405,0.001,-0.080
30.09,0.064,,,
30.10,0.064,0.405,-0.002,-0.026
30.11,0.064,,,
30.12,0.064,0.405,0.000,0.045
30.13,0.064,,,
30.14,0.064,0.405,0.002,0.026
30.15,0.064,,,
30.16,0.064,0.405,0.002,-0.055
30.17,0.064,,,
30.18,0.064,0.405,-0.001,-0.090
30.19,0.064,,,
30.20,0.064,0.405,-0.004,-0.024
30.21,0.064,,,
30.22,0.064,0.405,-0.001,0.022
30.23,0.064,,,
30.24,0.064,0.405,-0.002,0.025
30.25,0.064,,,
30.26,0.064,0.404,-0.001,0.045
30.27,0.064,,,
30.28,0.064,0.405,0.000,0.051
30.29,0.064,,,
30.30,0.064,0.404,0.001,0.065
30.31,0.064,,,
30.32,0.064,0.405,0.005,-0.012
30.33,0.064,,,
30.34,0.064,0.405,0.000,-0.073
30.35,0.064,,,
30.36,0.064,0.405,-0.001,-0.028
30.37,0.064,,,
30.38,0.059,0.405,0.000,-0.009
30.39,0.064,,,
30.40,0.059,0.405,-0.001,-0.002
30.41,0.064,,,
30.42,0.064,0.405,-0.001,0.001
30.43,0.064,,,
30.44,0.064,0.405,0.000,-0.008
30.45,0.064,,,
30.46,0.064,0.405,-0.001,-0.014
30.47,0.064,,,
30.48,0.064,0.405,-0.002,0.032
30.49,0.064,,,
30.50,0.064,0.405,0.000,0.080
30.51,0.064,,,
30.52,0.064,0.405,0.002,0.078
30.53,0.064,,,
30.54,0.064,0.405,0.005,-0.015
30.55,0.064,,,
30.56,0.064,0.405,0.001,-0.080
30.57,0.064,,,
30.58,0.064,0.405,0.000,-0.054
30.59,0.064,,,
30.60,0.059,0.405,-0.001,-0.029
30.61,0.064,,,
30.62,0.064,0.405,-0.001,0.003
30.63,0.064,,,
30.64,0.064,0.405,0.000,-0.002
30.65,0.064,,,
30.66,0.064,0.405,-0.001,-0.018
30.67,0.064,,,
30.68,0.064,0.405,-0.001,-0.006
30.69,0.064,,,
30.70,0.064,0.405,-0.002,0.032
30.71,0.064,,,
30.72,0.064,0.405,0.000,0.069
30.73,0.064,,,
30.74,0.064,0.405,0.001,0.094
30.75,0.064,,,
30.76,0.064,0.405,0.006,0.028
30.77,0.064,,,
30.78,0.059,0.405,0.004,-0.099
30.79,0.064,,,
30.80,0.064,0.405,0.000,-0.130
30.81,0.064,,,
30.82,0.064,0.405,-0.004,-0.038
30.83,0.064,,,
30.84,0.059,0.405,-0.002,0.064
30.85,0.064,,,
30.86,0.064,0.405,0.000,0.077
30.87,0.064,,,
30.88,0.064,0.405,0.001,0.061
30.89,0.064,,,
30.90,0.064,0.405,0.004,-0.013
30.91,0.064,,,
30.92,0.064,0.405,0.000,-0.059
30.93,0.064,,,
30.94,0.064,0.405,0.000,-0.032
30.95,0.064,,,
30.96,0.064,0.405,0.000,-0.016
30.97,0.064,,,
30.98,0.064,0.405,0.000,-0.019
30.99,0.064,,,
31.00,0.064,0.405,-0.002,-0.013
31.01,0.064,,,
31.02,0.064,0.405,-0.001,0.010
31.03,0.064,,,
31.04,0.064,0.405,0.000,0.006
31.05,0.064,,,
31.06,0.064,0.405,-0.001,0.006
31.07,0.064,,,
31.08,0.064,0.405,-0.001,0.022
31.09,0.064,,,
31.10,0.064,0.405,0.000,0.042
31.11,0.064,,,
31.12,0.064,0.405,0.002,0.019
31.13,0.064,,,
31.14,0.064,0.405,0.001,-0.004
31.15,0.064,,,
31.16,0.064,0.405,0.002,-0.030
31.17,0.064,,,
31.18,0.064,0.405,-0.001,-0.053
31.19,0.064,,,
31.20,0.064,0.405,-0.001,-0.018
31.21,0.064,,,
31.22,0.064,0.405,-0.001,-0.002
31.23,0.064,,,
31.24,0.064,0.405,-0.001,-0.004
31.25,0.064,,,
31.26,0.064,0.405,-0.001,-0.003
31.27,0.064,,,
31.28,0.064,0.405,-0.001,-0.002
31.29,0.064,,,
31.30,0.064,0.405,-0.001,-0.009
31.31,0.064,,,
31.32,0.064,0.405,-0.002,0.006
31.33,0.064,,,
31.34,0.064,0.405,-0.001,0.034
31.35,0.064,,,
31.36,0.064,0.404,-0.001,0.062
31.37,0.064,,,
31.38,0.064,0.405,0.003,-0.004
31.39,0.064,,,
31.40,0.064,0.405,-0.001,-0.071
31.41,0.064,,,
31.42,0.064,0.405,-0.002,-0.032
31.43,0.064,,,
31.44,0.064,0.405,-0.002,0.016
31.45,0.064,,,
31.46,0.064,0.404,-0.001,0.032
31.47,0.064,,,
31.48,0.064,0.405,0.000,0.007
31.49,0.064,,,
31.50,0.064,0.404,-0.001,-0.002
31.51,0.064,,,
31.52,0.064,0.405,-0.001,0.012
31.53,0.064,,,
31.54,0.064,0.404,-0.001,0.061
31.55,0.064,,,
31.56,0.064,0.405,0.004,0.019
31.57,0.064,,,
31.58,0.064,0.405,0.001,-0.065
31.59,0.064,,,
31.60,0.064,0.404,-0.001,-0.067
31.61,0.064,,,
31.62,0.064,0.405,-0.003,-0.031
31.63,0.064,,,
31.64,0.064,0.404,-0.003,0.056
31.65,0.064,,,
31.66,0.064,0.405,0.000,0.113
31.67,0.064,,,
31.68,0.064,0.404,0.004,0.073
31.69,0.064,,,
31.70,0.064,0.405,0.005,-0.073
31.71,0.064,,,
31.72,0.064,0.405,-0.002,-0.107
31.73,0.064,,,
31.74,0.064,0.404,-0.001,-0.028
31.75,0.064,,,
31.76,0.064,0.405,-0.001,-0.008
31.77,0.064,,,
31.78,0.064,0.404,-0.001,0.000
31.79,0.064,,,
31.80,0.064,0.405,-0.001,0.011
31.81,0.064,,,
31.82,0.064,0.404,-0.001,0.023
31.83,0.064,,,
31.84,0.064,0.405,-0.001,0.030
31.85,0.064,,,
31.86,0.064,0.404,0.000,0.035
31.87,0.064,,,
31.88,0.059,0.405,0.002,0.005
31.89,0.064,,,
31.90,0.064,0.405,0.000,0.007
31.91,0.064,,,
31.92,0.064,0.404,0.002,-0.002
31.93,0.064,,,
31.94,0.064,0.405,0.000,-0.030
31.95,0.064,,,
31.96,0.064,0.404,0.000,-0.025
31.97,0.064,,,
31.98,0.064,0.405,0.000,-0.039
31.99,0.064,,,
32.00,0.064,0.404,-0.002,0.005
32.01,0.064,,,
32.02,0.064,0.405,-0.001,0.075
32.03,0.064,,,
32.04,0.064,0.404,0.002,0.095
32.05,0.064,,,
32.06,0.064,0.405,0.005,0.006
32.07,0.064,,,
32.08,0.064,0.405,0.001,-0.069
32.09,0.064,,,
32.10,0.064,0.405,0.000,-0.045
32.11,0.064,,,
32.12,0.064,0.405,0.000,-0.023
32.13,0.064,,,
32.14,0.064,0.405,0.000,-0.019
32.15,0.064,,,
32.16,0.064,0.405,-0.001,-0.014
32.17,0.064,,,
32.18,0.064,0.404,-0.001,-0.010
32.19,0.064,,,
32.20,0.064,0.405,-0.001,-0.012
32.21,0.064,,,
32.22,0.064,0.404,-0.003,0.049
32.23,0.064,,,
32.24,0.064,0.405,0.001,0.071
32.25,0.064,,,
32.26,0.064,0.405,0.002,0.026
32.27,0.064,,,
32.28,0.059,0.405,0.002,-0.025
32.29,0.064,,,
32.30,0.064,0.405,0.000,-0.043
32.31,0.064,,,
32.32,0.059,0.405,0.000,-0.027
32.33,0.064,,,
32.34,0.064,0.405,-0.001,-0.022
32.35,0.064,,,
32.36,0.064,0.405,-0.001,-0.018
32.37,0.064,,,
32.38,0.064,0.405,-0.001,-0.012
32.39,0.064,,,
32.40,0.064,0.404,-0.001,0.010
32.41,0.064,,,
32.42,0.059,0.405,-0.001,0.035
32.43,0.059,,,
32.44,0.064,0.404,0.000,0.069
32.45,0.064,,,
32.46,0.064,0.405,0.003,0.016
32.47,0.064,,,
32.48,0.064,0.405,0.001,-0.049
32.49,0.064,,,
32.50,0.064,0.405,0.000,-0.041
32.51,0.064,,,
32.52,0.064,0.405,-0.001,-0.029
32.53,0.064,,,
32.54,0.064,0.405,-0.001,-0.004
32.55,0.064,,,
32.56,0.064,0.405,-0.002,0.027
32.57,0.064,,,
32.58,0.064,0.404,0.000,0.029
32.59,0.064,,,
32.60,0.064,0.405,0.000,0.001
32.61,0.064,,,
32.62,0.064,0.404,-0.001,0.007
32.63,0.064,,,
32.64,0.064,0.405,0.000,0.028
32.65,0.064,,,
32.66,0.064,0.404,0.001,0.038
32.67,0.064,,,
32.68,0.064,0.405,0.003,-0.014
32.69,0.064,,,
32.70,0.064,0.405,0.000,-0.039
32.71,0.064,,,
32.72,0.064,0.404,0.000,-0.013
32.73,0.064,,,
32.74,0.064,0.405,0.000,-0.023
32.75,0.064,,,
32.76,0.064,0.405,-0.001,-0.017
32.77,0.064,,,
32.78,0.064,0.405,-0.001,-0.004
32.79,0.064,,,
32.80,0.064,0.404,-0.001,-0.005
32.81,0.064,,,
32.82,0.064,0.405,-0.001,0.000
32.83,0.064,,,
32.84,0.064,0.404,-0.001,0.027
32.85,0.064,,,
32.86,0.064,0.405,0.000,0.042
32.87,0.064,,,
32.88,0.064,0.404,0.000,0.062
32.89,0.064,,,
32.90,0.064,0.405,0.004,0.019
32.91,0.064,,,
32.92,0.064,0.405,0.001,-0.038
32.93,0.064,,,
32.94,0.064,0.405,0.001,-0.022
32.95,0.064,,,
32.96,0.064,0.405,0.002,-0.051
32.97,0.064,,,
32.98,0.064,0.405,-0.001,-0.068
32.99,0.064,,,
33.00,0.064,0.405,-0.004,0.035
33.01,0.064,,,
33.02,0.064,0.404,0.001,0.113
33.03,0.064,,,
33.04,0.064,0.405,0.005,0.019
33.05,0.064,,,
33.06,0.064,0.405,0.001,-0.066
33.07,0.064,,,
33.08,0.064,0.405,0.000,-0.058
33.09,0.064,,,
33.10,0.064,0.405,-0.002,-0.016
33.11,0.064,,,
33.12,0.064,0.405,-0.001,0.017
33.13,0.064,,,
33.14,0.064,0.405,0.000,-0.004
33.15,0.064,,,
33.16,0.064,0.405,-0.001,-0.013
33.17,0.064,,,
33.18,0.064,0.405,-0.001,-0.008
33.19,0.064,,,
33.20,0.064,0.405,-0.001,-0.005
33.21,0.064,,,
33.22,0.064,0.405,-0.001,0.000
33.23,0.064,,,
33.24,0.064,0.404,-0.002,0.020
33.25,0.064,,,
33.26,0.064,0.405,-0.001,0.057
33.27,0.064,,,
33.28,0.059,0.404,0.001,0.064
33.29,0.064,,,
33.30,0.064,0.405,0.004,-0.032
33.31,0.064,,,
33.32,0.064,0.405,-0.001,-0.080
33.33,0.064,,,
33.34,0.064,0.404,-0.002,-0.024
33.35,0.064,,,
33.36,0.064,0.405,-0.001,0.005
33.37,0.064,,,
33.38,0.064,0.404,-0.001,0.010
33.39,0.064,,,
33.40,0.064,0.405,-0.001,0.007
33.41,0.064,,,
33.42,0.064,0.404,-0.001,0.010
33.43,0.064,,,
33.44,0.064,0.405,0.000,0.005
33.45,0.064,,,
33.46,0.064,0.404,0.000,-0.007
33.47,0.064,,,
33.48,0.064,0.405,-0.001,-0.013
33.49,0.064,,,
33.50,0.064,0.404,-0.001,0.009
33.51,0.064,,,
33.52,0.064,0.405,-0.001,0.039
33.53,0.064,,,
33.54,0.064,0.404,0.000,0.062
33.55,0.064,,,
33.56,0.064,0.404,0.004,-0.003
33.57,0.064,,,
33.58,0.064,0.405,0.000,-0.063
33.59,0.064,,,
33.60,0.064,0.404,-0.001,-0.033
33.61,0.064,,,
33.62,0.064,0.405,-0.001,-0.012
33.63,0.064,,,
33.64,0.064,0.404,-0.001,0.012
33.65,0.064,,,
33.66,0.064,0.405,-0.001,0.041
33.67,0.064,,,
33.68,0.064,0.404,0.000,0.078
33.69,0.064,,,
33.70,0.064,0.405,0.005,0.017
33.71,0.064,,,
33.72,0.064,0.405,0.001,-0.060
33.73,0.064,,,
33.74,0.064,0.405,0.000,-0.048
33.75,0.064,,,
33.76,0.064,0.405,-0.001,-0.031
33.77,0.064,,,
33.78,0.064,0.405,-0.001,-0.018
33.79,0.064,,,
33.80,0.064,0.405,-0.001,-0.014
33.81,0.064,,,
33.82,0.069,0.404,-0.002,-0.001
33.83,0.064,,,
33.84,0.064,0.405,-0.002,0.026
33.85,0.064,,,
33.86,0.064,0.404,0.000,0.028
33.87,0.064,,,
33.88,0.064,0.405,0.000,0.000
33.89,0.064,,,
33.90,0.064,0.404,-0.001,0.003
33.91,0.064,,,
33.92,0.064,0.405,-0.001,0.044
33.93,0.064,,,
33.94,0.064,0.404,0.001,0.091
33.95,0.064,,,
33.96,0.064,0.405,0.006,0.028
33.97,0.064,,,
33.98,0.064,0.405,0.003,-0.098
33.99,0.064,,,
34.00,0.064,0.405,-0.001,-0.125
34.01,0.064,,,
34.02,0.064,0.405,-0.003,-0.084
34.03,0.064,,,
34.04,0.064,0.405,-0.005,0.010
34.05,0.064,,,
34.06,0.064,0.404,-0.003,0.112
34.07,0.064,,,
34.08,0.064,0.404,0.003,0.063
34.09,0.064,,,
34.10,0.064,0.405,0.000,-0.020
34.11,0.064,,,
34.12,0.064,0.404,-0.001,0.038
34.13,0.064,,,
34.14,0.064,0.404,0.004,0.018
34.15,0.064,,,
34.16,0.064,0.405,0.001,-0.053
34.17,0.064,,,
34.18,0.064,0.404,-0.001,-0.032
34.19,0.064,,,
34.20,0.064,0.405,-0.001,0.004
34.21,0.064,,,
34.22,0.064,0.404,0.000,0.036
34.23,0.064,,,
34.24,0.064,0.405,0.002,0.025
34.25,0.064,,,
34.26,0.064,0.405,0.001,0.010
34.27,0.064,,,
34.28,0.064,0.405,0.002,-0.015
34.29,0.064,,,
34.30,0.064,0.405,0.000,-0.049
34.31,0.064,,,
34.32,0.064,0.405,-0.001,-0.043
34.33,0.064,,,
34.34,0.064,0.405,-0.002,-0.022
34.35,0.064,,,
34.36,0.064,0.405,-0.002,0.011
34.37,0.064,,,
34.38,0.064,0.405,-0.001,0.026
34.39,0.064,,,
34.40,0.064,0.404,0.000,-0.003
34.41,0.064,,,
34.42,0.064,0.405,-0.001,-0.018
34.43,0.064,,,
34.44,0.064,0.404,-0.001,0.012
34.45,0.064,,,
34.46,0.064,0.405,-0.001,0.036
34.47,0.064,,,
34.48,0.064,0.404,0.000,0.070
34.49,0.064,,,
34.50,0.064,0.404,0.004,0.017
34.51,0.064,,,
34.52,0.064,0.405,0.000,-0.044
34.53,0.064,,,
34.54,0.064,0.404,0.000,-0.009
34.55,0.064,,,
34.56,0.064,0.405,0.001,-0.013
34.57,0.064,,,
34.58,0.064,0.404,0.000,-0.035
34.59,0.064,,,
34.60,0.064,0.405,-0.001,-0.038
34.61,0.064,,,
34.62,0.064,0.404,-0.002,0.001
34.63,0.064,,,
34.64,0.064,0.405,-0.001,0.049
34.65,0.064,,,
34.66,0.064,0.404,0.000,0.070
34.67,0.064,,,
34.68,0.064,0.405,0.004,-0.006
34.69,0.064,,,
34.70,0.064,0.405,0.000,-0.088
34.71,0.064,,,
34.72,0.064,0.405,-0.004,0.016
34.73,0.064,,,
34.74,0.064,0.404,0.002,0.092
34.75,0.064,,,
34.76,0.064,0.405,0.004,-0.024
34.77,0.064,,,
34.78,0.069,0.405,-0.001,-0.089
34.79,0.064,,,
34.80,0.064,0.405,-0.002,-0.049
34.81,0.064,,,
34.82,0.064,0.405,-0.002,-0.012
34.83,0.064,,,
34.84,0.064,0.404,-0.002,0.020
34.85,0.064,,,
34.86,0.064,0.405,-0.001,0.031
34.87,0.064,,,
34.88,0.064,0.404,-0.001,0.034
34.89,0.064,,,
34.90,0.064,0.405,0.000,0.044
34.91,0.064,,,
34.92,0.064,0.404,0.001,0.064
34.93,0.064,,,
34.94,0.064,0.405,0.004,0.013
34.95,0.064,,,
34.96,0.064,0.405,0.001,-0.040
34.97,0.064,,,
34.98,0.064,0.405,0.001,-0.033
34.99,0.064,,,
35.00,0.064,0.405,0.000,-0.020
35.01,0.064,,,
35.02,0.064,0.405,0.000,-0.002
35.03,0.064,,,
35.04,0.064,0.405,0.001,-0.015
35.05,0.064,,,
35.06,0.064,0.405,0.000,-0.029
35.07,0.064,,,
35.08,0.064,0.405,-0.002,-0.002
35.09,0.064,,,
35.10,0.064,0.404,-0.001,0.066
35.11,0.064,,,
35.12,0.064,0.405,0.003,0.038
35.13,0.064,,,
35.14,0.064,0.405,0.001,-0.033
35.15,0.064,,,
35.16,0.064,0.405,0.000,-0.041
35.17,0.064,,,
35.18,0.064,0.405,-0.001,-0.038
35.19,0.064,,,
35.20,0.064,0.405,-0.001,-0.011
35.21,0.064,,,
35.22,0.064,0.405,-0.001,0.022
35.23,0.064,,,
35.24,0.064,0.404,0.000,0.044
35.25,0.064,,,
35.26,0.064,0.405,0.000,0.062
35.27,0.064,,,
35.28,0.064,0.404,0.003,0.047
35.29,0.064,,,
35.30,0.064,0.405,0.004,-0.051
35.31,0.064,,,
35.32,0.064,0.405,-0.001,-0.084
35.33,0.064,,,
35.34,0.064,0.405,-0.001,-0.032
35.35,0.064,,,
35.36,0.064,0.405,-0.001,-0.009
35.37,0.064,,,
35.38,0.064,0.405,-0.001,-0.006
35.39,0.064,,,
35.40,0.064,0.405,-0.002,-0.002
35.41,0.064,,,
35.42,0.064,0.404,-0.001,0.018
35.43,0.064,,,
35.44,0.064,0.405,-0.001,0.035
35.45,0.064,,,
35.46,0.064,0.404,0.000,0.069
35.47,0.064,,,
35.48,0.064,0.405,0.004,0.005
35.49,0.064,,,
35.50,0.064,0.405,0.000,-0.068
35.51,0.064,,,
35.52,0.064,0.405,-0.002,0.008
35.53,0.064,,,
35.54,0.064,0.405,0.001,0.050
35.55,0.064,,,
35.56,0.064,0.405,0.002,-0.004
35.57,0.064,,,
35.58,0.064,0.405,0.001,-0.065
35.59,0.064,,,
35.60,0.064,0.405,-0.001,-0.095
35.61,0.064,,,
35.62,0.064,0.405,-0.005,-0.027
35.63,0.064,,,
35.64,0.064,0.404,-0.002,0.053
35.65,0.064,,,
35.66,0.064,0.405,-0.001,0.045
35.67,0.064,,,
35.68,0.064,0.404,0.000,0.029
35.69,0.064,,,
35.70,0.064,0.405,0.000,0.039
35.71,0.064,,,
35.72,0.064,0.404,0.001,0.068
35.73,0.064,,,
35.74,0.064,0.405,0.005,-0.009
35.75,0.064,,,
35.76,0.064,0.405,0.000,-0.088
35.77,0.064,,,
35.78,0.064,0.405,-0.002,-0.030
35.79,0.064,,,
35.80,0.064,0.405,-0.001,0.036
35.81,0.064,,,
35.82,0.064,0.405,0.001,0.057
35.83,0.064,,,
35.84,0.064,0.405,0.003,-0.012
35.85,0.064,,,
35.86,0.064,0.405,-0.001,-0.043
35.87,0.064,,,
35.88,0.064,0.405,0.000,-0.009
35.89,0.064,,,
35.90,0.064,0.405,0.000,-0.012
35.91,0.064,,,
35.92,0.064,0.405,0.000,-0.012
35.93,0.064,,,
35.94,0.064,0.405,-0.001,-0.011
35.95,0.064,,,
35.96,0.069,0.405,-0.001,-0.007
35.97,0.064,,,
35.98,0.064,0.405,0.000,-0.019
35.99,0.064,,,
36.00,0.064,0.405,-0.002,-0.015
36.01,0.064,,,
36.02,0.064,0.405,-0.003,0.046
36.03,0.064,,,
36.04,0.064,0.404,0.001,0.070
36.05,0.064,,,
36.06,0.064,0.405,0.002,0.004
36.07,0.064,,,
36.08,0.064,0.405,-0.001,-0.007
36.09,0.064,,,
36.10,0.064,0.405,0.002,-0.015
36.11,0.064,,,
36.12,0.064,0.405,-0.001,-0.040
36.13,0.064,,,
36.14,0.064,0.405,0.000,-0.024
36.15,0.064,,,
36.16,0.064,0.405,-0.002,-0.004
36.17,0.064,,,
36.18,0.064,0.404,-0.001,0.044
36.19,0.064,,,
36.20,0.064,0.405,0.001,0.063
36.21,0.064,,,
36.22,0.064,0.404,0.002,0.061
36.23,0.064,,,
36.24,0.064,0.405,0.005,-0.017
36.25,0.064,,,
36.26,0.064,0.405,0.001,-0.081
36.27,0.064,,,
36.28,0.064,0.405,-0.001,-0.055
36.29,0.064,,,
36.30,0.064,0.405,-0.001,-0.022
36.31,0.064,,,
36.32,0.064,0.405,-0.001,0.007
36.33,0.064,,,
36.34,0.064,0.405,-0.001,0.015
36.35,0.064,,,
36.36,0.064,0.405,0.000,0.004
36.37,0.064,,,
36.38,0.064,0.405,-0.001,-0.005
36.39,0.064,,,
36.40,0.064,0.404,-0.001,-0.007
36.41,0.064,,,
36.42,0.064,0.405,-0.001,-0.022
36.43,0.064,,,
36.44,0.064,0.404,-0.002,-0.004
36.45,0.064,,,
36.46,0.064,0.405,-0.002,0.044
36.47,0.064,,,
36.48,0.064,0.404,-0.001,0.109
36.49,0.064,,,
36.50,0.064,0.404,0.005,0.057
36.51,0.064,,,
36.52,0.064,0.405,0.003,-0.070
36.53,0.064,,,
36.54,0.064,0.405,0.000,-0.076
36.55,0.064,,,
36.56,0.064,0.405,-0.001,-0.039
36.57,0.064,,,
36.58,0.064,0.405,-0.001,-0.008
36.59,0.064,,,
36.60,0.064,0.405,-0.001,0.014
36.61,0.064,,,
36.62,0.064,0.405,-0.001,0.028
36.63,0.064,,,
36.64,0.064,0.405,0.000,0.044
36.65,0.064,,,
36.66,0.064,0.404,0.001,0.050
36.67,0.064,,,
36.68,0.064,0.405,0.004,-0.022
36.69,0.064,,,
36.70,0.064,0.405,-0.001,-0.051
36.71,0.064,,,
36.72,0.064,0.405,-0.001,0.014
36.73,0.064,,,
36.74,0.064,0.405,0.002,-0.017
36.75,0.064,,,
36.76,0.064,0.405,0.000,-0.093
36.77,0.064,,,
36.78,0.064,0.405,-0.004,-0.064
36.79,0.064,,,
36.80,0.064,0.405,-0.004,0.031
36.81,0.064,,,
36.82,0.064,0.405,-0.002,0.086
36.83,0.064,,,
36.84,0.064,0.404,0.001,0.066
36.85,0.064,,,
36.86,0.064,0.405,0.001,0.034
36.87,0.064,,,
36.88,0.064,0.404,0.001,0.047
36.89,0.064,,,
36.90,0.064,0.405,0.005,-0.011
36.91,0.064,,,
36.92,0.064,0.405,0.001,-0.076
36.93,0.064,,,
36.94,0.064,0.405,0.000,-0.065
36.95,0.064,,,
36.96,0.064,0.405,-0.002,-0.030
36.97,0.064,,,
36.98,0.064,0.405,-0.002,0.030
36.99,0.064,,,
37.00,0.064,0.405,0.000,0.064
37.01,0.064,,,
37.02,0.064,0.404,0.001,0.073
37.03,0.064,,,
37.04,0.064,0.405,0.005,-0.016
37.05,0.064,,,
37.06,0.064,0.405,0.000,-0.090
37.07,0.064,,,
37.08,0.064,0.405,-0.001,-0.052
37.09,0.064,,,
37.10,0.064,0.405,-0.002,-0.002
37.11,0.064,,,
37.12,0.064,0.405,-0.001,0.045
37.13,0.064,,,
37.14,0.064,0.405,0.001,0.048
37.15,0.064,,,
37.16,0.064,0.405,0.001,0.046
37.17,0.064,,,
37.18,0.064,0.405,0.004,-0.007
37.19,0.064,,,
37.20,0.064,0.405,0.000,-0.048
37.21,0.064,,,
37.22,0.064,0.405,0.000,-0.018
37.23,0.064,,,
37.24,0.064,0.405,0.000,-0.002
37.25,0.064,,,
37.26,0.064,0.405,0.000,-0.006
37.27,0.064,,,
37.28,0.064,0.405,0.000,-0.023
37.29,0.064,,,
37.30,0.064,0.405,-0.001,-0.030
37.31,0.064,,,
37.32,0.064,0.405,-0.002,-0.018
37.33,0.064,,,
37.34,0.064,0.405,-0.002,0.007
37.35,0.064,,,
37.36,0.064,0.405,-0.001,0.008
37.37,0.064,,,
37.38,0.064,0.405,-0.001,0.001
37.39,0.064,,,
37.40,0.064,0.405,-0.001,0.008
37.41,0.064,,,
37.42,0.064,0.405,-0.001,0.011
37.43,0.064,,,
37.44,0.064,0.405,-0.001,0.007
37.45,0.064,,,
37.46,0.064,0.405,-0.002,0.049
37.47,0.064,,,
37.48,0.064,0.405,0.003,0.042
37.49,0.064,,,
37.50,0.064,0.405,0.001,0.005
37.51,0.064,,,
37.52,0.064,0.405,0.001,0.044
37.53,0.064,,,
37.54,0.064,0.405,0.005,0.000
37.55,0.064,,,
37.56,0.064,0.405,0.001,-0.064
37.57,0.064,,,
37.58,0.064,0.405,0.000,-0.064
37.59,0.064,,,
37.60,0.064,0.405,-0.001,-0.054
37.61,0.064,,,
37.62,0.064,0.405,-0.002,-0.029
37.63,0.064,,,
37.64,0.059,0.405,-0.002,-0.006
37.65,0.064,,,
37.66,0.064,0.405,-0.002,0.007
37.67,0.064,,,
37.68,0.064,0.405,-0.002,-0.001
37.69,0.064,,,
37.70,0.064,0.405,-0.003,0.050
37.71,0.064,,,
37.72,0.064,0.404,0.000,0.118
37.73,0.064,,,
37.74,0.064,0.404,0.004,0.087
37.75,0.064,,,
37.76,0.064,0.405,0.005,-0.033
37.77,0.064,,,
37.78,0.064,0.405,0.001,-0.090
37.79,0.064,,,
37.80,0.064,0.405,0.000,-0.054
37.81,0.064,,,
37.82,0.064,0.405,-0.001,-0.024
37.83,0.064,,,
37.84,0.064,0.405,-0.001,0.008
37.85,0.064,,,
37.86,0.064,0.405,0.000,0.020
37.87,0.064,,,
37.88,0.064,0.405,0.000,0.011
37.89,0.064,,,
37.90,0.064,0.405,0.000,0.019
37.91,0.064,,,
37.92,0.064,0.405,0.000,0.056
37.93,0.064,,,
37.94,0.064,0.405,0.004,0.001
37.95,0.064,,,
37.96,0.064,0.405,0.000,-0.047
37.97,0.064,,,
37.98,0.064,0.405,0.000,-0.006
37.99,0.064,,,
38.00,0.064,0.405,0.001,-0.027
38.01,0.059,,,
38.02,0.064,0.405,-0.001,-0.047
38.03,0.064,,,
38.04,0.064,0.405,-0.002,-0.020
38.05,0.064,,,
38.06,0.064,0.405,-0.001,-0.003
38.07,0.064,,,
38.08,0.064,0.405,-0.002,0.010
38.09,0.064,,,
38.10,0.064,0.404,-0.002,0.049
38.11,0.064,,,
38.12,0.064,0.405,0.000,0.070
38.13,0.064,,,
38.14,0.064,0.405,0.002,0.055
38.15,0.064,,,
38.16,0.064,0.405,0.004,-0.013
38.17,0.064,,,
38.18,0.064,0.405,0.000,-0.043
38.19,0.064,,,
38.20,0.064,0.405,0.001,-0.021
38.21,0.064,,,
38.22,0.064,0.405,0.000,-0.015
38.23,0.064,,,
38.24,0.064,0.405,0.000,-0.001
38.25,0.064,,,
38.26,0.064,0.405,0.000,0.024
38.27,0.064,,,
38.28,0.064,0.405,0.001,0.056
38.29,0.064,,,
38.30,0.064,0.405,0.004,-0.018
38.31,0.064,,,
38.32,0.064,0.405,0.000,-0.070
38.33,0.064,,,
38.34,0.064,0.405,-0.001,-0.012
38.35,0.064,,,
38.36,0.064,0.405,0.000,0.029
38.37,0.064,,,
38.38,0.064,0.405,0.001,0.025
38.39,0.064,,,
38.40,0.064,0.405,0.003,-0.066
38.41,0.064,,,
38.42,0.064,0.405,-0.003,-0.089
38.43,0.064,,,
38.44,0.064,0.405,-0.005,0.040
38.45,0.064,,,
38.46,0.064,0.405,0.000,0.109
38.47,0.064,,,
38.48,0.064,0.405,0.004,0.015
38.49,0.064,,,
38.50,0.064,0.405,0.000,-0.050
38.51,0.064,,,
38.52,0.064,0.405,-0.001,-0.024
38.53,0.064,,,
38.54,0.064,0.405,0.000,-0.015
38.55,0.064,,,
38.56,0.064,0.405,-0.001,0.004
38.57,0.064,,,
38.58,0.064,0.405,0.000,-0.002
38.59,0.064,,,
38.60,0.064,0.405,-0.001,-0.032
38.61,0.064,,,
38.62,0.064,0.405,-0.002,-0.008
38.63,0.064,,,
38.64,0.064,0.405,-0.001,0.020
38.65,0.064,,,
38.66,0.064,0.405,-0.001,0.034
38.67,0.064,,,
38.68,0.064,0.405,-0.001,0.075
38.69,0.064,,,
38.70,0.064,0.405,0.004,0.010
38.71,0.064,,,
38.72,0.064,0.405,0.000,-0.064
38.73,0.064,,,
38.74,0.064,0.405,-0.001,-0.037
38.75,0.064,,,
38.76,0.064,0.405,-0.001,-0.015
38.77,0.064,,,
38.78,0.064,0.405,-0.001,-0.007
38.79,0.064,,,
38.80,0.064,0.405,-0.002,0.014
38.81,0.064,,,
38.82,0.064,0.404,-0.001,0.046
38.83,0.064,,,
38.84,0.064,0.405,0.001,0.043
38.85,0.064,,,
38.86,0.064,0.404,0.001,0.048
38.87,0.064,,,
38.88,0.064,0.405,0.004,-0.023
38.89,0.064,,,
38.90,0.064,0.405,0.000,-0.090
38.91,0.064,,,
38.92,0.064,0.405,-0.001,-0.057
38.93,0.064,,,
38.94,0.064,0.405,-0.003,-0.016
38.95,0.064,,,
38.96,0.064,0.404,-0.002,0.027
38.97,0.064,,,
38.98,0.064,0.405,-0.001,0.029
38.99,0.064,,,
39.00,0.064,0.404,0.000,0.017
39.01,0.064,,,
39.02,0.064,0.405,-0.001,0.024
39.03,0.064,,,
39.04,0.064,0.404,0.000,0.054
39.05,0.064,,,
39.06,0.069,0.405,0.004,0.001
39.07,0.064,,,
39.08,0.064,0.405,0.000,-0.057
39.09,0.064,,,
39.10,0.064,0.405,-0.001,-0.008
39.11,0.064,,,
39.12,0.064,0.405,0.000,0.044
39.13,0.064,,,
39.14,0.064,0.404,0.002,0.045
39.15,0.064,,,
39.16,0.064,0.405,0.004,-0.061
39.17,0.064,,,
39.18,0.064,0.405,-0.002,-0.112
39.19,0.064,,,
39.20,0.064,0.405,-0.005,0.024
39.21,0.064,,,
39.22,0.064,0.404,0.000,0.130
39.23,0.064,,,
39.24,0.064,0.405,0.005,0.050
39.25,0.064,,,
39.26,0.064,0.405,0.002,-0.036
39.27,0.064,,,
39.28,0.064,0.405,0.001,-0.046
39.29,0.064,,,
39.30,0.064,0.405,0.001,-0.074
39.31,0.064,,,
39.32,0.064,0.405,-0.002,-0.074
39.33,0.064,,,
39.34,0.064,0.405,-0.004,-0.006
39.35,0.064,,,
39.36,0.064,0.404,-0.003,0.076
39.37,0.064,,,
39.38,0.064,0.405,0.000,0.101
39.39,0.064,,,
39.40,0.064,0.404,0.002,0.078
39.41,0.064,,,
39.42,0.064,0.405,0.005,-0.030
39.43,0.064,,,
39.44,0.064,0.405,0.000,-0.107
39.45,0.064,,,
39.46,0.064,0.405,-0.002,-0.065
39.47,0.059,,,
39.48,0.064,0.405,-0.002,-0.004
39.49,0.064,,,
39.50,0.064,0.404,-0.001,0.045
39.51,0.064,,,
39.52,0.064,0.405,0.000,0.056
39.53,0.064,,,
39.54,0.064,0.405,0.000,0.069
39.55,0.064,,,
39.56,0.064,0.405,0.004,0.007
39.57,0.064,,,
39.58,0.064,0.405,0.001,-0.065
39.59,0.064,,,
39.60,0.064,0.405,0.000,-0.052
39.61,0.064,,,
39.62,0.064,0.405,-0.001,-0.037
39.63,0.064,,,
39.64,0.064,0.405,-0.002,-0.007
39.65,0.064,,,
39.66,0.064,0.405,-0.001,0.014
39.67,0.064,,,
39.68,0.064,0.405,-0.002,0.051
39.69,0.064,,,
39.70,0.064,0.405,0.002,0.032
39.71,0.064,,,
39.72,0.064,0.405,0.001,-0.031
39.73,0.064,,,
39.74,0.064,0.405,-0.001,-0.031
39.75,0.064,,,
39.76,0.064,0.405,-0.001,-0.007
39.77,0.064,,,
39.78,0.064,0.405,-0.001,0.027
39.79,0.064,,,
39.80,0.064,0.405,0.002,-0.009
39.81,0.064,,,
39.82,0.064,0.405,-0.002,-0.023
39.83,0.064,,,
39.84,0.064,0.404,-0.001,0.015
39.85,0.059,,,
39.86,0.064,0.405,0.000,0.003
39.87,0.064,,,
39.88,0.064,0.404,-0.001,-0.008
39.89,0.064,,,
39.90,0.064,0.405,-0.001,-0.007
39.91,0.064,,,
39.92,0.064,0.404,-0.001,0.011
39.93,0.064,,,
39.94,0.064,0.405,-0.001,0.039
39.95,0.064,,,
39.96,0.064,0.404,0.001,0.044
39.97,0.064,,,
39.98,0.064,0.405,0.003,-0.033
39.99,0.064,,,
40.00,0.069,0.405,-0.001,-0.075
40.01,0.064,,,
40.02,0.064,0.405,-0.003,0.016
40.03,0.064,,,
40.04,0.064,0.404,0.001,0.059
40.05,0.064,,,
40.06,0.064,0.405,0.002,-0.016
40.07,0.064,,,
40.08,0.064,0.405,-0.001,-0.047
40.09,0.064,,,
40.10,0.064,0.404,-0.001,-0.009
40.11,0.064,,,
40.12,0.064,0.405,-0.001,0.016
40.13,0.064,,,
40.14,0.064,0.404,0.000,0.029
40.15,0.064,,,
40.16,0.059,0.405,0.000,0.032
40.17,0.064,,,
40.18,0.064,0.404,0.001,0.049
40.19,0.064,,,
40.20,0.064,0.405,0.004,-0.022
40.21,0.064,,,
40.22,0.064,0.405,-0.001,-0.074
40.23,0.064,,,
40.24,0.064,0.404,-0.001,-0.028
40.25,0.064,,,
40.26,0.064,0.405,-0.001,-0.018
40.27,0.064,,,
40.28,0.064,0.404,-0.002,-0.006
40.29,0.064,,,
40.30,0.064,0.405,-0.001,0.021
40.31,0.064,,,
40.32,0.059,0.404,-0.001,0.044
40.33,0.064,,,
40.34,0.064,0.405,0.000,0.065
40.35,0.064,,,
40.36,0.064,0.404,0.001,0.091
40.37,0.064,,,
40.38,0.064,0.405,0.006,0.020
40.39,0.064,,,
40.40,0.064,0.405,0.004,-0.113
40.41,0.064,,,
40.42,0.064,0.405,-0.001,-0.143
40.43,0.064,,,
40.44,0.064,0.405,-0.004,-0.054
40.45,0.064,,,
40.46,0.064,0.404,-0.003,0.035
40.47,0.064,,,
40.48,0.064,0.405,-0.002,0.064
40.49,0.064,,,
40.50,0.064,0.404,-0.001,0.100
40.51,0.064,,,
40.52,0.064,0.405,0.004,0.031
40.53,0.064,,,
40.54,0.064,0.405,0.001,-0.058
40.55,0.064,,,
40.56,0.064,0.405,0.000,-0.064
40.57,0.064,,,
40.58,0.064,0.405,-0.002,-0.050
40.59,0.064,,,
40.60,0.064,0.404,-0.003,0.013
40.61,0.064,,,
40.62,0.064,0.405,-0.001,0.066
40.63,0.064,,,
40.64,0.064,0.404,0.001,0.079
40.65,0.064,,,
40.66,0.064,0.405,0.004,-0.003
40.67,0.064,,,
40.68,0.064,0.405,0.000,-0.078
40.69,0.064,,,
40.70,0.064,0.405,-0.001,-0.047
40.71,0.064,,,
40.72,0.064,0.405,-0.002,0.003
40.73,0.064,,,
40.74,0.064,0.404,0.000,0.022
40.75,0.064,,,
40.76,0.064,0.405,0.000,0.008
40.77,0.064,,,
40.78,0.064,0.404,0.000,0.013
40.79,0.064,,,
40.80,0.064,0.405,0.000,0.040
40.81,0.064,,,
40.82,0.064,0.404,0.001,0.066
40.83,0.064,,,
40.84,0.064,0.405,0.005,-0.013
40.85,0.064,,,
40.86,0.064,0.405,0.000,-0.081
40.87,0.059,,,
40.88,0.064,0.405,-0.001,-0.055
40.89,0.064,,,
40.90,0.064,0.405,-0.001,-0.044
40.91,0.064,,,
40.92,0.064,0.404,-0.003,-0.018
40.93,0.064,,,
40.94,0.064,0.405,-0.003,0.019
40.95,0.064,,,
40.96,0.064,0.404,-0.002,0.048
40.97,0.064,,,
40.98,0.064,0.405,0.000,0.039
40.99,0.064,,,
41.00,0.064,0.404,0.001,0.001
41.01,0.064,,,
41.02,0.064,0.405,-0.001,-0.007
41.03,0.064,,,
41.04,0.064,0.404,-0.001,0.030
41.05,0.064,,,
41.06,0.064,0.404,0.002,0.011
41.07,0.064,,,
41.08,0.064,0.405,0.001,-0.042
41.09,0.064,,,
41.10,0.064,0.405,-0.001,-0.023
41.11,0.064,,,
41.12,0.064,0.404,-0.002,0.051
41.13,0.064,,,
41.14,0.064,0.404,0.003,0.053
41.15,0.064,,,
41.16,0.064,0.405,0.002,0.000
41.17,0.064,,,
41.18,0.064,0.404,0.000,0.024
41.19,0.064,,,
41.20,0.064,0.405,0.004,-0.018
41.21,0.064,,,
41.22,0.064,0.405,0.001,-0.084
41.23,0.064,,,
41.24,0.064,0.405,-0.001,-0.069
41.25,0.064,,,
41.26,0.064,0.405,-0.003,-0.033
41.27,0.064,,,
41.28,0.064,0.404,-0.003,0.016
41.29,0.064,,,
41.30,0.064,0.405,-0.002,0.048
41.31,0.064,,,
41.32,0.064,0.404,-0.001,0.098
41.33,0.064,,,
41.34,0.064,0.404,0.004,0.047
41.35,0.064,,,
41.36,0.064,0.405,0.002,-0.068
41.37,0.059,,,
41.38,0.064,0.404,-0.001,-0.083
41.39,0.064,,,
41.40,0.064,0.405,-0.002,-0.039
41.41,0.064,,,
41.42,0.064,0.404,-0.002,0.017
41.43,0.059,,,
41.44,0.064,0.405,-0.001,0.032
41.45,0.064,,,
41.46,0.064,0.404,-0.001,0.054
41.47,0.064,,,
41.48,0.064,0.404,0.001,0.087
41.49,0.064,,,
41.50,0.064,0.404,0.004,0.054
41.51,0.064,,,
41.52,0.064,0.405,0.005,-0.072
41.53,0.064,,,
41.54,0.064,0.405,-0.001,-0.104
41.55,0.064,,,
41.56,0.064,0.404,-0.001,-0.036
41.57,0.064,,,
41.58,0.064,0.405,-0.002,-0.003
41.59,0.064,,,
41.60,0.064,0.404,-0.001,0.026
41.61,0.064,,,
41.62,0.064,0.405,-0.001,0.041
41.63,0.064,,,
41.64,0.064,0.404,0.000,0.065
41.65,0.064,,,
41.66,0.064,0.405,0.004,0.005
41.67,0.064,,,
41.68,0.064,0.405,0.000,-0.054
41.69,0.064,,,
41.70,0.064,0.405,0.000,-0.021
41.71,0.064,,,
41.72,0.064,0.405,0.000,0.006
41.73,0.064,,,
41.74,0.064,0.405,0.000,0.007
41.75,0.064,,,
41.76,0.064,0.405,0.001,-0.049
41.77,0.064,,,
41.78,0.064,0.405,-0.002,-0.089
41.79,0.064,,,
41.80,0.064,0.405,-0.005,-0.014
41.81,0.064,,,
41.82,0.064,0.404,-0.002,0.067
41.83,0.064,,,
41.84,0.064,0.405,-0.001,0.080
41.85,0.064,,,
41.86,0.064,0.404,0.000,0.098
41.87,0.064,,,
41.88,0.064,0.404,0.005,0.018
41.89,0.059,,,
41.90,0.064,0.405,0.002,-0.090
41.91,0.064,,,
41.92,0.064,0.405,-0.001,-0.090
41.93,0.064,,,
41.94,0.064,0.405,-0.003,-0.030
41.95,0.064,,,
41.96,0.064,0.404,-0.002,0.052
41.97,0.064,,,
41.98,0.064,0.405,0.000,0.074
41.99,0.064,,,
42.00,0.064,0.404,0.001,0.069
42.01,0.064,,,
42.02,0.064,0.405,0.005,-0.002
42.03,0.064,,,
42.04,0.064,0.405,0.001,-0.077
42.05,0.064,,,
42.06,0.064,0.405,-0.001,-0.061
42.07,0.064,,,
42.08,0.064,0.405,-0.001,-0.026
42.09,0.064,,,
42.10,0.064,0.405,-0.001,-0.005
42.11,0.064,,,
42.12,0.064,0.405,-0.001,0.000
42.13,0.064,,,
42.14,0.064,0.404,-0.001,0.011
42.15,0.064,,,
42.16,0.064,0.405,-0.001,0.028
42.17,0.064,,,
42.18,0.064,0.404,0.000,0.030
42.19,0.064,,,
42.20,0.064,0.405,0.002,-0.026
42.21,0.064,,,
42.22,0.064,0.405,-0.002,-0.052
42.23,0.064,,,
42.24,0.064,0.404,-0.003,0.024
42.25,0.064,,,
42.26,0.064,0.404,0.000,0.092
42.27,0.064,,,
42.28,0.064,0.404,0.004,0.027
42.29,0.064,,,
42.30,0.064,0.405,0.001,-0.046
42.31,0.064,,,
42.32,0.064,0.404,0.000,-0.018
42.33,0.064,,,
42.34,0.064,0.405,0.000,0.015
42.35,0.064,,,
42.36,0.064,0.404,0.001,0.027
42.37,0.064,,,
42.38,0.064,0.405,0.003,-0.049
42.39,0.059,,,
42.40,0.064,0.405,-0.002,-0.067
42.41,0.064,,,
42.42,0.064,0.404,-0.002,-0.002
42.43,0.064,,,
42.44,0.064,0.405,-0.002,0.042
42.45,0.064,,,
42.46,0.064,0.404,0.001,0.061
42.47,0.064,,,
42.48,0.064,0.405,0.001,0.031
42.49,0.064,,,
42.50,0.064,0.404,0.001,0.024
42.51,0.064,,,
42.52,0.064,0.405,0.004,-0.047
42.53,0.064,,,
42.54,0.064,0.405,-0.001,-0.083
42.55,0.064,,,
42.56,0.064,0.404,-0.002,-0.025
42.57,0.064,,,
42.58,0.064,0.405,-0.002,0.002
42.59,0.064,,,
42.60,0.064,0.404,-0.001,0.008
42.61,0.064,,,
42.62,0.064,0.405,-0.001,-0.006
42.63,0.064,,,
42.64,0.064,0.404,-0.002,0.007
42.65,0.059,,,
42.66,0.064,0.405,-0.001,0.025
42.67,0.064,,,
42.68,0.064,0.404,0.000,0.016
42.69,0.064,,,
42.70,0.064,0.405,-0.001,0.018
42.71,0.064,,,
42.72,0.064,0.404,0.000,0.030
42.73,0.064,,,
42.74,0.064,0.405,0.003,-0.040
42.75,0.064,,,
42.76,0.064,0.405,-0.003,-0.057
42.77,0.064,,,
42.78,0.064,0.404,-0.003,0.056
42.79,0.064,,,
42.80,0.064,0.404,0.002,0.078
42.81,0.064,,,
42.82,0.064,0.404,0.002,0.015
42.83,0.064,,,
42.84,0.064,0.404,0.002,-0.057
42.85,0.064,,,
42.86,0.064,0.405,-0.001,-0.083
42.87,0.064,,,
42.88,0.064,0.404,-0.002,-0.047
42.89,0.064,,,
42.90,0.064,0.405,-0.003,0.007
42.91,0.064,,,
42.92,0.064,0.404,-0.001,0.038
42.93,0.064,,,
42.94,0.064,0.405,-0.001,0.024
42.95,0.064,,,
42.96,0.064,0.404,0.000,0.018
42.97,0.064,,,
42.98,0.064,0.404,0.000,0.013
42.99,0.064,,,
43.00,0.064,0.404,-0.001,0.048
43.01,0.064,,,
43.02,0.064,0.404,0.004,0.017
43.03,0.064,,,
43.04,0.064,0.405,0.001,-0.056
43.05,0.064,,,
43.06,0.064,0.404,-0.001,-0.026
43.07,0.064,,,
43.08,0.064,0.404,0.000,0.011
43.09,0.064,,,
43.10,0.064,0.404,0.000,0.013
43.11,0.064,,,
43.12,0.064,0.405,0.000,0.017
43.13,0.064,,,
43.14,0.064,0.404,0.000,0.038
43.15,0.064,,,
43.16,0.064,0.404,0.003,-0.007
43.17,0.064,,,
43.18,0.064,0.405,0.000,-0.047
43.19,0.064,,,
43.20,0.064,0.404,-0.001,-0.017
43.21,0.064,,,
43.22,0.064,0.404,0.000,-0.012
43.23,0.064,,,
43.24,0.064,0.404,0.000,-0.044
43.25,0.064,,,
43.26,0.064,0.405,-0.003,-0.027
43.27,0.064,,,
43.28,0.064,0.404,-0.002,0.025
43.29,0.064,,,
43.30,0.064,0.404,-0.001,0.025
43.31,0.064,,,
43.32,0.064,0.404,-0.001,0.015
43.33,0.064,,,
43.34,0.064,0.404,-0.001,0.032
43.35,0.064,,,
43.36,0.064,0.404,0.000,0.068
43.37,0.064,,,
43.38,0.064,0.404,0.004,0.005
43.39,0.064,,,
43.40,0.064,0.405,0.002,-0.111
43.41,0.064,,,
43.42,0.064,0.404,-0.004,-0.070
43.43,0.064,,,
43.44,0.064,0.404,-0.004,0.077
43.45,0.064,,,
43.46,0.064,0.404,0.002,0.114
43.47,0.064,,,
43.48,0.064,0.404,0.004,0.000
43.49,0.064,,,
43.50,0.064,0.405,0.000,-0.060
43.51,0.064,,,
43.52,0.064,0.404,0.000,-0.045
43.53,0.064,,,
43.54,0.064,0.405,-0.001,-0.029
43.55,0.064,,,
43.56,0.064,0.404,-0.001,-0.015
43.57,0.064,,,
43.58,0.064,0.405,-0.001,-0.007
43.59,0.064,,,
43.60,0.064,0.404,-0.003,0.075
43.61,0.064,,,
43.62,0.069,0.404,0.003,0.094
43.63,0.064,,,
43.64,0.064,0.404,0.003,-0.002
43.65,0.064,,,
43.66,0.064,0.404,0.002,-0.064
43.67,0.064,,,
43.68,0.064,0.405,-0.001,-0.048
43.69,0.064,,,
43.70,0.064,0.404,0.000,-0.009
43.71,0.064,,,
43.72,0.064,0.405,-0.001,-0.003
43.73,0.064,,,
43.74,0.064,0.404,-0.001,0.019
43.75,0.064,,,
43.76,0.064,0.405,0.000,0.034
43.77,0.064,,,
43.78,0.064,0.404,0.000,0.046
43.79,0.064,,,
43.80,0.064,0.404,0.004,-0.017
43.81,0.064,,,
43.82,0.064,0.405,0.000,-0.083
43.83,0.064,,,
43.84,0.064,0.404,-0.001,-0.056
43.85,0.064,,,
43.86,0.064,0.405,-0.003,-0.011
43.87,0.064,,,
43.88,0.064,0.404,-0.003,0.077
43.89,0.064,,,
43.90,0.064,0.404,0.003,0.054
43.91,0.064,,,
43.92,0.064,0.405,0.002,-0.072
43.93,0.064,,,
43.94,0.064,0.404,-0.004,-0.026
43.95,0.064,,,
43.96,0.064,0.404,-0.001,0.089
43.97,0.064,,,
43.98,0.064,0.404,0.004,0.032
43.99,0.064,,,
44.00,0.064,0.405,0.001,-0.053
44.01,0.064,,,
44.02,0.064,0.404,-0.001,-0.054
44.03,0.064,,,
44.04,0.064,0.405,-0.002,-0.019
44.05,0.064,,,
44.06,0.064,0.404,-0.002,0.034
44.07,0.064,,,
44.08,0.064,0.404,0.000,0.064
44.09,0.064,,,
44.10,0.064,0.404,0.001,0.067
44.11,0.064,,,
44.12,0.064,0.404,0.004,-0.012
44.13,0.064,,,
44.14,0.064,0.405,0.000,-0.052
44.15,0.064,,,
44.16,0.064,0.404,0.001,-0.030
44.17,0.064,,,
44.18,0.064,0.405,0.000,-0.046
44.19,0.064,,,
44.20,0.064,0.404,-0.001,-0.044
44.21,0.064,,,
44.22,0.064,0.405,-0.003,-0.012
44.23,0.064,,,
44.24,0.064,0.404,-0.002,0.052
44.25,0.064,,,
44.26,0.064,0.404,0.000,0.077
44.27,0.064,,,
44.28,0.064,0.404,0.001,0.069
44.29,0.064,,,
44.30,0.064,0.404,0.004,-0.001
44.31,0.064,,,
44.32,0.064,0.405,0.001,-0.054
44.33,0.064,,,
44.34,0.064,0.404,0.001,-0.039
44.35,0.064,,,
44.36,0.064,0.405,0.000,-0.033
44.37,0.064,,,
44.38,0.064,0.404,-0.001,-0.016
44.39,0.064,,,
44.40,0.064,0.405,-0.001,0.005
44.41,0.064,,,
44.42,0.064,0.404,0.000,0.025
44.43,0.064,,,
44.44,0.064,0.405,0.000,0.019
44.45,0.064,,,
44.46,0.064,0.404,-0.001,0.042
44.47,0.064,,,
44.48,0.064,0.404,0.004,-0.004
44.49,0.064,,,
44.50,0.064,0.405,0.000,-0.071
44.51,0.064,,,
44.52,0.064,0.404,-0.002,-0.009
44.53,0.064,,,
44.54,0.064,0.404,0.000,0.042
44.55,0.064,,,
44.56,0.064,0.404,0.002,0.004
44.57,0.059,,,
44.58,0.064,0.405,0.000,-0.035
44.59,0.064,,,
44.60,0.064,0.404,-0.001,-0.013
44.61,0.064,,,
44.62,0.064,0.405,-0.001,0.023
44.63,0.064,,,
44.64,0.064,0.404,-0.001,0.076
44.65,0.064,,,
44.66,0.064,0.404,0.004,0.032
44.67,0.064,,,
44.68,0.064,0.405,0.001,-0.045
44.69,0.064,,,
44.70,0.064,0.404,0.000,-0.037
44.71,0.064,,,
44.72,0.064,0.405,0.000,-0.033
44.73,0.064,,,
44.74,0.064,0.404,-0.001,-0.032
44.75,0.064,,,
44.76,0.064,0.405,-0.002,-0.012
44.77,0.064,,,
44.78,0.064,0.404,-0.001,0.023
44.79,0.064,,,
44.80,0.064,0.405,-0.001,0.048
44.81,0.064,,,
44.82,0.064,0.404,0.000,0.079
44.83,0.059,,,
44.84,0.064,0.404,0.004,0.019
44.85,0.064,,,
44.86,0.064,0.405,0.001,-0.063
44.87,0.064,,,
44.88,0.064,0.404,0.000,-0.058
44.89,0.059,,,
44.90,0.064,0.405,-0.001,-0.029
44.91,0.064,,,
44.92,0.064,0.404,-0.001,-0.008
44.93,0.064,,,
44.94,0.064,0.405,-0.001,-0.012
44.95,0.064,,,
44.96,0.064,0.404,-0.002,0.000
44.97,0.064,,,
44.98,0.064,0.404,-0.002,0.025
44.99,0.064,,,
45.00,0.064,0.404,0.000,0.040
45.01,0.064,,,
45.02,0.064,0.404,0.001,0.017
45.03,0.064,,,
45.04,0.069,0.404,-0.001,0.040
45.05,0.064,,,
45.06,0.064,0.404,0.003,0.048
45.07,0.064,,,
45.08,0.064,0.405,0.002,-0.013
45.09,0.064,,,
45.10,0.064,0.404,0.001,-0.032
45.11,0.064,,,
45.12,0.064,0.405,0.002,-0.087
45.13,0.064,,,
45.14,0.064,0.405,-0.003,-0.095
45.15,0.064,,,
45.16,0.064,0.404,-0.004,0.017
45.17,0.064,,,
45.18,0.064,0.404,-0.001,0.067
45.19,0.064,,,
45.20,0.064,0.404,0.000,0.042
45.21,0.064,,,
45.22,0.064,0.404,0.000,0.030
45.23,0.064,,,
45.24,0.064,0.404,0.002,-0.012
45.25,0.064,,,
45.26,0.064,0.405,-0.001,-0.034
45.27,0.064,,,
45.28,0.064,0.404,0.000,-0.012
45.29,0.064,,,
45.30,0.064,0.405,-0.001,0.000
45.31,0.064,,,
45.32,0.064,0.404,-0.002,0.067
45.33,0.064,,,
45.34,0.064,0.404,0.004,0.042
45.35,0.064,,,
45.36,0.064,0.405,0.002,-0.059
45.37,0.064,,,
45.38,0.064,0.404,-0.001,-0.051
45.39,0.064,,,
45.40,0.064,0.404,0.000,-0.032
45.41,0.064,,,
45.42,0.064,0.404,-0.003,0.011
45.43,0.064,,,
45.44,0.064,0.404,-0.001,0.092
45.45,0.064,,,
45.46,0.064,0.404,0.003,0.092
45.47,0.064,,,
45.48,0.064,0.404,0.005,-0.019
45.49,0.064,,,
45.50,0.064,0.405,0.001,-0.079
45.51,0.064,,,
45.52,0.064,0.404,0.000,-0.056
45.53,0.064,,,
45.54,0.064,0.405,-0.001,-0.044
45.55,0.064,,,
45.56,0.064,0.404,-0.002,-0.026
45.57,0.059,,,
45.58,0.064,0.405,-0.002,0.011
45.59,0.064,,,
45.60,0.064,0.404,-0.002,0.090
45.61,0.064,,,
45.62,0.064,0.404,0.003,0.085
45.63,0.064,,,
45.64,0.064,0.404,0.003,0.010
45.65,0.064,,,
45.66,0.064,0.404,0.003,-0.044
45.67,0.064,,,
45.68,0.064,0.405,0.000,-0.062
45.69,0.064,,,
45.70,0.064,0.404,-0.001,-0.036
45.71,0.064,,,
45.72,0.064,0.405,-0.001,-0.019
45.73,0.064,,,
45.74,0.064,0.404,-0.001,-0.020
45.75,0.064,,,
45.76,0.064,0.405,-0.002,-0.014
45.77,0.064,,,
45.78,0.064,0.404,-0.002,0.025
45.79,0.064,,,
45.80,0.064,0.404,0.000,0.034
45.81,0.064,,,
45.82,0.064,0.404,0.000,0.013
45.83,0.064,,,
45.84,0.064,0.405,-0.001,0.014
45.85,0.064,,,
45.86,0.064,0.404,0.000,0.043
45.87,0.064,,,
45.88,0.064,0.404,0.003,-0.019
45.89,0.064,,,
45.90,0.064,0.405,-0.001,-0.065
45.91,0.064,,,
45.92,0.064,0.404,-0.002,0.002
45.93,0.064,,,
45.94,0.064,0.404,-0.001,0.054
45.95,0.064,,,
45.96,0.064,0.404,0.000,0.099
45.97,0.064,,,
45.98,0.064,0.404,0.005,0.042
45.99,0.064,,,
46.00,0.064,0.405,0.003,-0.078
46.01,0.064,,,
46.02,0.064,0.405,0.000,-0.115
46.03,0.064,,,
46.04,0.064,0.405,-0.003,-0.059
46.05,0.064,,,
46.06,0.064,0.404,-0.002,0.014
46.07,0.064,,,
46.08,0.064,0.405,-0.001,0.031
46.09,0.064,,,
46.10,0.064,0.404,-0.001,0.033
46.11,0.064,,,
46.12,0.064,0.404,0.000,0.040
46.13,0.064,,,
46.14,0.064,0.404,0.000,0.057
46.15,0.064,,,
46.16,0.064,0.404,0.004,-0.018
46.17,0.064,,,
46.18,0.064,0.405,0.000,-0.079
46.19,0.064,,,
46.20,0.064,0.404,-0.002,-0.031
46.21,0.064,,,
46.22,0.064,0.405,-0.001,-0.003
46.23,0.064,,,
46.24,0.064,0.404,-0.001,-0.007
46.25,0.064,,,
46.26,0.064,0.405,-0.001,-0.019
46.27,0.064,,,
46.28,0.064,0.404,-0.002,0.013
46.29,0.059,,,
46.30,0.064,0.404,-0.001,0.049
46.31,0.064,,,
46.32,0.064,0.404,-0.001,0.092
46.33,0.064,,,
46.34,0.064,0.404,0.004,0.059
46.35,0.064,,,
46.36,0.064,0.405,0.003,-0.048
46.37,0.064,,,
46.38,0.064,0.404,0.001,-0.084
46.39,0.064,,,
46.40,0.064,0.405,-0.001,-0.056
46.41,0.064,,,
46.42,0.064,0.404,-0.002,0.009
46.43,0.064,,,
46.44,0.064,0.404,-0.001,0.052
46.45,0.064,,,
46.46,0.064,0.404,0.001,0.064
46.47,0.064,,,
46.48,0.064,0.404,0.003,0.004
46.49,0.064,,,
46.50,0.064,0.405,0.000,-0.041
46.51,0.064,,,
46.52,0.064,0.404,0.001,-0.043
46.53,0.064,,,
46.54,0.064,0.405,-0.001,-0.043
46.55,0.064,,,
46.56,0.064,0.404,-0.002,0.003
46.57,0.064,,,
46.58,0.064,0.405,-0.001,0.042
46.59,0.064,,,
46.60,0.064,0.404,0.000,0.052
46.61,0.069,,,
46.62,0.064,0.404,0.004,-0.042
46.63,0.064,,,
46.64,0.064,0.405,-0.002,-0.103
46.65,0.064,,,
46.66,0.064,0.404,-0.005,0.018
46.67,0.064,,,
46.68,0.064,0.404,0.000,0.110
46.69,0.064,,,
46.70,0.064,0.404,0.003,0.038
46.71,0.064,,,
46.72,0.064,0.405,0.001,-0.039
46.73,0.064,,,
46.74,0.064,0.404,0.000,-0.047
46.75,0.064,,,
46.76,0.064,0.405,-0.001,-0.028
46.77,0.064,,,
46.78,0.064,0.404,-0.001,-0.001
46.79,0.064,,,
46.80,0.064,0.404,-0.001,0.005
46.81,0.064,,,
46.82,0.064,0.404,-0.001,0.019
46.83,0.064,,,
46.84,0.064,0.404,0.000,0.037
46.85,0.064,,,
46.86,0.064,0.404,0.000,0.060
46.87,0.064,,,
46.88,0.064,0.404,0.004,-0.001
46.89,0.064,,,
46.90,0.064,0.405,0.000,-0.062
46.91,0.064,,,
46.92,0.064,0.404,0.000,-0.045
46.93,0.064,,,
46.94,0.064,0.405,-0.002,-0.016
46.95,0.064,,,
46.96,0.064,0.404,-0.001,0.023
46.97,0.064,,,
46.98,0.064,0.404,0.000,0.046
46.99,0.064,,,
47.00,0.064,0.404,0.000,0.074
47.01,0.064,,,
47.02,0.064,0.404,0.005,0.010
47.03,0.064,,,
47.04,0.064,0.405,0.002,-0.107
47.05,0.064,,,
47.06,0.064,0.405,-0.003,-0.086
47.07,0.064,,,
47.08,0.064,0.404,-0.004,0.038
47.09,0.064,,,
47.10,0.064,0.404,0.001,0.071
47.11,0.064,,,
47.12,0.064,0.404,0.003,-0.043
47.13,0.064,,,
47.14,0.064,0.405,-0.002,-0.101
47.15,0.064,,,
47.16,0.064,0.404,-0.005,-0.010
47.17,0.064,,,
47.18,0.069,0.404,-0.002,0.070
47.19,0.064,,,
47.20,0.059,0.404,-0.001,0.091
47.21,0.059,,,
47.22,0.064,0.404,0.002,0.088
47.23,0.064,,,
47.24,0.064,0.404,0.005,-0.018
47.25,0.064,,,
47.26,0.064,0.405,0.000,-0.095
47.27,0.064,,,
47.28,0.064,0.404,-0.001,-0.059
47.29,0.064,,,
47.30,0.064,0.404,-0.002,-0.011
47.31,0.064,,,
47.32,0.064,0.404,-0.001,0.032
47.33,0.064,,,
47.34,0.064,0.404,0.000,0.054
47.35,0.064,,,
47.36,0.064,0.404,0.001,0.062
47.37,0.064,,,
47.38,0.064,0.404,0.004,-0.026
47.39,0.064,,,
47.40,0.064,0.405,-0.001,-0.083
47.41,0.064,,,
47.42,0.064,0.404,-0.002,-0.005
47.43,0.064,,,
47.44,0.064,0.404,0.000,0.033
47.45,0.064,,,
47.46,0.064,0.404,0.001,0.000
47.47,0.064,,,
47.48,0.064,0.404,-0.001,0.003
47.49,0.064,,,
47.50,0.064,0.404,0.000,0.041
47.51,0.064,,,
47.52,0.064,0.404,0.003,-0.037
47.53,0.064,,,
47.54,0.064,0.404,-0.001,-0.110
47.55,0.064,,,
47.56,0.064,0.404,-0.005,-0.013
47.57,0.064,,,
47.58,0.064,0.404,-0.002,0.086
47.59,0.064,,,
47.60,0.064,0.404,0.001,0.062
47.61,0.064,,,
47.62,0.064,0.404,0.001,0.021
47.63,0.059,,,
47.64,0.064,0.404,0.002,-0.014
47.65,0.064,,,
47.66,0.064,0.404,0.000,-0.028
47.67,0.064,,,
47.68,0.064,0.404,-0.001,0.023
47.69,0.064,,,
47.70,0.064,0.404,0.003,-0.025
47.71,0.064,,,
47.72,0.064,0.404,-0.001,-0.108
47.73,0.064,,,
47.74,0.064,0.404,-0.005,-0.017
47.75,0.064,,,
47.76,0.064,0.404,-0.003,0.127
47.77,0.064,,,
47.78,0.064,0.404,0.004,0.098
47.79,0.064,,,
47.80,0.064,0.404,0.003,-0.003
47.81,0.064,,,
47.82,0.064,0.404,0.001,-0.001
47.83,0.064,,,
47.84,0.064,0.404,0.004,-0.032
47.85,0.064,,,
47.86,0.064,0.404,0.000,-0.060
47.87,0.064,,,
47.88,0.064,0.404,-0.001,-0.021
47.89,0.064,,,
47.90,0.064,0.404,0.000,-0.009
47.91,0.064,,,
47.92,0.064,0.404,0.000,-0.020
47.93,0.064,,,
47.94,0.064,0.404,-0.002,-0.012
47.95,0.064,,,
47.96,0.064,0.404,-0.001,0.007
47.97,0.064,,,
47.98,0.064,0.404,-0.001,0.003
47.99,0.064,,,
48.00,0.064,0.404,-0.001,-0.009
48.01,0.064,,,
48.02,0.064,0.404,-0.001,-0.011
48.03,0.064,,,
48.04,0.064,0.404,-0.002,0.014
48.05,0.064,,,
48.06,0.064,0.404,-0.001,0.043
48.07,0.059,,,
48.08,0.064,0.404,0.000,0.055
48.09,0.064,,,
48.10,0.064,0.404,0.003,0.000
48.11,0.064,,,
48.12,0.064,0.404,-0.001,-0.026
48.13,0.064,,,
48.14,0.064,0.404,0.001,-0.002
48.15,0.064,,,
48.16,0.064,0.404,0.001,-0.047
48.17,0.064,,,
48.18,0.064,0.404,-0.002,-0.044
48.19,0.064,,,
48.20,0.064,0.404,-0.002,0.013
48.21,0.064,,,
48.22,0.064,0.404,-0.001,0.045
48.23,0.064,,,
48.24,0.064,0.404,0.001,0.022
48.25,0.064,,,
48.26,0.064,0.404,0.000,-0.019
48.27,0.064,,,
48.28,0.064,0.404,-0.001,-0.010
48.29,0.064,,,
48.30,0.064,0.404,-0.001,0.019
48.31,0.064,,,
48.32,0.064,0.404,0.000,0.034
48.33,0.064,,,
48.34,0.064,0.404,0.001,0.015
48.35,0.064,,,
48.36,0.064,0.404,0.000,0.015
48.37,0.064,,,
48.38,0.064,0.404,0.003,-0.027
48.39,0.064,,,
48.40,0.064,0.404,-0.001,-0.064
48.41,0.064,,,
48.42,0.064,0.404,-0.001,-0.017
48.43,0.064,,,
48.44,0.064,0.404,-0.001,0.022
48.45,0.064,,,
48.46,0.064,0.404,-0.001,0.050
48.47,0.064,,,
48.48,0.064,0.404,0.002,0.012
48.49,0.064,,,
48.50,0.064,0.404,0.001,-0.063
48.51,0.064,,,
48.52,0.064,0.404,-0.003,-0.017
48.53,0.064,,,
48.54,0.064,0.404,-0.001,0.087
48.55,0.064,,,
48.56,0.064,0.404,0.004,0.032
48.57,0.064,,,
48.58,0.064,0.404,0.001,-0.057
48.59,0.064,,,
48.60,0.069,0.404,0.000,-0.059
48.61,0.064,,,
48.62,0.064,0.404,-0.002,-0.040
48.63,0.064,,,
48.64,0.064,0.404,-0.002,-0.008
48.65,0.064,,,
48.66,0.064,0.404,-0.002,0.005
48.67,0.064,,,
48.68,0.069,0.404,-0.002,0.040
48.69,0.064,,,
48.70,0.064,0.404,0.000,0.074
48.71,0.064,,,
48.72,0.064,0.404,0.002,0.061
48.73,0.064,,,
48.74,0.064,0.404,0.005,-0.057
48.75,0.064,,,
48.76,0.064,0.404,-0.002,-0.127
48.77,0.064,,,
48.78,0.064,0.404,-0.004,-0.017
48.79,0.064,,,
48.80,0.064,0.404,-0.002,0.089
48.81,0.064,,,
48.82,0.064,0.404,0.001,0.106
48.83,0.064,,,
48.84,0.064,0.404,0.004,0.009
48.85,0.064,,,
48.86,0.064,0.404,0.001,-0.073
48.87,0.064,,,
48.88,0.064,0.404,0.000,-0.061
48.89,0.064,,,
48.90,0.064,0.404,-0.001,-0.034
48.91,0.064,,,
48.92,0.064,0.404,-0.002,0.019
48.93,0.064,,,
48.94,0.064,0.404,-0.001,0.067
48.95,0.064,,,
48.96,0.064,0.404,0.001,0.084
48.97,0.064,,,
48.98,0.064,0.404,0.005,0.009
48.99,0.064,,,
49.00,0.064,0.404,0.001,-0.068
49.01,0.064,,,
49.02,0.064,0.404,0.000,-0.070
49.03,0.064,,,
49.04,0.064,0.404,-0.002,-0.050
49.05,0.064,,,
49.06,0.064,0.404,-0.002,-0.005
49.07,0.064,,,
49.08,0.064,0.404,-0.001,0.016
49.09,0.064,,,
49.10,0.064,0.404,-0.001,0.021
49.11,0.064,,,
49.12,0.064,0.404,-0.001,0.020
49.13,0.064,,,
49.14,0.064,0.404,0.000,0.012
49.15,0.064,,,
49.16,0.064,0.404,-0.001,0.020
49.17,0.064,,,
49.18,0.064,0.404,0.000,0.049
49.19,0.064,,,
49.20,0.064,0.404,0.003,0.002
49.21,0.064,,,
49.22,0.064,0.404,0.000,-0.049
49.23,0.064,,,
49.24,0.064,0.404,-0.001,-0.022
49.25,0.064,,,
49.26,0.064,0.404,-0.001,0.000
49.27,0.064,,,
49.28,0.064,0.404,0.000,0.012
49.29,0.064,,,
49.30,0.064,0.404,0.000,0.025
49.31,0.059,,,
49.32,0.064,0.404,0.000,0.057
49.33,0.064,,,
49.34,0.064,0.404,0.004,0.023
49.35,0.064,,,
49.36,0.064,0.404,0.001,-0.022
49.37,0.064,,,
49.38,0.064,0.404,0.002,-0.026
49.39,0.064,,,
49.40,0.064,0.404,0.002,-0.078
49.41,0.064,,,
49.42,0.064,0.404,-0.002,-0.082
49.43,0.064,,,
49.44,0.064,0.404,-0.004,0.025
49.45,0.064,,,
49.46,0.064,0.404,-0.001,0.101
49.47,0.064,,,
49.48,0.064,0.404,0.004,0.012
49.49,0.064,,,
49.50,0.064,0.404,0.000,-0.083
49.51,0.064,,,
49.52,0.064,0.404,-0.004,-0.001
49.53,0.064,,,
49.54,0.064,0.404,0.000,0.087
49.55,0.059,,,
49.56,0.064,0.404,0.004,-0.001
49.57,0.064,,,
49.58,0.064,0.404,-0.001,-0.064
49.59,0.064,,,
49.60,0.064,0.404,-0.002,-0.014
49.61,0.064,,,
49.62,0.064,0.404,-0.001,0.007
49.63,0.064,,,
49.64,0.064,0.404,-0.001,0.009
49.65,0.064,,,
49.66,0.064,0.404,0.000,0.007
49.67,0.064,,,
49.68,0.064,0.404,-0.001,0.012
49.69,0.064,,,
49.70,0.064,0.404,0.000,0.036
49.71,0.064,,,
49.72,0.064,0.404,0.001,0.057
49.73,0.064,,,
49.74,0.064,0.404,0.004,-0.012
49.75,0.064,,,
49.76,0.064,0.404,0.000,-0.074
49.77,0.064,,,
49.78,0.064,0.404,-0.001,-0.046
49.79,0.064,,,
49.80,0.064,0.404,-0.002,0.004
49.81,0.064,,,
49.82,0.064,0.404,-0.001,0.052
49.83,0.064,,,
49.84,0.064,0.404,0.001,0.060
49.85,0.064,,,
49.86,0.064,0.404,0.002,0.059
49.87,0.064,,,
49.88,0.064,0.404,0.005,-0.019
49.89,0.064,,,
49.90,0.064,0.404,0.001,-0.087
49.91,0.064,,,
49.92,0.064,0.404,-0.001,-0.055
49.93,0.064,,,
49.94,0.064,0.404,-0.002,-0.012
49.95,0.064,,,
49.96,0.064,0.404,-0.001,0.010
49.97,0.064,,,
49.98,0.064,0.404,0.000,-0.007
49.99,0.064,,,
50.00,0.064,0.404,-0.002,0.014
50.01,0.064,,,
50.02,0.064,0.404,-0.001,0.058
50.03,0.064,,,
50.04,0.064,0.404,0.001,0.071
50.05,0.064,,,
50.06,0.064,0.404,0.004,-0.005
50.07,0.064,,,
50.08,0.064,0.404,0.001,-0.094
50.09,0.064,,,
50.10,0.064,0.404,-0.002,-0.068
50.11,0.064,,,
50.12,0.064,0.404,-0.003,0.015
50.13,0.064,,,
50.14,0.064,0.404,0.000,0.056
50.15,0.064,,,
50.16,0.064,0.404,0.001,0.046
50.17,0.064,,,
50.18,0.064,0.404,0.001,0.050
50.19,0.064,,,
50.20,0.064,0.404,0.004,-0.005
50.21,0.064,,,
50.22,0.064,0.404,0.001,-0.062
50.23,0.064,,,
50.24,0.064,0.404,0.000,-0.062
50.25,0.064,,,
50.26,0.064,0.404,-0.002,-0.022
50.27,0.064,,,
50.28,0.064,0.404,-0.001,0.022
50.29,0.064,,,
50.30,0.064,0.404,0.000,0.002
50.31,0.064,,,
50.32,0.064,0.404,-0.001,0.007
50.33,0.064,,,
50.34,0.064,0.404,-0.001,0.052
50.35,0.064,,,
50.36,0.064,0.404,0.001,0.078
50.37,0.064,,,
50.38,0.069,0.404,0.005,-0.005
50.39,0.064,,,
50.40,0.064,0.405,0.001,-0.083
50.41,0.064,,,
50.42,0.064,0.404,-0.001,-0.053
50.43,0.064,,,
50.44,0.064,0.404,-0.001,-0.016
50.45,0.064,,,
50.46,0.064,0.404,-0.001,0.016
50.47,0.064,,,
50.48,0.064,0.404,-0.001,0.041
50.49,0.064,,,
50.50,0.064,0.404,0.000,0.083
50.51,0.064,,,
50.52,0.064,0.404,0.005,0.044
50.53,0.064,,,
50.54,0.064,0.405,0.003,-0.043
50.55,0.064,,,
50.56,0.064,0.404,0.001,-0.049
50.57,0.064,,,
50.58,0.064,0.405,0.001,-0.041
50.59,0.064,,,
50.60,0.064,0.404,-0.001,-0.038
50.61,0.064,,,
50.62,0.064,0.405,-0.001,-0.033
50.63,0.064,,,
50.64,0.064,0.404,-0.001,-0.043
50.65,0.064,,,
50.66,0.064,0.405,-0.003,-0.027
50.67,0.064,,,
50.68,0.064,0.404,-0.004,0.052
50.69,0.064,,,
50.70,0.064,0.404,-0.001,0.114
50.71,0.064,,,
50.72,0.064,0.404,0.003,0.081
50.73,0.064,,,
50.74,0.064,0.404,0.004,-0.024
50.75,0.064,,,
50.76,0.064,0.405,0.000,-0.061
50.77,0.064,,,
50.78,0.064,0.404,0.000,-0.021
50.79,0.064,,,
50.80,0.064,0.405,-0.001,0.022
50.81,0.064,,,
50.82,0.064,0.404,0.001,0.048
50.83,0.064,,,
50.84,0.064,0.405,0.004,-0.039
50.85,0.064,,,
50.86,0.064,0.405,-0.001,-0.091
50.87,0.064,,,
50.88,0.064,0.404,-0.004,0.012
50.89,0.064,,,
50.90,0.064,0.404,0.000,0.084
50.91,0.064,,,
50.92,0.064,0.404,0.003,0.003
50.93,0.064,,,
50.94,0.064,0.405,0.000,-0.064
50.95,0.064,,,
50.96,0.064,0.404,-0.002,-0.023
50.97,0.064,,,
50.98,0.064,0.405,-0.001,0.013
50.99,0.064,,,
51.00,0.064,0.404,-0.001,0.037
51.01,0.064,,,
51.02,0.059,0.404,0.000,0.065
51.03,0.064,,,
51.04,0.064,0.404,0.002,0.064
51.05,0.064,,,
51.06,0.064,0.405,0.005,-0.035
51.07,0.064,,,
51.08,0.064,0.405,0.000,-0.103
51.09,0.064,,,
51.10,0.064,0.404,-0.002,-0.056
51.11,0.064,,,
51.12,0.064,0.405,-0.002,-0.010
51.13,0.064,,,
51.14,0.064,0.404,-0.001,-0.002
51.15,0.064,,,
51.16,0.064,0.405,-0.002,-0.011
51.17,0.064,,,
51.18,0.064,0.404,-0.002,-0.002
51.19,0.064,,,
51.20,0.064,0.405,-0.002,0.003
51.21,0.064,,,
51.22,0.064,0.404,-0.002,0.034
51.23,0.064,,,
51.24,0.064,0.404,-0.001,0.067
51.25,0.064,,,
51.26,0.064,0.404,0.001,0.057
51.27,0.064,,,
51.28,0.064,0.404,0.004,-0.034
51.29,0.064,,,
51.30,0.064,0.405,-0.001,-0.082
51.31,0.064,,,
51.32,0.064,0.404,-0.002,-0.024
51.33,0.064,,,
51.34,0.064,0.404,-0.001,0.009
51.35,0.064,,,
51.36,0.064,0.404,-0.001,0.024
51.37,0.064,,,
51.38,0.064,0.404,-0.001,0.047
51.39,0.064,,,
51.40,0.064,0.404,0.001,0.066
51.41,0.064,,,
51.42,0.064,0.404,0.004,-0.009
51.43,0.064,,,
51.44,0.064,0.405,0.000,-0.076
51.45,0.064,,,
51.46,0.064,0.404,-0.001,-0.061
51.47,0.064,,,
51.48,0.064,0.404,-0.002,-0.032
51.49,0.064,,,
51.50,0.064,0.404,-0.002,0.014
51.51,0.064,,,
51.52,0.064,0.404,-0.001,0.029
51.53,0.064,,,
51.54,0.064,0.404,-0.001,0.035
51.55,0.064,,,
51.56,0.064,0.404,0.000,0.057
51.57,0.064,,,
51.58,0.064,0.404,0.001,0.073
51.59,0.064,,,
51.60,0.064,0.404,0.005,-0.014
51.61,0.064,,,
51.62,0.059,0.404,0.000,-0.089
51.63,0.064,,,
51.64,0.064,0.404,-0.001,-0.060
51.65,0.064,,,
51.66,0.059,0.404,-0.002,-0.012
51.67,0.064,,,
51.68,0.064,0.404,-0.001,0.032
51.69,0.064,,,
51.70,0.064,0.404,0.000,0.050
51.71,0.064,,,
51.72,0.064,0.404,0.000,0.078
51.73,0.064,,,
51.74,0.064,0.404,0.005,0.008
51.75,0.064,,,
51.76,0.064,0.405,0.001,-0.069
51.77,0.064,,,
51.78,0.064,0.404,0.000,-0.057
51.79,0.064,,,
51.80,0.064,0.405,-0.001,-0.035
51.81,0.064,,,
51.82,0.064,0.404,-0.001,0.004
51.83,0.064,,,
51.84,0.064,0.404,-0.001,0.039
51.85,0.064,,,
51.86,0.064,0.404,0.000,0.073
51.87,0.064,,,
51.88,0.064,0.404,0.004,0.001
51.89,0.064,,,
51.90,0.064,0.405,0.000,-0.067
51.91,0.064,,,
51.92,0.064,0.404,-0.001,-0.043
51.93,0.064,,,
51.94,0.064,0.404,-0.001,-0.027
51.95,0.064,,,
51.96,0.064,0.404,-0.002,-0.019
51.97,0.064,,,
51.98,0.064,0.404,-0.002,-0.005
51.99,0.064,,,
52.00,0.064,0.404,-0.002,0.025
52.01,0.064,,,
52.02,0.064,0.404,-0.001,0.041
52.03,0.064,,,
52.04,0.064,0.404,-0.001,0.060
52.05,0.064,,,
52.06,0.064,0.404,0.003,0.000
52.07,0.064,,,
52.08,0.064,0.404,-0.001,-0.038
52.09,0.064,,,
52.10,0.064,0.404,-0.001,0.018
52.11,0.064,,,
52.12,0.064,0.404,0.001,0.024
52.13,0.064,,,
52.14,0.064,0.404,0.000,0.023
52.15,0.064,,,
52.16,0.064,0.404,0.003,-0.052
52.17,0.064,,,
52.18,0.064,0.404,-0.001,-0.127
52.19,0.064,,,
52.20,0.064,0.404,-0.006,-0.027
52.21,0.064,,,
52.22,0.064,0.404,-0.003,0.094
52.23,0.064,,,
52.24,0.064,0.404,0.001,0.075
52.25,0.064,,,
52.26,0.064,0.404,0.000,0.036
52.27,0.064,,,
52.28,0.064,0.404,0.001,0.059
52.29,0.064,,,
52.30,0.064,0.404,0.005,-0.006
52.31,0.064,,,
52.32,0.064,0.404,0.001,-0.072
52.33,0.064,,,
52.34,0.064,0.404,0.000,-0.053
52.35,0.064,,,
52.36,0.064,0.404,-0.001,-0.033
52.37,0.064,,,
52.38,0.064,0.404,-0.002,0.008
52.39,0.064,,,
52.40,0.064,0.404,-0.001,0.035
52.41,0.064,,,
52.42,0.064,0.404,0.000,0.043
52.43,0.064,,,
52.44,0.064,0.404,0.003,-0.015
52.45,0.064,,,
52.46,0.064,0.404,-0.001,-0.062
52.47,0.064,,,
52.48,0.064,0.404,-0.003,0.012
52.49,0.064,,,
52.50,0.064,0.404,0.000,0.058
52.51,0.064,,,
52.52,0.064,0.404,0.002,-0.011
52.53,0.059,,,
52.54,0.064,0.404,0.000,-0.076
52.55,0.064,,,
52.56,0.064,0.404,-0.004,0.001
52.57,0.064,,,
52.58,0.064,0.404,-0.001,0.108
52.59,0.064,,,
52.60,0.064,0.404,0.003,0.109
52.61,0.064,,,
52.62,0.064,0.404,0.006,-0.004
52.63,0.064,,,
52.64,0.064,0.404,0.003,-0.126
52.65,0.064,,,
52.66,0.064,0.404,-0.002,-0.109
52.67,0.064,,,
52.68,0.064,0.404,-0.004,0.011
52.69,0.064,,,
52.70,0.064,0.404,0.000,0.046
52.71,0.064,,,
52.72,0.064,0.404,0.000,0.002
52.73,0.064,,,
52.74,0.064,0.404,-0.001,0.002
52.75,0.064,,,
52.76,0.064,0.404,-0.001,0.024
52.77,0.064,,,
52.78,0.064,0.404,0.000,0.057
52.79,0.064,,,
52.80,0.064,0.404,0.004,0.002
52.81,0.064,,,
52.82,0.064,0.404,0.000,-0.062
52.83,0.064,,,
52.84,0.064,0.404,-0.001,-0.040
52.85,0.064,,,
52.86,0.064,0.404,-0.001,-0.010
52.87,0.064,,,
52.88,0.064,0.404,-0.001,0.015
52.89,0.064,,,
52.90,0.064,0.404,0.000,0.009
52.91,0.064,,,
52.92,0.064,0.404,0.000,-0.010
52.93,0.064,,,
52.94,0.064,0.404,-0.001,-0.008
52.95,0.064,,,
52.96,0.064,0.404,-0.002,0.049
52.97,0.064,,,
52.98,0.064,0.404,0.002,0.067
52.99,0.064,,,
53.00,0.064,0.404,0.002,0.034
53.01,0.064,,,
53.02,0.064,0.404,0.003,-0.005
53.03,0.064,,,
53.04,0.064,0.404,0.003,-0.096
53.05,0.064,,,
53.06,0.064,0.404,-0.002,-0.139
53.07,0.064,,,
53.08,0.064,0.404,-0.006,-0.037
53.09,0.064,,,
53.10,0.064,0.404,-0.003,0.076
53.11,0.064,,,
53.12,0.064,0.404,-0.001,0.097
53.13,0.064,,,
53.14,0.064,0.404,0.001,0.086
53.15,0.064,,,
53.16,0.064,0.404,0.004,-0.010
53.17,0.064,,,
53.18,0.064,0.404,0.000,-0.085
53.19,0.064,,,
53.20,0.064,0.404,-0.001,-0.067
53.21,0.064,,,
53.22,0.064,0.404,-0.003,-0.015
53.23,0.064,,,
53.24,0.064,0.404,-0.001,0.031
53.25,0.064,,,
53.26,0.064,0.404,0.000,0.012
53.27,0.064,,,
53.28,0.064,0.404,-0.002,0.017
53.29,0.064,,,
53.30,0.064,0.404,-0.001,0.058
53.31,0.064,,,
53.32,0.064,0.404,0.001,0.073
53.33,0.064,,,
53.34,0.064,0.404,0.005,-0.017
53.35,0.064,,,
53.36,0.064,0.404,0.000,-0.072
53.37,0.064,,,
53.38,0.064,0.404,-0.001,-0.015
53.39,0.064,,,
53.40,0.064,0.404,0.000,0.011
53.41,0.064,,,
53.42,0.064,0.404,0.000,0.018
53.43,0.064,,,
53.44,0.064,0.404,0.002,-0.052
53.45,0.064,,,
53.46,0.064,0.404,-0.002,-0.094
53.47,0.064,,,
53.48,0.064,0.404,-0.005,0.027
53.49,0.064,,,
53.50,0.064,0.404,-0.001,0.118
53.51,0.064,,,
53.52,0.064,0.404,0.004,0.037
53.53,0.064,,,
53.54,0.064,0.404,0.001,-0.054
53.55,0.064,,,
53.56,0.064,0.404,-0.001,-0.050
53.57,0.064,,,
53.58,0.064,0.404,-0.002,-0.015
53.59,0.064,,,
53.60,0.064,0.404,-0.001,0.027
53.61,0.064,,,
53.62,0.064,0.404,0.000,0.049
53.63,0.064,,,
53.64,0.064,0.404,0.000,0.069
53.65,0.064,,,
53.66,0.064,0.404,0.004,0.008
53.67,0.064,,,
53.68,0.064,0.404,0.001,-0.060
53.69,0.064,,,
53.70,0.064,0.404,0.000,-0.040
53.71,0.064,,,
53.72,0.064,0.404,-0.001,-0.001
53.73,0.064,,,
53.74,0.064,0.404,0.000,0.036
53.75,0.064,,,
53.76,0.064,0.404,0.002,-0.015
53.77,0.064,,,
53.78,0.064,0.404,-0.001,-0.058
53.79,0.064,,,
53.80,0.069,0.404,-0.002,-0.026
53.81,0.064,,,
53.82,0.064,0.404,-0.001,0.002
53.83,0.064,,,
53.84,0.064,0.404,-0.002,0.026
53.85,0.064,,,
53.86,0.064,0.404,-0.001,0.051
53.87,0.064,,,
53.88,0.064,0.404,0.002,0.017
53.89,0.064,,,
53.90,0.064,0.404,0.000,-0.021
53.91,0.064,,,
53.92,0.064,0.404,0.000,-0.004
53.93,0.064,,,
53.94,0.064,0.404,0.000,0.023
53.95,0.064,,,
53.96,0.064,0.404,0.001,0.053
53.97,0.064,,,
53.98,0.064,0.404,0.004,-0.017
53.99,0.064,,,
54.00,0.064,0.404,-0.001,-0.059
54.01,0.064,,,
54.02,0.064,0.404,-0.001,-0.003
54.03,0.064,,,
54.04,0.064,0.404,0.001,-0.002
54.05,0.064,,,
54.06,0.064,0.404,0.000,-0.007
54.07,0.064,,,
54.08,0.064,0.404,-0.001,0.018
54.09,0.064,,,
54.10,0.064,0.404,0.000,0.040
54.11,0.064,,,
54.12,0.064,0.404,0.003,-0.033
54.13,0.064,,,
54.14,0.064,0.404,-0.002,-0.048
54.15,0.064,,,
54.16,0.064,0.404,-0.001,0.028
54.17,0.064,,,
54.18,0.064,0.404,0.001,0.021
54.19,0.064,,,
54.20,0.064,0.404,0.001,-0.012
54.21,0.064,,,
54.22,0.064,0.404,0.000,-0.024
54.23,0.064,,,
54.24,0.064,0.404,-0.001,-0.011
54.25,0.064,,,
54.26,0.064,0.404,-0.001,0.023
54.27,0.064,,,
54.28,0.064,0.404,-0.001,0.081
54.29,0.064,,,
54.30,0.064,0.404,0.005,0.030
54.31,0.064,,,
54.32,0.064,0.404,0.001,-0.057
54.33,0.059,,,
54.34,0.064,0.404,0.000,-0.054
54.35,0.064,,,
54.36,0.064,0.404,-0.001,-0.039
54.37,0.064,,,
54.38,0.064,0.404,-0.001,-0.017
54.39,0.064,,,
54.40,0.064,0.404,-0.001,-0.010
54.41,0.064,,,
54.42,0.064,0.404,-0.002,0.017
54.43,0.064,,,
54.44,0.064,0.404,-0.001,0.061
54.45,0.064,,,
54.46,0.064,0.404,0.001,0.093
54.47,0.064,,,
54.48,0.064,0.404,0.005,0.031
54.49,0.064,,,
54.50,0.064,0.404,0.002,-0.050
54.51,0.064,,,
54.52,0.064,0.404,0.001,-0.072
54.53,0.064,,,
54.54,0.064,0.404,-0.001,-0.063
54.55,0.064,,,
54.56,0.064,0.404,-0.002,-0.016
54.57,0.064,,,
54.58,0.064,0.404,-0.002,0.020
54.59,0.069,,,
54.60,0.064,0.404,-0.001,0.043
54.61,0.064,,,
54.62,0.064,0.404,0.001,0.038
54.63,0.064,,,
54.64,0.064,0.404,0.000,0.059
54.65,0.064,,,
54.66,0.064,0.404,0.004,0.013
54.67,0.064,,,
54.68,0.064,0.404,0.001,-0.067
54.69,0.064,,,
54.70,0.064,0.404,-0.001,-0.049
54.71,0.064,,,
54.72,0.064,0.404,-0.001,-0.025
54.73,0.064,,,
54.74,0.069,0.404,-0.001,-0.034
54.75,0.064,,,
54.76,0.064,0.404,-0.003,-0.018
54.77,0.064,,,
54.78,0.064,0.404,-0.002,0.048
54.79,0.064,,,
54.80,0.064,0.404,0.000,0.075
54.81,0.064,,,
54.82,0.064,0.404,0.001,0.068
54.83,0.064,,,
54.84,0.064,0.404,0.004,-0.013
54.85,0.064,,,
54.86,0.064,0.404,0.000,-0.080
54.87,0.064,,,
54.88,0.064,0.404,-0.001,-0.045
54.89,0.064,,,
54.90,0.064,0.404,-0.001,-0.010
54.91,0.064,,,
54.92,0.064,0.404,-0.001,-0.001
54.93,0.064,,,
54.94,0.064,0.404,-0.001,-0.010
54.95,0.064,,,
54.96,0.064,0.404,-0.002,0.016
54.97,0.064,,,
54.98,0.064,0.404,-0.001,0.057
54.99,0.064,,,
55.00,0.064,0.404,0.000,0.092
55.01,0.064,,,
55.02,0.064,0.404,0.005,0.032
55.03,0.064,,,
55.04,0.064,0.404,0.003,-0.101
55.05,0.064,,,
55.06,0.064,0.404,-0.001,-0.144
55.07,0.064,,,
55.08,0.064,0.404,-0.005,-0.044
55.09,0.064,,,
55.10,0.064,0.404,-0.003,0.071
55.11,0.064,,,
55.12,0.064,0.404,0.000,0.078
55.13,0.064,,,
55.14,0.064,0.404,0.001,0.036
55.15,0.064,,,
55.16,0.064,0.404,0.000,0.016
55.17,0.064,,,
55.18,0.064,0.404,0.001,0.039
55.19,0.059,,,
55.20,0.064,0.404,0.004,-0.004
55.21,0.064,,,
55.22,0.064,0.404,0.001,-0.050
55.23,0.064,,,
55.24,0.064,0.404,0.000,-0.043
55.25,0.064,,,
55.26,0.064,0.404,-0.001,-0.025
55.27,0.064,,,
55.28,0.064,0.404,-0.001,0.000
55.29,0.064,,,
55.30,0.064,0.404,-0.001,0.000
55.31,0.064,,,
55.32,0.064,0.404,-0.001,0.008
55.33,0.064,,,
55.34,0.064,0.404,0.000,0.015
55.35,0.064,,,
55.36,0.064,0.404,-0.001,0.029
55.37,0.064,,,
55.38,0.064,0.404,0.002,0.013
55.39,0.064,,,
55.40,0.064,0.404,0.000,-0.001
55.41,0.064,,,
55.42,0.064,0.404,0.001,0.011
55.43,0.064,,,
55.44,0.064,0.404,0.001,0.013
55.45,0.064,,,
55.46,0.064,0.404,0.002,0.009
55.47,0.064,,,
55.48,0.064,0.404,0.001,-0.004
55.49,0.064,,,
55.50,0.064,0.404,0.001,0.015
55.51,0.064,,,
55.52,0.064,0.404,0.003,-0.028
55.53,0.064,,,
55.54,0.064,0.404,-0.001,-0.065
55.55,0.064,,,
55.56,0.064,0.404,-0.001,-0.033
55.57,0.064,,,
55.58,0.059,0.404,-0.002,-0.008
55.59,0.064,,,
55.60,0.064,0.404,-0.001,0.012
55.61,0.064,,,
55.62,0.064,0.404,0.000,-0.005
55.63,0.064,,,
55.64,0.064,0.404,-0.002,-0.005
55.65,0.064,,,
55.66,0.064,0.404,-0.001,0.025
55.67,0.064,,,
55.68,0.064,0.404,0.000,0.040
55.69,0.064,,,
55.70,0.064,0.404,0.001,0.017
55.71,0.064,,,
55.72,0.064,0.404,0.001,-0.017
55.73,0.064,,,
55.74,0.064,0.404,0.000,-0.031
55.75,0.064,,,
55.76,0.064,0.404,-0.002,0.026
55.77,0.064,,,
55.78,0.064,0.404,0.001,0.085
55.79,0.064,,,
55.80,0.064,0.404,0.005,-0.005
55.81,0.064,,,
55.82,0.064,0.404,0.001,-0.094
55.83,0.064,,,
55.84,0.064,0.404,-0.002,-0.066
55.85,0.064,,,
55.86,0.059,0.404,-0.003,0.000
55.87,0.064,,,
55.88,0.064,0.404,-0.001,0.045
55.89,0.064,,,
55.90,0.064,0.404,0.000,0.047
55.91,0.059,,,
55.92,0.064,0.404,0.001,0.043
55.93,0.064,,,
55.94,0.064,0.404,0.002,0.002
55.95,0.064,,,
55.96,0.069,0.404,0.000,-0.014
55.97,0.064,,,
55.98,0.064,0.404,0.002,-0.007
55.99,0.064,,,
56.00,0.064,0.404,0.000,-0.006
56.01,0.064,,,
56.02,0.064,0.404,0.000,0.032
56.03,0.064,,,
56.04,0.064,0.404,0.003,-0.022
56.05,0.064,,,
56.06,0.064,0.404,-0.001,-0.056
56.07,0.064,,,
56.08,0.064,0.404,-0.001,-0.013
56.09,0.064,,,
56.10,0.064,0.404,-0.001,0.006
56.11,0.064,,,
56.12,0.064,0.404,0.000,0.003
56.13,0.064,,,
56.14,0.064,0.404,-0.001,-0.005
56.15,0.064,,,
56.16,0.064,0.404,-0.001,0.017
56.17,0.064,,,
56.18,0.064,0.404,0.000,0.041
56.19,0.064,,,
56.20,0.064,0.404,0.001,0.045
56.21,0.064,,,
56.22,0.064,0.404,0.004,-0.046
56.23,0.064,,,
56.24,0.059,0.404,-0.002,-0.090
56.25,0.064,,,
56.26,0.064,0.404,-0.002,-0.034
56.27,0.064,,,
56.28,0.064,0.404,-0.003,0.007
56.29,0.064,,,
56.30,0.064,0.404,-0.001,0.025
56.31,0.064,,,
56.32,0.064,0.404,-0.001,-0.004
56.33,0.064,,,
56.34,0.064,0.404,-0.002,0.015
56.35,0.064,,,
56.36,0.064,0.404,-0.001,0.063
56.37,0.064,,,
56.38,0.064,0.404,0.001,0.070
56.39,0.064,,,
56.40,0.064,0.404,0.004,-0.019
56.41,0.064,,,
56.42,0.064,0.404,0.000,-0.079
56.43,0.064,,,
56.44,0.064,0.404,-0.001,-0.031
56.45,0.064,,,
56.46,0.064,0.404,-0.001,-0.002
56.47,0.064,,,
56.48,0.064,0.404,-0.001,0.008
56.49,0.064,,,
56.50,0.064,0.404,0.000,0.003
56.51,0.064,,,
56.52,0.064,0.404,-0.002,0.047
56.53,0.064,,,
56.54,0.064,0.404,0.003,0.035
56.55,0.064,,,
56.56,0.064,0.404,0.001,-0.043
56.57,0.064,,,
56.58,0.064,0.404,-0.001,-0.050
56.59,0.064,,,
56.60,0.064,0.404,-0.002,-0.014
56.61,0.064,,,
56.62,0.064,0.404,-0.001,0.021
56.63,0.064,,,
56.64,0.064,0.404,0.000,0.006
56.65,0.064,,,
56.66,0.064,0.404,-0.002,0.011
56.67,0.064,,,
56.68,0.064,0.404,0.000,0.048
56.69,0.064,,,
56.70,0.064,0.404,0.002,0.012
56.71,0.064,,,
56.72,0.064,0.404,0.000,-0.031
56.73,0.064,,,
56.74,0.064,0.404,-0.001,0.019
56.75,0.064,,,
56.76,0.064,0.404,0.002,0.037
56.77,0.064,,,
56.78,0.064,0.404,0.001,0.029
56.79,0.064,,,
56.80,0.064,0.404,0.002,0.050
56.81,0.064,,,
56.82,0.064,0.404,0.005,-0.025
56.83,0.064,,,
56.84,0.064,0.404,0.002,-0.119
56.85,0.064,,,
56.86,0.064,0.404,-0.002,-0.096
56.87,0.064,,,
56.88,0.064,0.404,-0.004,0.026
56.89,0.064,,,
56.90,0.064,0.404,-0.001,0.116
56.91,0.064,,,
56.92,0.064,0.404,0.004,0.037
56.93,0.064,,,
56.94,0.064,0.404,0.001,-0.050
56.95,0.064,,,
56.96,0.064,0.404,0.000,-0.054
56.97,0.064,,,
56.98,0.064,0.404,-0.001,-0.041
56.99,0.064,,,
57.00,0.064,0.404,-0.002,-0.008
57.01,0.064,,,
57.02,0.064,0.404,-0.001,0.013
57.03,0.064,,,
57.04,0.064,0.404,-0.001,0.035
57.05,0.064,,,
57.06,0.064,0.404,0.000,0.054
57.07,0.064,,,
57.08,0.064,0.404,0.001,0.072
57.09,0.064,,,
57.10,0.064,0.404,0.005,0.002
57.11,0.064,,,
57.12,0.064,0.404,0.001,-0.062
57.13,0.064,,,
57.14,0.064,0.404,0.000,-0.043
57.15,0.064,,,
57.16,0.064,0.404,-0.001,-0.029
57.17,0.064,,,
57.18,0.064,0.404,-0.001,-0.010
57.19,0.064,,,
57.20,0.064,0.404,-0.001,-0.004
57.21,0.064,,,
57.22,0.064,0.404,-0.001,-0.001
57.23,0.064,,,
57.24,0.064,0.404,-0.001,0.002
57.25,0.064,,,
57.26,0.064,0.404,-0.001,0.020
57.27,0.064,,,
57.28,0.064,0.404,0.000,0.040
57.29,0.064,,,
57.30,0.064,0.404,0.000,0.062
57.31,0.064,,,
57.32,0.064,0.404,0.004,-0.003
57.33,0.059,,,
57.34,0.064,0.404,0.000,-0.070
57.35,0.064,,,
57.36,0.064,0.404,-0.001,-0.018
57.37,0.064,,,
57.38,0.064,0.404,-0.001,0.045
57.39,0.064,,,
57.40,0.064,0.404,0.001,0.067
57.41,0.064,,,
57.42,0.064,0.404,0.004,-0.018
57.43,0.064,,,
57.44,0.064,0.404,0.000,-0.085
57.45,0.064,,,
57.46,0.064,0.404,-0.001,-0.058
57.47,0.064,,,
57.48,0.064,0.404,-0.002,-0.007
57.49,0.064,,,
57.50,0.064,0.404,-0.001,0.033
57.51,0.064,,,
57.52,0.064,0.404,0.000,0.030
57.53,0.064,,,
57.54,0.064,0.404,0.000,0.010
57.55,0.064,,,
57.56,0.064,0.404,0.000,-0.006
57.57,0.064,,,
57.58,0.064,0.404,0.000,0.005
57.59,0.064,,,
57.60,0.064,0.404,0.000,0.023
57.61,0.064,,,
57.62,0.064,0.404,0.000,0.056
57.63,0.064,,,
57.64,0.064,0.404,0.004,0.004
57.65,0.064,,,
57.66,0.064,0.405,0.001,-0.056
57.67,0.064,,,
57.68,0.064,0.404,0.000,-0.024
57.69,0.064,,,
57.70,0.064,0.405,0.000,0.003
57.71,0.064,,,
57.72,0.064,0.404,0.000,0.032
57.73,0.064,,,
57.74,0.064,0.404,0.002,0.002
57.75,0.064,,,
57.76,0.064,0.404,0.000,-0.019
57.77,0.064,,,
57.78,0.064,0.404,0.001,-0.033
57.79,0.064,,,
57.80,0.064,0.405,-0.001,-0.063
57.81,0.064,,,
57.82,0.064,0.404,-0.002,-0.031
57.83,0.064,,,
57.84,0.064,0.404,-0.002,0.011
57.85,0.064,,,
57.86,0.064,0.404,-0.002,0.047
57.87,0.064,,,
57.88,0.064,0.404,0.000,0.068
57.89,0.064,,,
57.90,0.064,0.404,0.001,0.078
57.91,0.064,,,
57.92,0.064,0.404,0.005,0.001
57.93,0.064,,,
57.94,0.064,0.405,0.001,-0.076
57.95,0.064,,,
57.96,0.064,0.404,0.000,-0.065
57.97,0.064,,,
57.98,0.064,0.405,-0.002,-0.038
57.99,0.064,,,
58.00,0.064,0.404,-0.002,0.003
58.01,0.064,,,
58.02,0.064,0.404,-0.001,0.020
58.03,0.064,,,
58.04,0.064,0.404,-0.001,0.023
58.05,0.064,,,
58.06,0.064,0.404,-0.001,0.040
58.07,0.064,,,
58.08,0.064,0.404,0.001,0.060
58.09,0.064,,,
58.10,0.064,0.404,0.003,0.000
58.11,0.064,,,
58.12,0.064,0.404,0.000,-0.052
58.13,0.064,,,
58.14,0.064,0.404,0.000,-0.050
58.15,0.064,,,
58.16,0.064,0.404,-0.002,-0.040
58.17,0.064,,,
58.18,0.064,0.404,-0.002,0.002
58.19,0.064,,,
58.20,0.064,0.404,-0.001,0.018
58.21,0.064,,,
58.22,0.064,0.404,-0.001,0.038
58.23,0.064,,,
58.24,0.064,0.404,0.000,0.064
58.25,0.064,,,
58.26,0.064,0.404,0.001,0.075
58.27,0.064,,,
58.28,0.064,0.404,0.005,-0.008
58.29,0.064,,,
58.30,0.064,0.405,0.001,-0.090
58.31,0.064,,,
58.32,0.064,0.404,-0.001,-0.060
58.33,0.064,,,
58.34,0.064,0.404,-0.001,-0.011
58.35,0.064,,,
58.36,0.064,0.404,-0.001,0.028
58.37,0.064,,,
58.38,0.064,0.404,0.000,0.053
58.39,0.064,,,
58.40,0.064,0.404,0.001,0.069
58.41,0.064,,,
58.42,0.064,0.404,0.005,-0.028
58.43,0.064,,,
58.44,0.064,0.405,0.000,-0.109
58.45,0.064,,,
58.46,0.064,0.404,-0.003,-0.050
58.47,0.064,,,
58.48,0.059,0.404,-0.002,0.004
58.49,0.064,,,
58.50,0.064,0.404,-0.001,0.023
58.51,0.064,,,
58.52,0.064,0.404,-0.001,0.022
58.53,0.064,,,
58.54,0.064,0.404,0.000,0.014
58.55,0.064,,,
58.56,0.064,0.404,-0.001,0.033
58.57,0.064,,,
58.58,0.064,0.404,0.001,0.051
58.59,0.064,,,
58.60,0.064,0.404,0.004,-0.028
58.61,0.064,,,
58.62,0.064,0.404,-0.001,-0.074
58.63,0.064,,,
58.64,0.064,0.404,-0.003,0.030
58.65,0.064,,,
58.66,0.064,0.404,0.002,0.048
58.67,0.064,,,
58.68,0.064,0.405,0.001,-0.037
58.69,0.064,,,
58.70,0.064,0.404,-0.001,-0.047
58.71,0.064,,,
58.72,0.064,0.404,-0.002,-0.011
58.73,0.064,,,
58.74,0.064,0.404,-0.001,0.016
58.75,0.064,,,
58.76,0.064,0.404,-0.001,0.032
58.77,0.064,,,
58.78,0.064,0.404,0.000,0.060
58.79,0.064,,,
58.80,0.064,0.404,0.004,-0.012
58.81,0.064,,,
58.82,0.064,0.404,-0.001,-0.053
58.83,0.064,,,
58.84,0.064,0.404,-0.001,0.016
58.85,0.064,,,
58.86,0.064,0.404,0.001,0.008
58.87,0.064,,,
58.88,0.064,0.404,0.000,-0.030
58.89,0.064,,,
58.90,0.064,0.404,-0.001,-0.034
58.91,0.064,,,
58.92,0.064,0.404,-0.002,-0.009
58.93,0.064,,,
58.94,0.064,0.404,-0.001,0.029
58.95,0.064,,,
58.96,0.064,0.404,0.000,0.029
58.97,0.064,,,
58.98,0.059,0.404,0.000,0.027
58.99,0.064,,,
59.00,0.064,0.404,0.000,0.069
59.01,0.064,,,
59.02,0.064,0.404,0.005,0.018
59.03,0.064,,,
59.04,0.064,0.404,0.002,-0.060
59.05,0.064,,,
59.06,0.064,0.404,0.000,-0.066
59.07,0.064,,,
59.08,0.064,0.405,-0.002,-0.033
59.09,0.064,,,
59.10,0.064,0.404,-0.002,0.041
59.11,0.064,,,
59.12,0.064,0.404,0.001,0.075
59.13,0.064,,,
59.14,0.064,0.404,0.002,0.065
59.15,0.064,,,
59.16,0.064,0.404,0.005,-0.025
59.17,0.064,,,
59.18,0.064,0.405,0.000,-0.083
59.19,0.064,,,
59.20,0.064,0.404,0.000,-0.048
59.21,0.064,,,
59.22,0.064,0.405,-0.001,-0.025
59.23,0.064,,,
59.24,0.064,0.404,-0.001,-0.016
59.25,0.064,,,
59.26,0.064,0.405,-0.002,0.000
59.27,0.064,,,
59.28,0.064,0.404,-0.001,0.039
59.29,0.064,,,
59.30,0.059,0.404,0.000,0.057
59.31,0.064,,,
59.32,0.064,0.404,0.001,0.057
59.33,0.064,,,
59.34,0.064,0.404,0.004,-0.032
59.35,0.059,,,
59.36,0.064,0.405,-0.001,-0.083
59.37,0.064,,,
59.38,0.064,0.404,-0.002,-0.016
59.39,0.064,,,
59.40,0.064,0.405,-0.001,0.009
59.41,0.064,,,
59.42,0.064,0.404,0.000,-0.002
59.43,0.064,,,
59.44,0.064,0.405,-0.001,0.012
59.45,0.064,,,
59.46,0.064,0.404,-0.001,0.058
59.47,0.064,,,
59.48,0.064,0.404,0.003,0.004
59.49,0.064,,,
59.50,0.064,0.405,-0.001,-0.042
59.51,0.064,,,
59.52,0.064,0.404,-0.001,-0.002
59.53,0.064,,,
59.54,0.064,0.404,0.001,-0.010
59.55,0.064,,,
59.56,0.064,0.404,-0.001,-0.016
59.57,0.064,,,
59.58,0.064,0.404,-0.002,0.032
59.59,0.064,,,
59.60,0.064,0.404,0.000,0.081
59.61,0.064,,,
59.62,0.064,0.404,0.005,-0.004
59.63,0.064,,,
59.64,0.064,0.405,0.000,-0.082
59.65,0.064,,,
59.66,0.064,0.404,-0.002,-0.030
59.67,0.064,,,
59.68,0.064,0.405,-0.001,0.033
59.69,0.064,,,
59.70,0.064,0.404,0.000,0.071
59.71,0.064,,,
59.72,0.064,0.404,0.004,-0.003
59.73,0.064,,,
59.74,0.064,0.405,0.000,-0.072
59.75,0.064,,,
59.76,0.064,0.404,-0.001,-0.046
59.77,0.064,,,
59.78,0.064,0.405,-0.002,0.003
59.79,0.064,,,
59.80,0.064,0.404,-0.001,0.076
59.81,0.064,,,
59.82,0.064,0.404,0.004,0.028
59.83,0.064,,,
59.84,0.064,0.405,0.000,-0.026
59.85,0.064,,,
59.86,0.064,0.404,0.001,0.000
59.87,0.064,,,
59.88,0.064,0.405,0.001,-0.007
59.89,0.064,,,
59.90,0.064,0.404,0.000,0.015
59.91,0.064,,,
59.92,0.064,0.405,0.002,0.011
59.93,0.064,,,
59.94,0.064,0.405,0.001,-0.026
59.95,0.064,,,
59.96,0.064,0.405,0.001,-0.065
59.97,0.064,,,
59.98,0.064,0.405,-0.002,-0.086
59.99,0.064,,,
60.00,0.064,0.405,-0.005,0.006
60.01,0.064,,,
60.02,0.064,0.404,-0.002,0.099
60.03,0.064,,,
60.04,0.064,0.404,0.003,0.036
60.05,0.064,,,
60.06,0.064,0.405,-0.001,-0.026
60.07,0.064,,,
60.08,0.064,0.404,-0.001,0.002
60.09,0.064,,,
60.10,0.064,0.405,0.000,0.026
60.11,0.064,,,
60.12,0.064,0.404,0.000,0.049
60.13,0.064,,,
60.14,0.064,0.404,0.004,-0.011
60.15,0.064,,,
60.16,0.064,0.405,-0.001,-0.048
60.17,0.064,,,
60.18,0.064,0.404,-0.001,0.025
60.19,0.064,,,
60.20,0.064,0.405,0.003,0.012
60.21,0.064,,,
60.22,0.064,0.405,0.000,-0.034
60.23,0.064,,,
60.24,0.064,0.404,0.000,-0.038
60.25,0.064,,,
60.26,0.064,0.405,-0.001,-0.027
60.27,0.064,,,
60.28,0.064,0.404,-0.001,-0.005
60.29,0.064,,,
60.30,0.064,0.405,-0.001,-0.001
60.31,0.064,,,
60.32,0.064,0.404,-0.001,0.014
60.33,0.064,,,
60.34,0.064,0.405,-0.001,0.052
60.35,0.064,,,
60.36,0.064,0.404,0.000,0.091
60.37,0.064,,,
60.38,0.064,0.404,0.005,0.008
60.39,0.064,,,
60.40,0.064,0.405,0.001,-0.070
60.41,0.064,,,
60.42,0.064,0.404,0.000,-0.041
60.43,0.064,,,
60.44,0.064,0.405,0.000,-0.029
60.45,0.064,,,
60.46,0.064,0.404,-0.001,-0.013
60.47,0.064,,,
60.48,0.064,0.405,-0.001,0.004
60.49,0.064,,,
60.50,0.064,0.404,-0.001,0.017
60.51,0.064,,,
60.52,0.064,0.405,-0.001,0.050
60.53,0.064,,,
60.54,0.064,0.404,0.001,0.076
60.55,0.064,,,
60.56,0.064,0.405,0.005,-0.012
60.57,0.064,,,
60.58,0.064,0.405,0.000,-0.079
60.59,0.064,,,
60.60,0.064,0.404,-0.001,-0.050
60.61,0.064,,,
60.62,0.064,0.405,-0.001,-0.041
60.63,0.064,,,
60.64,0.064,0.404,-0.002,-0.024
60.65,0.064,,,
60.66,0.064,0.405,-0.003,0.002
60.67,0.064,,,
60.68,0.064,0.404,-0.003,0.049
60.69,0.064,,,
60.70,0.064,0.404,-0.001,0.086
60.71,0.064,,,
60.72,0.064,0.404,0.002,0.070
60.73,0.064,,,
60.74,0.064,0.404,0.004,-0.036
60.75,0.064,,,
60.76,0.064,0.405,-0.001,-0.085
60.77,0.064,,,
60.78,0.064,0.404,-0.002,-0.003
60.79,0.064,,,
60.80,0.064,0.404,-0.001,0.062
60.81,0.064,,,
60.82,0.064,0.404,0.001,0.094
60.83,0.064,,,
60.84,0.064,0.404,0.006,0.011
60.85,0.064,,,
60.86,0.064,0.405,0.002,-0.091
60.87,0.064,,,
60.88,0.064,0.404,-0.001,-0.067
60.89,0.064,,,
60.90,0.064,0.405,-0.001,-0.002
60.91,0.064,,,
60.92,0.064,0.404,-0.001,0.056
60.93,0.064,,,
60.94,0.064,0.405,0.001,0.075
60.95,0.064,,,
60.96,0.064,0.404,0.004,0.025
60.97,0.064,,,
60.98,0.064,0.405,0.004,-0.072
60.99,0.064,,,
61.00,0.064,0.405,-0.002,-0.027
61.01,0.064,,,
61.02,0.064,0.404,0.001,0.085
61.03,0.064,,,
61.04,0.064,0.405,0.005,0.015
61.05,0.064,,,
61.06,0.064,0.405,0.002,-0.066
61.07,0.064,,,
61.08,0.064,0.405,0.001,-0.063
61.09,0.064,,,
61.10,0.064,0.405,-0.001,-0.044
61.11,0.064,,,
61.12,0.064,0.405,-0.001,-0.024
61.13,0.064,,,
61.14,0.064,0.405,-0.002,-0.009
61.15,0.064,,,
61.16,0.064,0.405,-0.002,0.028
61.17,0.064,,,
61.18,0.064,0.405,-0.001,0.055
61.19,0.064,,,
61.20,0.064,0.405,0.000,0.073
61.21,0.064,,,
61.22,0.059,0.405,0.005,-0.001
61.23,0.064,,,
61.24,0.064,0.405,0.001,-0.086
61.25,0.064,,,
61.26,0.064,0.405,-0.001,-0.062
61.27,0.064,,,
61.28,0.064,0.405,-0.002,-0.023
61.29,0.064,,,
61.30,0.064,0.405,-0.002,-0.006
61.31,0.064,,,
61.32,0.064,0.405,-0.002,-0.007
61.33,0.064,,,
61.34,0.064,0.405,-0.002,0.000
61.35,0.064,,,
61.36,0.064,0.405,-0.003,0.029
61.37,0.064,,,
61.38,0.064,0.404,-0.002,0.089
61.39,0.064,,,
61.40,0.064,0.405,0.003,0.042
61.41,0.064,,,
61.42,0.064,0.405,0.001,-0.048
61.43,0.064,,,
61.44,0.064,0.405,0.000,-0.059
61.45,0.064,,,
61.46,0.064,0.405,-0.002,-0.036
61.47,0.064,,,
61.48,0.064,0.404,-0.002,0.018
61.49,0.064,,,
61.50,0.064,0.405,-0.001,0.064
61.51,0.064,,,
61.52,0.064,0.404,0.001,0.085
61.53,0.064,,,
61.54,0.064,0.405,0.004,0.015
61.55,0.064,,,
61.56,0.064,0.405,0.002,-0.097
61.57,0.064,,,
61.58,0.064,0.405,-0.001,-0.131
61.59,0.064,,,
61.60,0.064,0.405,-0.006,-0.039
61.61,0.064,,,
61.62,0.064,0.404,-0.003,0.064
61.63,0.064,,,
61.64,0.064,0.405,-0.001,0.089
61.65,0.064,,,
61.66,0.064,0.404,0.000,0.099
61.67,0.064,,,
61.68,0.059,0.404,0.005,0.005
61.69,0.064,,,
61.70,0.064,0.405,0.001,-0.082
61.71,0.064,,,
61.72,0.064,0.404,-0.001,-0.045
61.73,0.064,,,
61.74,0.064,0.405,-0.002,0.027
61.75,0.064,,,
61.76,0.064,0.404,0.000,0.095
61.77,0.064,,,
61.78,0.064,0.405,0.005,0.025
61.79,0.064,,,
61.80,0.064,0.405,0.001,-0.068
61.81,0.064,,,
61.82,0.064,0.405,0.000,-0.055
61.83,0.064,,,
61.84,0.064,0.405,-0.001,-0.019
61.85,0.064,,,
61.86,0.064,0.404,-0.001,0.016
61.87,0.064,,,
61.88,0.064,0.405,0.000,0.026
61.89,0.064,,,
61.90,0.064,0.404,0.000,0.036
61.91,0.064,,,
61.92,0.064,0.405,0.003,-0.029
61.93,0.064,,,
61.94,0.064,0.405,-0.002,-0.062
61.95,0.064,,,
61.96,0.064,0.404,-0.001,-0.017
61.97,0.064,,,
61.98,0.064,0.405,-0.001,-0.015
61.99,0.064,,,
62.00,0.059,0.404,-0.002,-0.012
62.01,0.064,,,
62.02,0.064,0.405,-0.002,0.004
62.03,0.064,,,
62.04,0.064,0.404,-0.002,0.025
62.05,0.064,,,
62.06,0.064,0.405,-0.001,0.040
62.07,0.064,,,
62.08,0.064,0.404,-0.001,0.069
62.09,0.064,,,
62.10,0.064,0.404,0.004,0.014
62.11,0.064,,,
62.12,0.064,0.405,0.000,-0.048
62.13,0.064,,,
62.14,0.064,0.404,0.000,-0.042
62.15,0.064,,,
62.16,0.064,0.405,-0.001,-0.037
62.17,0.064,,,
62.18,0.064,0.404,-0.002,-0.007
62.19,0.064,,,
62.20,0.064,0.404,-0.001,0.010
62.21,0.064,,,
62.22,0.064,0.404,-0.001,0.022
62.23,0.064,,,
62.24,0.064,0.404,-0.001,0.042
62.25,0.064,,,
62.26,0.064,0.404,0.000,0.061
62.27,0.064,,,
62.28,0.064,0.404,0.003,0.010
62.29,0.064,,,
62.30,0.064,0.404,0.000,-0.028
62.31,0.064,,,
62.32,0.064,0.404,0.001,-0.017
62.33,0.064,,,
62.34,0.064,0.405,0.000,-0.039
62.35,0.064,,,
62.36,0.064,0.404,-0.001,-0.046
62.37,0.064,,,
62.38,0.064,0.405,-0.002,-0.027
62.39,0.064,,,
62.40,0.064,0.404,-0.002,0.026
62.41,0.064,,,
62.42,0.064,0.404,-0.001,0.061
62.43,0.064,,,
62.44,0.064,0.404,0.000,0.076
62.45,0.064,,,
62.46,0.064,0.404,0.004,-0.003
62.47,0.064,,,
62.48,0.064,0.405,0.000,-0.086
62.49,0.064,,,
62.50,0.064,0.404,-0.002,-0.047
62.51,0.064,,,
62.52,0.064,0.404,-0.002,0.015
62.53,0.064,,,
62.54,0.064,0.404,-0.001,0.056
62.55,0.064,,,
62.56,0.064,0.404,0.003,-0.022
62.57,0.064,,,
62.58,0.064,0.405,-0.001,-0.108
62.59,0.064,,,
62.60,0.064,0.404,-0.006,-0.013
62.61,0.064,,,
62.62,0.064,0.404,-0.002,0.101
62.63,0.064,,,
62.64,0.064,0.404,0.003,0.041
62.65,0.064,,,
62.66,0.064,0.404,0.000,-0.053
62.67,0.064,,,
62.68,0.064,0.404,-0.002,-0.026
62.69,0.064,,,
62.70,0.064,0.404,-0.002,0.044
62.71,0.064,,,
62.72,0.064,0.404,0.001,0.064
62.73,0.064,,,
62.74,0.064,0.404,0.001,0.049
62.75,0.064,,,
62.76,0.064,0.404,0.003,0.022
62.77,0.064,,,
62.78,0.064,0.404,0.004,-0.069
62.79,0.064,,,
62.80,0.064,0.404,-0.002,-0.080
62.81,0.064,,,
62.82,0.064,0.404,-0.001,-0.029
62.83,0.064,,,
62.84,0.064,0.404,-0.002,-0.019
62.85,0.064,,,
62.86,0.064,0.404,-0.002,0.023
62.87,0.064,,,
62.88,0.064,0.404,-0.001,0.077
62.89,0.064,,,
62.90,0.064,0.404,0.001,0.097
62.91,0.064,,,
62.92,0.064,0.404,0.005,-0.007
62.93,0.064,,,
62.94,0.064,0.404,0.001,-0.091
62.95,0.064,,,
62.96,0.064,0.404,-0.001,-0.042
62.97,0.064,,,
62.98,0.064,0.404,-0.001,0.020
62.99,0.064,,,
63.00,0.064,0.404,0.000,0.043
63.01,0.064,,,
63.02,0.064,0.404,0.003,-0.041
63.03,0.064,,,
63.04,0.064,0.404,-0.002,-0.092
63.05,0.064,,,
63.06,0.064,0.404,-0.004,0.013
63.07,0.064,,,
63.08,0.064,0.404,-0.001,0.098
63.09,0.064,,,
63.10,0.064,0.404,0.003,0.034
63.11,0.064,,,
63.12,0.064,0.404,0.001,-0.053
63.13,0.064,,,
63.14,0.064,0.404,-0.001,-0.050
63.15,0.064,,,
63.16,0.064,0.404,-0.002,0.000
63.17,0.064,,,
63.18,0.064,0.404,-0.001,0.040
63.19,0.064,,,
63.20,0.064,0.404,0.000,0.056
63.21,0.064,,,
63.22,0.064,0.404,0.001,0.069
63.23,0.064,,,
63.24,0.064,0.404,0.005,-0.018
63.25,0.064,,,
63.26,0.064,0.404,0.000,-0.089
63.27,0.059,,,
63.28,0.064,0.404,-0.001,-0.052
63.29,0.064,,,
63.30,0.064,0.404,-0.002,-0.026
63.31,0.064,,,
63.32,0.064,0.404,-0.002,-0.009
63.33,0.064,,,
63.34,0.064,0.404,-0.002,0.003
63.35,0.064,,,
63.36,0.064,0.404,-0.002,0.039
63.37,0.064,,,
63.38,0.064,0.404,0.000,0.072
63.39,0.064,,,
63.40,0.064,0.404,0.001,0.076
63.41,0.064,,,
63.42,0.064,0.404,0.005,-0.006
63.43,0.064,,,
63.44,0.064,0.404,0.001,-0.076
63.45,0.064,,,
63.46,0.064,0.404,-0.001,-0.049
63.47,0.064,,,
63.48,0.064,0.404,-0.001,-0.017
63.49,0.064,,,
63.50,0.064,0.404,-0.001,0.009
63.51,0.064,,,
63.52,0.064,0.404,-0.001,0.029
63.53,0.064,,,
63.54,0.064,0.404,0.000,0.067
63.55,0.064,,,
63.56,0.064,0.404,0.004,0.018
63.57,0.064,,,
63.58,0.064,0.404,0.001,-0.044
63.59,0.064,,,
63.60,0.064,0.404,0.000,-0.034
63.61,0.064,,,
63.62,0.064,0.404,0.000,-0.032
63.63,0.064,,,
63.64,0.064,0.404,-0.001,-0.003
63.65,0.064,,,
63.66,0.064,0.404,-0.001,0.035
63.67,0.064,,,
63.68,0.064,0.404,0.000,0.073
63.69,0.064,,,
63.70,0.064,0.404,0.004,0.012
63.71,0.064,,,
63.72,0.064,0.404,0.001,-0.073
63.73,0.064,,,
63.74,0.064,0.404,-0.001,-0.062
63.75,0.064,,,
63.76,0.064,0.404,-0.002,-0.035
63.77,0.064,,,
63.78,0.064,0.404,-0.002,0.001
63.79,0.064,,,
63.80,0.064,0.404,-0.002,0.032
63.81,0.064,,,
63.82,0.064,0.404,0.000,0.030
63.83,0.064,,,
63.84,0.064,0.404,-0.001,0.026
63.85,0.064,,,
63.86,0.064,0.404,0.000,0.059
63.87,0.064,,,
63.88,0.064,0.404,0.004,0.001
63.89,0.064,,,
63.90,0.064,0.404,0.000,-0.066
63.91,0.064,,,
63.92,0.064,0.404,-0.001,-0.043
63.93,0.064,,,
63.94,0.064,0.404,-0.001,-0.023
63.95,0.064,,,
63.96,0.064,0.404,-0.002,-0.003
63.97,0.064,,,
63.98,0.064,0.404,-0.001,0.015
63.99,0.064,,,
64.00,0.064,0.404,-0.001,0.046
64.01,0.064,,,
64.02,0.064,0.404,0.000,0.076
64.03,0.064,,,
64.04,0.064,0.404,0.003,0.048
64.05,0.064,,,
64.06,0.064,0.404,0.005,-0.085
64.07,0.064,,,
64.08,0.064,0.404,-0.003,-0.111
64.09,0.064,,,
64.10,0.064,0.404,-0.003,-0.001
64.11,0.064,,,
64.12,0.064,0.404,-0.001,0.043
64.13,0.064,,,
64.14,0.064,0.404,0.000,0.043
64.15,0.064,,,
64.16,0.064,0.404,0.000,0.031
64.17,0.064,,,
64.18,0.064,0.404,0.000,0.046
64.19,0.064,,,
64.20,0.064,0.404,0.004,0.000
64.21,0.064,,,
64.22,0.064,0.404,0.001,-0.056
64.23,0.064,,,
64.24,0.064,0.404,0.000,-0.029
64.25,0.064,,,
64.26,0.064,0.404,-0.001,0.009
64.27,0.064,,,
64.28,0.064,0.404,0.000,0.040
64.29,0.064,,,
64.30,0.064,0.404,0.003,-0.014
64.31,0.064,,,
64.32,0.064,0.404,-0.001,-0.066
64.33,0.064,,,
64.34,0.064,0.404,-0.001,-0.066
64.35,0.064,,,
64.36,0.064,0.404,-0.003,-0.045
64.37,0.064,,,
64.38,0.064,0.404,-0.005,0.056
64.39,0.064,,,
64.40,0.064,0.404,0.000,0.108
64.41,0.064,,,
64.42,0.064,0.404,0.003,0.024
64.43,0.064,,,
64.44,0.064,0.404,0.000,-0.037
64.45,0.064,,,
64.46,0.064,0.404,-0.001,-0.014
64.47,0.064,,,
64.48,0.064,0.404,0.000,0.019
64.49,0.064,,,
64.50,0.064,0.404,0.000,0.039
64.51,0.064,,,
64.52,0.064,0.404,0.004,-0.060
64.53,0.064,,,
64.54,0.064,0.404,-0.001,-0.200
64.55,0.064,,,
64.56,,0.404,-0.008,-0.275
